batter,name,stand,stratum,log_prior_pa,level_query,woba_level
444482,David Peralta,L,high,8.284756593190435,0.32197630600058297,0.335932104997476
453568,Charlie Blackmon,L,high,8.54772239645106,0.3185840609711392,0.3645409390764454
455117,Martín Maldonado,R,high,8.034955024502159,0.28649563705246717,0.2748765392093324
456781,Donovan Solano,R,high,7.403061091090091,0.3232736636865705,0.3269390243902438
457705,Andrew Mccutchen,R,high,8.475120414994329,0.34610675290845927,0.344365533069059
457759,Justin Turner,R,high,8.414274137408396,0.35412404282722404,0.3658578713968958
467793,Carlos Santana,L,high,8.591929537530255,0.3521043875618861,0.3364403192871728
493329,Yuli Gurriel,R,high,8.196161139282902,0.3391150772579984,0.3267862658576944
500743,Miguel Rojas,R,high,8.105609402299896,0.3088429807140382,0.2941065821256038
501303,Ehire Adrianza,L,medium,7.247792581767846,0.29955515023814805,0.2910220797720798
502054,Tommy Pham,R,high,8.264878262801748,0.35251400842914005,0.3405607621009269
502110,J. D. Martinez,R,high,8.489410810403786,0.3674673324124214,0.3794479638009049
502671,Paul Goldschmidt,R,high,8.629628620746026,0.36006652117708066,0.3845861637468716
514888,José Altuve,R,high,8.532081803909987,0.32021287106616036,0.3735559716200236
516782,Starling Marte,R,high,8.364275084991524,0.3212322734406504,0.339476923076923
518595,Travis D'Arnaud,R,high,7.8050670442584895,0.33114318598735926,0.3202744698205546
518692,Freddie Freeman,L,high,8.59007183682881,0.3662843751787766,0.3936317649246791
518735,Yasmani Grandal,L,high,8.257385655730436,0.3286338863216628,0.3367608300907911
518792,Jason Heyward,L,high,8.242229891372231,0.32548211568771146,0.316209112457203
518934,Dj Lemahieu,R,high,8.545391845774915,0.35516776711437636,0.3440276157137301
519203,Anthony Rizzo,L,high,8.532278828834277,0.35296325778983995,0.3647085714285714
519317,Giancarlo Stanton,R,high,8.231908243564177,0.3669775959651529,0.3613661522086215
521692,Salvador Pérez,R,high,8.292047637431354,0.34843027585544234,0.3224893510398396
527038,Wilmer Flores,R,high,8.193676665955241,0.32473495014366294,0.3313928670168647
541645,Avisaíl García,R,high,8.22389538017882,0.31796786642511493,0.3159957081545064
542194,Christian Bethancourt,R,medium,6.9411900550683745,0.30238504045119674,0.2726979670861568
542303,Marcell Ozuna,R,high,8.415603335654604,0.3700947490989917,0.3434010186005314
542364,Rafael Ortega,L,medium,7.144407180321139,0.30357148776602977,0.2984976303317535
542932,Jon Berti,R,medium,7.342131730584722,0.31585047473847483,0.3118146467919637
542963,Rob Brantly,L,low,4.61512051684126,0.244893612791809,0.25419
543063,Brandon Crawford,L,high,8.383890344101816,0.3056516057445885,0.3133385142857143
543228,Yan Gomes,R,high,8.013343181386672,0.3049425808785978,0.2967274834437086
543257,Robbie Grossman,L,high,8.187021067343505,0.32426216216705694,0.3234252713609797
543305,Aaron Hicks,L,high,8.01862546504575,0.3236826421491512,0.3234963768115942
543309,Kyle Higashioka,R,medium,6.825460036255307,0.3222040636099792,0.2767445652173912
543510,James Mccann,R,high,8.02322468471667,0.30019816271354705,0.2921911475409836
543685,Anthony Rendon,R,high,8.211482916445066,0.36963200667484397,0.3650040738728951
543760,Marcus Semien,R,high,8.609590040682205,0.3356942466681274,0.3332841510122196
543807,George Springer,R,high,8.47782846789396,0.34804588464756836,0.358866000832293
543877,Christian Vázquez,R,high,7.928766321626696,0.31050656402413834,0.2979693693693693
545121,Ildemaro Vargas,L,medium,6.785587645007929,0.2942730888242393,0.2830260180995475
545341,Randal Grichuk,R,high,8.327967858305488,0.3372775801584741,0.3234493594392071
545361,Mike Trout,R,high,8.34924780056679,0.3933129487256406,0.4224439185991481
547180,Bryce Harper,L,high,8.486940148245216,0.3676029637698174,0.3937018556701031
547989,José Abreu,R,high,8.600982717145921,0.3543495461157702,0.3513627667402502
553869,Elías Díaz,R,high,7.679713639966372,0.31064270484642775,0.299708275543227
553882,Omar Narváez,L,medium,7.703007682479236,0.29847299614456535,0.3151955736224028
553993,Eugenio Suárez,R,high,8.52456594574565,0.33036030411201434,0.3404833200953137
570482,Gio Urshela,R,high,7.768956044538332,0.3322372787412968,0.3204346723044397
571448,Nolan Arenado,R,high,8.591929537530255,0.3441814616896955,0.37058288472248
571466,Tucker Barnhart,L,high,7.9672801789422,0.27953804727163367,0.2951106102635229
571657,Kyle Farmer,R,high,7.517520850603031,0.2973679507100489,0.3079238716693855
571745,Mitch Haniger,R,high,7.884576510596324,0.33128149709545074,0.3390331450094162
571771,Enrique Hernández,R,high,8.117312461601975,0.3297338167127394,0.3095138764547896
571912,Luke Maile,R,medium,6.993932975223189,0.28540131177675065,0.2658448117539027
571970,Max Muncy,L,high,8.09559870137819,0.3497866504413867,0.3526672766087221
572138,Jon Singleton,L,low,5.099866427824199,0.3051934188940005,0.2598220858895705
572191,Michael Taylor,R,high,8.041412909393047,0.2952828630502806,0.294730199613651
572233,Christian Walker,R,high,7.8961806086154915,0.3491528013486369,0.3383183172002978
572761,Matt Carpenter,L,high,8.239593454305968,0.33841059939844387,0.352679957750198
573262,Mike Yastrzemski,L,high,7.646353722445999,0.3317818902492129,0.3359316443594646
575929,Willson Contreras,R,high,8.114623886420098,0.32036828293991537,0.3494973070017953
578428,Jose Iglesias,R,high,8.176110342237342,0.29187610493941707,0.3052971299943725
592178,Kris Bryant,R,high,8.374246182096304,0.32893106680377737,0.3690350796215093
592192,Mark Canha,R,high,8.170185652879642,0.32733338305522686,0.3372550240588735
592200,Curt Casali,R,high,7.2115567333138015,0.2975460286423896,0.3082075332348596
592206,Nick Castellanos,R,high,8.535425959677298,0.3243881838110233,0.3435820074641524
592273,Brandon Drury,R,high,7.936302693201959,0.32132262371668435,0.3193322603719599
592325,Ben Gamel,L,high,7.699842407396986,0.3067727277702743,0.3126180335296782
592348,Niko Goodrum,L,medium,7.333023014386481,0.29931189851726253,0.2974453891432309
592450,Aaron Judge,R,high,8.179199798423086,0.39860936491823656,0.4091643758765778
592518,Manny Machado,R,high,8.621012520055235,0.3826204353737553,0.3570667147493689
592626,Joc Pederson,L,high,8.239857411018601,0.3371103712351838,0.3427663674762407
592663,J. T. Realmuto,R,high,8.417593826193484,0.3416878071795232,0.3356141436464088
592669,Hunter Renfroe,R,high,8.07837810362652,0.3255666112274247,0.3283478125969594
592696,Eddie Rosario,L,high,8.294049640102028,0.300778383796652,0.3230862715678919
592885,Christian Yelich,L,high,8.534443544822764,0.34831260351737425,0.3654201730239874
593160,Whit Merrifield,R,high,8.415603335654604,0.3123142558721055,0.3219517271922055
593428,Xander Bogaerts,R,high,8.592115117933497,0.3363301255524571,0.3558891982182628
593871,Jorge Polanco,L,high,8.161089512845797,0.34114418143927827,0.3338249071693802
593934,Miguel Sanó,R,high,7.955074273262696,0.36048949134059216,0.3424699894699894
594807,Adam Duvall,R,high,8.104099056143582,0.3159514811948826,0.3231935288781372
595281,Kevin Kiermaier,L,high,8.124446855715847,0.28919598558663706,0.3072968888888889
595284,Andrew Knapp,L,medium,6.759255270663693,0.285951446495752,0.2776469221835075
595777,Jurickson Profar,L,high,8.091933455979893,0.32127775946920656,0.3120918273645546
595879,Javier Báez,R,high,8.323851131338817,0.31082574659257867,0.3184885922330097
595909,Jake Cave,L,medium,7.10085190894405,0.2941431137929722,0.2989801980198019
595978,Austin Hedges,R,high,7.679713639966372,0.2717380674335035,0.245883495145631
596019,Francisco Lindor,L,high,8.587278798982926,0.34977460547213585,0.3461221559119731
596103,Austin Slater,R,high,7.300472814267799,0.30624820912721695,0.3274283783783783
596115,Trevor Story,R,high,8.211482916445066,0.3272336962853748,0.3523870179250407
596117,Garrett Stubbs,L,low,5.796057750765372,0.2548537044224543,0.2804786585365854
596129,Dan Vogelbach,L,medium,7.534762657037537,0.32691973339363634,0.3294371993586317
596142,Gary Sánchez,R,high,7.980707820869669,0.3400538291776659,0.3305696202531645
596146,Max Kepler,L,high,8.253227645581772,0.3484999909926565,0.3231523834331857
600869,Jeimer Candelario,L,high,8.016317898503415,0.3246953724287205,0.3208012545394519
602104,Ramón Urías,R,medium,7.057036981697891,0.32280105642663603,0.3216275862068966
605113,Nick Ahmed,R,high,8.027476530860483,0.28269536165526155,0.2869105452171074
605119,Brian Anderson,R,high,7.83002808253384,0.3224798988990833,0.3225708035003977
605131,Austin Barnes,R,high,7.340186835320115,0.3049359345848438,0.2965525974025974
605137,Josh Bell,L,high,8.291045131081729,0.35287043587820105,0.341551793328317
605141,Mookie Betts,R,high,8.614501373883236,0.37369848280745255,0.3817313974591652
605170,Víctor Caratini,L,medium,7.352441100243583,0.3305294533701253,0.2961045542014112
605204,J. D. Davis,R,high,7.590346945602565,0.3265264201161855,0.3353013144590495
605244,Aramis Garcia,R,low,5.755742213586912,0.26879746355376444,0.2545269841269841
605346,Jack López,R,low,2.70805020110221,0.19655384100992565,0.2268571428571428
605361,Nick Martini,L,low,6.018593214496234,0.30110203721022416,0.3369048780487805
606115,Orlando Arcia,R,high,7.901747518520144,0.2951554921827325,0.2927660125879304
606192,Teoscar Hernández,R,high,8.07215530818825,0.34271328292097375,0.3402347798938495
606466,Ketel Marte,L,high,8.276903481267057,0.34249058118238485,0.341458661918087
606992,Eric Haase,R,medium,6.98100574072173,0.29687025305780557,0.2879311627906977
607043,Brandon Nimmo,L,high,8.018954683155718,0.3303801503257484,0.361577872900889
607054,Jace Peterson,L,medium,7.889084407035514,0.29336413664701044,0.2949212598425196
607208,Trea Turner,R,high,8.392763113038061,0.33989013992297124,0.3552754870865428
607680,Kevin Pillar,R,high,8.244071270295786,0.3091869745294972,0.301568349106204
607732,Jacob Stallings,R,medium,7.313220387090301,0.3075274300577526,0.2866490993995997
608070,José Ramírez,L,high,8.525756422076725,0.3607769795902654,0.3627138040460134
608324,Alex Bregman,R,high,8.339261982923576,0.35087035283665813,0.3681536806883365
608336,Joey Gallo,L,high,8.046549357283078,0.34137653212777663,0.3367664958360025
608348,Carson Kelly,R,high,7.297091005160418,0.3124274033472061,0.2947484745762712
608369,Corey Seager,L,high,8.262816937670928,0.37381788297916707,0.36896955624355
608385,Jesse Winker,L,high,7.722234744709607,0.332654300273063,0.3536034559149313
608596,Tom Murphy,R,high,6.917705609835305,0.297200468291559,0.3264747274529237
608671,Travis Jankowski,L,medium,7.3031700512368,0.2750919665801618,0.2890316711590296
608701,Rob Refsnyder,R,high,6.932447891572509,0.33520270072387653,0.303224609375
608841,Joey Meneses,R,medium,6.79794041297493,0.34180101954954123,0.336004469273743
609280,Miguel Andújar,R,medium,7.020190708311925,0.3278745862075033,0.3199499105545617
613564,Jason Vosler,L,low,5.54907608489522,0.2812483164898527,0.2936796875
620443,Luis Torrens,R,medium,6.684611727667927,0.30834607804376346,0.2798886107634543
621020,Dansby Swanson,R,high,8.289288323000317,0.3296738115934078,0.3166592964824121
621028,Kevin Newman,R,high,7.5485559791698735,0.30210123515856757,0.287322614654718
621035,Chris Taylor,R,high,8.123261319121745,0.3142495590710125,0.32957757342035
621043,Carlos Correa,R,high,8.382518288089635,0.351096040133992,0.3505262073701076
621311,David Dahl,L,medium,7.1252830915107115,0.2703332321329483,0.3288913043478261
621438,Tyrone Taylor,R,medium,6.879355804460439,0.32712236264441963,0.3191668383110195
621439,Byron Buxton,R,high,7.81156848934518,0.32360039936896545,0.3250883306320907
621458,Edwin Ríos,L,low,5.783825182329737,0.3069991118084062,0.3216018518518518
621466,Dj Stewart,L,medium,6.687108607866515,0.3033474297732648,0.3273757802746567
621493,Taylor Ward,R,high,7.317212408359839,0.3440106147132991,0.3321255813953488
621512,Tomás Nido,R,medium,6.669498089857879,0.2686285176192891,0.2420673443456162
621545,Zach Remillard,R,low,5.049856007249537,0.23422850621896255,0.2704322580645161
621550,Patrick Wisdom,R,medium,7.165493475060845,0.3238680142507637,0.3281353441608662
621563,Joey Wendle,L,medium,7.734121303328305,0.3010428131202416,0.3015350262697023
621566,Matt Olson,L,high,8.229511118964457,0.3695067779407807,0.367175246732462
622110,Matt Duffy,R,high,7.8160138391590275,0.31504316382824293,0.3116228317870109
622268,Donovan Walton,L,low,5.187385805840755,0.27852265022469797,0.2336348314606741
622534,Manuel Margot,R,high,7.949797216161852,0.3183858721260324,0.2998126323218066
622569,Pablo Reyes,R,medium,6.226536669287466,0.322295947875587,0.2996158415841584
622761,Jorge Mateo,R,medium,7.010311867307229,0.30508376367418744,0.2759557362240289
623168,Tyler Heineman,L,low,5.6240175061873385,0.2646526087147564,0.2651086956521739
623520,David Bote,R,medium,7.05617528410041,0.3235686414225665,0.3082165660051769
623912,Harold Ramírez,R,high,7.428927194802272,0.3190049339119819,0.3220130718954248
623993,Anthony Santander,L,high,7.801391320291485,0.3449694938587319,0.326123618501842
624413,Pete Alonso,R,high,7.963807953231451,0.374642005896867,0.3630125260960334
624415,Cavan Biggio,L,medium,7.392647520721623,0.31411140277545685,0.3239063462723352
624424,Michael Conforto,L,high,8.138564737261632,0.3261340156098038,0.3469272567922874
624428,Adam Frazier,L,high,8.152198015861787,0.3145394272396288,0.3148400576368875
624431,Jose Trevino,R,medium,6.942156705699469,0.307895370250093,0.2749961315280464
624503,Nick Gordon,L,medium,6.617402977974478,0.31672616647995777,0.2967135207496653
624512,Reese Mcguire,L,medium,6.759255270663693,0.2755510492115813,0.2956097560975609
624585,Jorge Soler,R,high,8.116417072794205,0.3563245082346057,0.3382514934289127
624641,Edmundo Sosa,R,medium,6.71174039505618,0.28559171060895294,0.3077076735688185
628451,Andy Ibáñez,R,medium,6.661854740545311,0.31176957438006847,0.3103610755441741
630105,Jake Cronenworth,L,high,7.609862200913554,0.3238049651149919,0.3244799206742687
640492,José Azócar,R,medium,5.746203190540153,0.2926140337458514,0.2787403846153846
641313,Tim Anderson,R,high,8.24143968982973,0.2952523550433649,0.3151051660516605
641343,Jake Bauers,L,medium,7.240649694255466,0.30376849330998623,0.2908472022955523
641355,Cody Bellinger,L,high,8.157943507105037,0.33197017149891916,0.3462143266475644
641432,Willie Calhoun,L,medium,6.98933526597456,0.33445974131185885,0.302220479704797
641487,J. P. Crawford,L,high,7.92588031673756,0.31944703066452235,0.3187101554029635
641511,Jason Delay,R,medium,5.863631175598097,0.27089443253207757,0.2707948717948717
641584,Jake Fraley,L,medium,6.86484777797086,0.29692894414593285,0.3267063740856844
641598,Mitch Garver,R,high,7.393263094763838,0.34724947885947566,0.3514772167487685
641645,Luis Guillorme,L,medium,6.70073110954781,0.3142186048987727,0.3035221674876847
641658,Garrett Hampson,R,high,7.323170717943469,0.27764096278818845,0.2938685601056803
641680,Jonah Heim,L,medium,7.150701457592526,0.3344187505292439,0.299204081632653
641779,Charles Leblanc,R,low,5.135798437050262,0.32640213955133196,0.3180710059171597
641856,Billy Mckinney,L,medium,6.813444599510896,0.3006243031341428,0.2886413641364136
641857,Ryan Mcmahon,L,high,7.926963544862979,0.3191466684397347,0.3241909747292419
641933,Tyler O'Neill,R,medium,7.400620577371135,0.3351934059324102,0.3327726161369193
641943,Joshua Palacios,L,low,5.8664680569332965,0.312292814535137,0.2795681818181818
642020,Chuckie Robinson,R,low,4.0943445622221,0.27849719571643083,0.1729152542372881
642086,Dominic Smith,L,high,7.579167967396076,0.31315833254605163,0.3115945807770961
642133,Rowdy Tellez,L,medium,7.531552381407289,0.3359358559335625,0.3174375335120643
642136,Matt Thaiss,L,low,6.369900982828227,0.3082959651593916,0.2935214408233276
642180,Tyler Wade,L,medium,6.551080335043404,0.2701399952334307,0.2660071530758225
642201,Eli White,R,medium,6.008813185442595,0.2700615679266095,0.2462068965517241
642215,Weston Wilson,R,low,3.1354942159291497,0.2812037300961977,0.4414545454545454
642350,José Siri,R,medium,6.6039438246004725,0.29573206495224585,0.3018955223880596
642708,Amed Rosario,R,high,8.118802996980035,0.3028597060734884,0.3044570917759237
642715,Willy Adames,R,high,7.97522083865341,0.3162978958622945,0.3260182318541452
642731,Thairo Estrada,R,medium,7.186144304522325,0.30546126828204034,0.3152719696969697
642851,Austin Wynns,R,medium,6.4692503167957724,0.276633092934142,0.2636428571428571
643217,Andrew Benintendi,L,high,8.23217423638394,0.3250136300304812,0.3311133280127693
643265,Garrett Cooper,R,high,7.503289630675082,0.34638847909862536,0.333773303916161
643289,Mauricio Dubón,R,medium,7.111512116496157,0.30258733091541723,0.2935273469387754
643376,Danny Jansen,R,medium,7.224753405767971,0.343799306656428,0.3194526239067055
643393,Tony Kemp,L,medium,7.70210434005105,0.2941386659748636,0.3007762206148282
643396,Isiah Kiner-Falefa,R,high,7.783224016336037,0.30758539049483624,0.2910066694456023
643446,Jeff Mcneil,L,high,7.891704659330107,0.32170473217853157,0.3464996260284218
643565,Mike Tauchman,L,medium,6.967909201801884,0.31071722600292107,0.3154561734213006
644433,Chadwick Tromp,R,low,4.634728988229636,0.25410236496784266,0.2656274509803921
645277,Ozzie Albies,L,high,8.118505067587098,0.3253018831002022,0.3396253353204173
645302,Víctor Robles,R,high,7.478169694159785,0.28940751413956595,0.2941945701357465
645305,Ali Sánchez,R,low,2.70805020110221,0.2762362840286037,0.2904285714285714
645444,José Herrera,L,low,5.4638318050256105,0.27486966258444184,0.2336808510638297
645801,Mike Ford,L,low,6.57507584059962,0.3244094073550725,0.3136913407821229
646240,Rafael Devers,L,high,8.180320874773685,0.35575934843519574,0.3583477164471841
647304,Josh Naylor,L,medium,7.383989457978509,0.34209481198942254,0.3256003729024238
647351,Abraham Toro,L,medium,6.839476438228843,0.31987590996782683,0.2790450160771704
649557,Aledmys Díaz,R,high,7.820439515262181,0.3289739662132603,0.3171718875502008
649966,Luis Urías,R,medium,7.398174092970465,0.30007074250961696,0.3175814950980392
650333,Luis Arráez,L,high,7.682943169878292,0.34344232423385535,0.3497728110599078
650391,Eloy Jiménez,R,medium,7.4821189235521155,0.34883549911617684,0.343592676056338
650402,Gleyber Torres,R,high,8.00469951054955,0.3363398365905844,0.3377705410821643
650489,Willi Castro,L,medium,7.307872780763706,0.2840211224445018,0.3013849765258216
650490,Yandy Díaz,R,high,7.813995675002791,0.3785983993433989,0.3570561843168957
650559,Bryan De La Cruz,R,medium,7.088408778675395,0.3467223804680637,0.3156031746031746
650859,Luis Rengifo,L,high,7.409741954080923,0.3056261507815171,0.3033500908540278
650907,René Pinto,R,low,5.241747015059643,0.3015799894957407,0.2808085106382978
655316,Andruw Monasterio,R,low,5.755742213586912,0.32228557696275373,0.3023111111111111
656180,Riley Adams,R,medium,6.07073772800249,0.3124269721361561,0.3067800925925926
656248,Sean Bouchard,R,low,4.948759890378168,0.3166199732411887,0.4217785714285714
656305,Matt Chapman,R,high,8.185071477532283,0.35271336336198966,0.3383806469604015
656413,Stuart Fairchild,R,medium,5.940171252720432,0.2910542005481359,0.3184353562005277
656448,Stone Garrett,R,medium,5.857933154483459,0.3074642623683289,0.3474154727793696
656484,Tristan Gray,L,low,1.791759469228055,0.3153469424166474,0.5774
656537,Derek Hill,R,low,5.71042701737487,0.2755810440907843,0.2628039867109634
656541,Sam Hilliard,L,medium,6.5722825426940075,0.28551808942447765,0.306750700280112
656555,Rhys Hoskins,R,high,7.96032362914884,0.35775177848701206,0.3605062849162011
656577,Alex Jackson,R,low,5.214935757608986,0.25703611244307145,0.2158907103825136
656582,Connor Joe,R,medium,7.062191632286556,0.3152824720072668,0.3278739279588336
656716,Zach Mckinstry,L,medium,6.776506992372183,0.30154366329467214,0.2860022831050228
656775,Cedric Mullins,L,high,7.695757990554761,0.31839280871405473,0.3247302092811647
656811,Ryan O'Hearn,L,medium,7.268223021159565,0.332705348348997,0.3059016050244242
656883,Jakson Reetz,R,low,1.0986122886681098,0.35275670135227505,0.621
656896,Emmanuel Rivera,R,medium,6.608000625296087,0.34253700073783233,0.2999148648648648
656941,Kyle Schwarber,L,high,8.27664912542186,0.3530734343954288,0.3520921119592875
656976,Pavin Smith,L,medium,6.9957661563048505,0.3205696525266909,0.3069642529789184
657041,Lane Thomas,R,high,7.363913501405819,0.324304292485452,0.3236512365250475
657061,Cole Tucker,L,medium,6.1675164908883415,0.2741871568950959,0.2542899159663865
657077,Alex Verdugo,L,high,7.843064016692054,0.33696326958620154,0.3292481350608559
657088,Forrest Wall,L,low,2.772588722239781,0.32024855560806714,0.5688666666666666
657136,Connor Wong,R,medium,6.152732694704104,0.29571320429658343,0.2914179104477612
657193,Eddy Alvarez,L,low,4.948759890378168,0.2799299788654137,0.2365857142857143
657557,Paul Dejong,R,high,7.939515260662406,0.31173122646226686,0.3070795008912655
657656,Ramón Laureano,R,high,7.622663951323595,0.31477735060916284,0.3234473813020068
657757,Gavin Sheets,L,low,6.837332814685591,0.3125366279447024,0.2990859291084855
658668,Edward Olivares,R,medium,6.646390514847729,0.30560106124319486,0.3172223667100129
660162,Yoán Moncada,L,high,8.035278911144667,0.32443481061185736,0.3265976676384839
660271,Shohei Ohtani,L,high,7.939515260662406,0.36981275010253684,0.3830338680926916
660636,Diego Castillo,R,medium,5.648974238161206,0.301133350563741,0.2714558303886926
660644,Vidal Bruján,L,low,5.605802066295998,0.29301998685126224,0.2012693726937269
660670,Ronald Acuña,R,high,8.0106915391303,0.3911268639881911,0.388418326693227
660688,Keibert Ruiz,L,medium,7.001245622069476,0.32914023979964324,0.3074831358249771
660707,Elehuris Montero,R,medium,6.20050917404269,0.274463090537547,0.3050630081300813
660766,Juan Yepez,R,low,5.8289456176102075,0.305634553700563,0.3047286135693215
660821,Jesús Sánchez,L,medium,6.928537818164665,0.32022658718857594,0.3175764705882353
661388,William Contreras,R,medium,7.071573364211532,0.3295978984339998,0.353339847068819
661531,Brian Serven,R,low,5.424950017481403,0.2505584292844362,0.2493451327433628
662139,Daulton Varsho,L,medium,7.374629015218945,0.3096920368020448,0.3091405269761605
663330,Jahmai Jones,R,low,4.51085950651685,0.32256432338429797,0.2093444444444444
663368,Blake Perkins,L,low,5.117993812416755,0.2948126345649793,0.3035662650602409
663457,Lars Nootbaar,L,medium,6.876264611890766,0.33248999580197075,0.3399245867768595
663527,Tyler Nevin,R,medium,5.749392985908253,0.32270013421848787,0.2792460063897763
663538,Nico Hoerner,R,medium,7.3613754289773485,0.3256925050843361,0.3167749523204068
663550,Trey Cabbage,L,low,4.04305126783455,0.23039109142268577,0.2376607142857142
663586,Austin Riley,R,high,7.848933726364071,0.356518994055689,0.3599488680718188
663609,Luken Baker,R,low,4.605170185988092,0.3363341747749231,0.2855252525252525
663611,Nick Madrigal,R,medium,6.733401891837359,0.3085882098631113,0.302222884386174
663616,Trevor Larnach,L,medium,6.539585955617669,0.3114429451529463,0.3065267727930535
663624,Ryan Mountcastle,R,high,7.496652438168283,0.3469626906492656,0.3314181010549695
663630,Ryan Mckenna,R,medium,6.2166061010848646,0.29288035818660896,0.276384
663647,Ke'Bryan Hayes,R,high,7.3613754289773485,0.33980637682639725,0.3161856325492689
663656,Kyle Tucker,L,high,7.691656822810547,0.3805615144095308,0.3594805847418912
663662,Daz Cameron,R,low,5.501258210544727,0.2984776435811327,0.2637049180327868
663697,Jonathan India,R,medium,7.370860166536716,0.3225201942694531,0.3377153652392947
663698,Joey Bart,R,medium,6.222576268071369,0.2933143162632821,0.2785904572564612
663728,Cal Raleigh,L,medium,7.0317412587631285,0.3291122964495792,0.3150928381962865
663743,Nick Fortes,R,medium,6.38856140554563,0.3304556222820554,0.2838417508417508
663757,Trent Grisham,L,high,7.6128310304073565,0.31527858618463767,0.3075373208106772
663837,Matt Vierling,R,medium,6.8690144506657065,0.340230897102866,0.3069885535900104
663853,Romy Gonzalez,R,low,5.476463551931511,0.3023718771080317,0.256626050420168
663886,Tyler Stephenson,R,medium,7.02108396428914,0.326083782769248,0.3329016979445934
663897,Luke Williams,R,medium,5.572154032177765,0.26497021522591135,0.2568740458015267
663898,Brendan Rodgers,R,medium,7.1631723908466425,0.32760384304161666,0.3162604651162791
663905,Travis Blankenhorn,L,low,4.23410650459726,0.2995487443227962,0.2608823529411764
663967,César Salazar,L,low,2.995732273553991,0.24760887400011775,0.129578947368421
663993,Nathaniel Lowe,L,high,7.718240951959316,0.3522566601760523,0.3456356761565836
664023,Ian Happ,L,high,8.04044688130311,0.32731369795567045,0.3421050596197228
664034,Ty France,R,high,7.731930721948486,0.33784202732256835,0.3332847740236946
664040,Brandon Lowe,L,high,7.607381425639791,0.3302883174103795,0.3481833996023856
664056,Harrison Bader,R,high,7.645397699428633,0.29570397259418657,0.3043564593301435
664058,David Fletcher,R,high,7.679251425953058,0.2931690673107243,0.2983654024051804
664059,Sam Haggerty,L,medium,6.1224928095143865,0.2900819951050579,0.2999648351648352
664238,Dylan Moore,R,high,7.1180162044653335,0.3054979922038229,0.3095563665855637
664314,Estevan Florial,L,low,4.90527477843843,0.26875475104403496,0.2788432835820895
664702,Myles Straw,R,high,7.584264818389059,0.30964738688777693,0.2812568667344863
664728,Kyle Isbel,L,medium,6.511745329644728,0.30275949738813496,0.2833467261904762
664761,Alec Bohm,R,high,7.516433302915632,0.3460289728583956,0.317647795318454
664770,Nathan Lukes,L,low,3.4657359027997265,0.314808287453954,0.266
664774,Lamonte Wade,L,medium,7.1316985104669115,0.33465937607018176,0.3324552
664874,Seby Zavala,R,medium,6.226536669287466,0.2616643256072137,0.2739366336633663
664901,Danny Mendick,R,medium,6.2422232654551655,0.2881539648654665,0.2867212475633528
664913,Seth Brown,L,medium,7.186901020411631,0.3246612391335292,0.3143626040878123
664954,Brett Sullivan,L,low,4.465908118654584,0.28786187692881016,0.2325465116279069
664983,Jake Mccarthy,L,medium,6.591673732008658,0.2812400282773073,0.3147472527472527
665019,Kody Clemens,L,low,5.62040086571715,0.3055626627428668,0.2529054545454545
665120,Jared Walsh,L,medium,7.200424892944957,0.3174879931029263,0.3156415235250187
665155,Nick Maton,L,low,6.2285110035911835,0.3215108758146149,0.294998023715415
665161,Jeremy Peña,R,medium,7.076653815443951,0.31541189986809226,0.3094488588334741
665487,Fernando Tatís,R,medium,7.496652438168283,0.35910960758518407,0.3754253192670738
665489,Vladimir Guerrero,R,high,7.946263643580541,0.3826180236145713,0.360020538243626
665506,Cristian Pache,R,medium,6.045005314036012,0.2826782229580746,0.2250166270783848
665561,Rafael Marchán,L,low,4.189654742026425,0.2638259172183026,0.3203538461538461
665742,Juan Soto,L,high,8.104099056143582,0.3827745014439915,0.3999860901118838
665750,Leody Taveras,L,medium,7.097548850614793,0.31806792043012466,0.2934470198675497
665804,Miguel Amaya,R,low,5.049856007249537,0.3095156855396144,0.3103935483870967
665828,Oswaldo Cabrera,L,low,6.208590026096629,0.3046562724003221,0.2785262096774193
665833,Oneil Cruz,L,medium,6.016157159698354,0.33169395501667115,0.3240562347188264
665839,Enmanuel Valdez,L,low,5.003946305945459,0.3137088980637479,0.3282364864864865
665862,Jazz Chisholm,L,medium,7.081708586105575,0.31629972900701053,0.323888141295206
665877,José Fermín,R,low,4.0943445622221,0.303704978428382,0.2811016949152543
665923,Esteury Ruiz,R,medium,6.257667587882639,0.2576864307103494,0.2831938579654511
665926,Andrés Giménez,L,medium,7.313220387090301,0.2837623774036384,0.3258912608405603
666018,Jonathan Aranda,L,low,5.241747015059643,0.3000750127604413,0.2900159574468084
666023,Freddy Fermin,R,low,5.488937726156687,0.3251786624189601,0.3237427385892116
666134,Nolan Jones,L,medium,6.244166900663736,0.30567114190600253,0.3773910505836576
666135,Alex Kirilloff,L,medium,6.555356891810665,0.3105071553613925,0.318522792022792
666139,Josh Lowe,L,medium,6.548219102762372,0.31484518731862016,0.3333342898134864
666149,Tyler Fitzgerald,R,low,3.5553480614894135,0.30030073118668904,0.3099117647058823
666150,Dominic Fletcher,L,low,4.605170185988092,0.2932019203955468,0.3397272727272727
666152,David Hamilton,L,low,3.688879454113936,0.2725791351275081,0.2161538461538461
666158,Gavin Lux,L,medium,6.90875477931522,0.30742170236267585,0.311865
666160,Mickey Moniak,L,low,6.18826412308259,0.2683995965762408,0.2975473251028807
666163,Ben Rortvedt,L,low,5.170483995038151,0.2881132050852169,0.2235942857142857
666165,Blake Sabol,L,low,5.8377304471659395,0.2819692077658055,0.3032222222222222
666176,Jo Adell,R,medium,6.42648845745769,0.28816941579091804,0.2715607779578606
666181,Will Benson,L,low,5.966146739123692,0.3051411185871188,0.3451953727506427
666182,Bo Bichette,R,high,7.752764808851328,0.376490838900994,0.3535694026643747
666185,Dylan Carlson,L,medium,7.298445101508147,0.30369393557908375,0.3130020311442112
666197,Grae Kessinger,R,low,3.828641396489095,0.2788533604551763,0.2752666666666666
666211,Taylor Trammell,L,low,5.855071922202427,0.27083052023729637,0.2813304597701149
666310,Bo Naylor,L,low,5.472270673671475,0.3136164068989288,0.335168776371308
666397,Edouard Julien,L,low,6.0112671744041615,0.3214683679592649,0.366046683046683
666464,Jerar Encarnacion,R,low,4.406719247264253,0.278225471084869,0.2362716049382716
666624,Christopher Morel,R,medium,6.7464121285733745,0.30700207889221454,0.334910588235294
666703,Eguy Rosario,R,low,3.784189633918261,0.27766395657068776,0.3140697674418604
666915,Bobby Dalbec,R,medium,6.85751406254539,0.3181539972343853,0.3184431578947369
666969,Adolis García,R,high,7.56734567601324,0.3397222611163076,0.3283186756337299
666971,Lourdes Gurriel,R,high,7.803435056952168,0.34303024061630216,0.3367626633986928
667452,Corey Julks,R,low,5.780743515792329,0.3122208409252878,0.285687306501548
667472,Dane Myers,R,low,4.2626798770413155,0.33852601965813034,0.2784285714285714
667670,Brent Rooker,R,medium,6.679599185844383,0.334899642466818,0.3297962264150943
668227,Randy Arozarena,R,high,7.59890045687141,0.3316438763448337,0.3472421052631579
668670,Jake Rogers,R,medium,6.421622267806518,0.2947947448062348,0.2977557003257329
668709,Jj Bleday,L,medium,6.295266001439646,0.3019865532485275,0.2834103512014787
668715,Spencer Steer,R,medium,6.651571873589727,0.32291522825794305,0.3453893919793014
668723,Ryan Vilade,R,low,2.0794415416798357,0.2649632087277791,0.0988571428571428
668731,Akil Baddoo,L,medium,6.946013991099227,0.2809262476070647,0.3030472061657032
668800,Andrew Knizner,R,medium,6.673297967767654,0.28697029542062447,0.2758455696202532
668804,Bryan Reynolds,L,high,7.877397186353287,0.35244938542612103,0.3539385432473445
668843,Conner Capel,L,low,4.983606621708336,0.3002631894544753,0.3415862068965517
668901,Mark Vientos,R,low,5.616771097666572,0.3290463042336213,0.2651459854014599
668904,Royce Lewis,R,low,5.638354669333745,0.35975769036793304,0.3894857142857142
668930,Brice Turang,L,low,6.09807428216624,0.2885806031427287,0.2617454954954955
668939,Adley Rutschman,L,medium,7.049254841255837,0.36508335828525107,0.3525968722849696
668942,Josh Rojas,L,medium,7.390798521735676,0.3006926537280801,0.3077641975308642
668952,Ryan Kreidler,R,low,4.61512051684126,0.2838339249334886,0.19677
669003,Garrett Mitchell,L,low,4.948759890378168,0.28697975098440676,0.3443428571428571
669004,Mj Melendez,L,medium,7.033506484287697,0.33276191760462415,0.3102427184466019
669016,Brandon Marsh,L,medium,7.078341579557671,0.31589362748858385,0.3208345991561181
669065,Kyle Stowers,L,low,4.882801922586371,0.3200751457428721,0.2661068702290076
669087,Sam Huff,R,low,5.3471075307174685,0.29005001741128167,0.3322488038277512
669127,Shea Langeliers,R,medium,6.46302945692067,0.31254400614347333,0.2915984375
669134,Luis Campusano,R,low,5.58724865840025,0.3185551989505028,0.31696992481203
669200,Mason Mccoy,R,low,0.6931471805599453,0.09285203294166394,0.0
669221,Sean Murphy,R,high,7.436027816351848,0.3481153096546877,0.3380731563421829
669222,Nick Senzel,R,medium,7.2078598714324755,0.3111674764783099,0.2928962194217939
669224,Austin Wells,L,low,4.31748811353631,0.33457884977682817,0.309
669242,Tommy Edman,L,high,7.789868559054706,0.31045891380579216,0.3144016563146998
669257,Will Smith,R,high,7.578145472419466,0.3565927390849228,0.3578613101330604
669261,Jack Suwinski,L,medium,6.806829360392176,0.33136574139322755,0.3289767441860465
669288,Daniel Johnson,L,low,4.543294782270004,0.2773380146944782,0.2484516129032258
669289,Santiago Espinal,R,medium,6.957497370876951,0.3174682998383982,0.308207619047619
669304,José Miranda,R,medium,6.455198563340122,0.32299183972542383,0.3105826771653543
669352,Bubba Thompson,R,low,5.476463551931511,0.2439087782750205,0.2634579831932773
669357,Nolan Gorman,L,low,6.655440350367647,0.3364556193479657,0.3329677835051546
669364,Xavier Edwards,L,low,4.418840607796598,0.28762770866646803,0.2951951219512195
669369,Bryce Johnson,R,low,4.219507705176107,0.2648604107061433,0.1925970149253731
669374,Keston Hiura,R,medium,6.959398512133975,0.2996459299718536,0.3290836501901141
669392,Samad Taylor,R,low,4.23410650459726,0.270678408469913,0.2481764705882353
669394,Jake Burger,R,medium,6.638567789166521,0.3278867084198575,0.3434705111402359
669397,Nick Allen,R,medium,6.467698726104354,0.2790372211453682,0.2446205287713841
669450,Cooper Hummel,L,low,5.429345628954441,0.30729125447883043,0.2508678414096916
669477,Casey Schmitt,R,medium,5.616771097666572,0.31705529664356913,0.2540656934306569
669699,Braden Shewmake,L,low,1.6094379124341005,0.195209314292046,0.0
669701,Josh Smith,L,low,6.1779441140506,0.3058089060123806,0.2738939708939709
669707,Jared Triolo,R,low,5.3471075307174685,0.28794982607040165,0.3501244019138756
669720,Austin Hays,R,high,7.57353126274595,0.3182820606098142,0.3231681233933162
669743,Alex Call,R,medium,6.342121418721152,0.3213214215212876,0.2920776014109347
669911,Michael Toglia,L,low,5.60947179518496,0.2848192096794116,0.2519375
670032,Nicky Lopez,L,high,7.533158807455563,0.27857069150756786,0.2812532119914346
670042,Luke Raley,L,low,6.3080984415095305,0.31256944141250764,0.326793795620438
670097,Zack Short,R,medium,6.102558594613569,0.29670768897651534,0.2551278026905829
670156,Miles Mastrobuoni,L,low,5.099866427824199,0.31173371563043883,0.2673067484662577
670223,Matt Mervis,L,low,4.605170185988092,0.32349213788501563,0.2386262626262626
670242,Matt Wallner,L,low,5.762051382780177,0.3395899680569182,0.3636088328075709
670276,Cal Stevenson,L,low,4.406719247264253,0.27938242572766114,0.2169259259259259
670541,Yordan Álvarez,L,high,7.607381425639791,0.4007712093326913,0.4079184890656063
670623,Isaac Paredes,R,medium,7.0431599159883405,0.33245344928852494,0.332680944055944
670764,Taylor Walls,L,medium,6.894670039433482,0.2989650842986566,0.2693296146044624
670770,Tj Friedl,L,medium,6.7357800142423265,0.3063002249475203,0.3431117717003567
670869,Livan Soto,L,low,4.2626798770413155,0.2756730858581746,0.4067142857142857
671056,Iván Herrera,R,low,4.189654742026425,0.3372801775354483,0.2848153846153846
671083,Buddy Kennedy,R,low,4.820281565605037,0.2980634712522193,0.2676666666666666
671213,Triston Casas,L,medium,6.39024066706535,0.34127157638116185,0.3636268907563025
671218,Heliot Ramos,R,low,4.418840607796598,0.30645365389491824,0.211280487804878
671221,Drew Waters,L,medium,6.100318952020064,0.2961690853083525,0.3083977528089887
671277,Luis García,L,medium,7.123672785204607,0.31167299727534037,0.2969693548387097
671289,Tyler Freeman,R,low,5.53338948872752,0.3124814480365683,0.2843531746031746
671732,Lawrence Butler,L,low,4.867534450455582,0.2970269951353756,0.2511317829457364
671739,Michael Harris,L,medium,6.885509670034818,0.3278061690829097,0.35503582395087
672275,Patrick Bailey,L,low,5.863631175598097,0.317963908801213,0.2818603988603988
672279,Michael Siani,L,low,3.4339872044851463,0.25969658429263187,0.1410666666666666
672284,Jarred Kelenic,L,medium,6.878326468291325,0.316036200185906,0.2856690721649484
672356,Gabriel Arias,R,medium,5.996452088619021,0.30004920587417166,0.2782718204488778
672386,Alejandro Kirk,R,medium,7.069023426578259,0.3670263770301678,0.3320008517887564
672515,Gabriel Moreno,R,medium,6.118097198041348,0.33914886668349786,0.3248874172185431
672580,Maikel García,R,medium,6.2878585601617845,0.35504524650044456,0.2995530726256983
672640,Otto Lopez,R,low,2.4849066497880004,0.33329332775807996,0.5448181818181819
672695,Geraldo Perdomo,L,medium,6.911747300251674,0.3006577956322414,0.2873599202392821
672701,José Devers,L,low,3.8501476017100584,0.26590323197657206,0.2755869565217391
672724,Oswald Peraza,R,low,5.517452896464707,0.29096714728911055,0.2745967741935484
672744,Alexander Canario,R,low,2.8903717578961645,0.2522632883492812,0.387235294117647
672820,Lenyn Sosa,R,low,5.327876168789581,0.3067560337877125,0.2273414634146341
673237,Yainer Diaz,R,low,5.958424693029782,0.3379859377961303,0.3504170984455958
673357,Luis Robert,R,medium,7.317212408359839,0.3302702030212358,0.3508564784053156
673490,Ha-Seong Kim,R,high,7.309881485824787,0.3188458789323648,0.3116178045515395
673548,Seiya Suzuki,R,medium,6.931471805599453,0.3578531837771959,0.3479990224828934
673962,Josh Jung,R,medium,6.42648845745769,0.34338616386349624,0.3253581847649919
675961,Alika Williams,R,low,4.718498871295094,0.2634655160657975,0.2383333333333333
676059,Jordan Westburg,R,low,5.43372200355424,0.3488642259910032,0.3088421052631578
676070,Jacob Amaya,R,low,2.302585092994046,0.2825524248950818,0.1962222222222222
676116,Ryan Noda,L,low,6.20455776256869,0.31894280988775175,0.3417793522267206
676356,Jonny Deluca,R,low,3.828641396489095,0.2547385724539487,0.3200888888888888
676369,Nelson Velázquez,R,medium,5.955837369464831,0.31641555248526254,0.3273090909090909
676391,Ernie Clement,R,medium,5.886104031450156,0.3028223117526066,0.2574484679665738
676475,Alec Burleson,L,low,5.983936280687191,0.3398349181910283,0.2929722222222222
676551,Brewer Hicklen,R,low,1.6094379124341005,0.1597780517764105,0.0
676609,José Caballero,R,medium,5.638354669333745,0.26294281690124194,0.3045785714285714
676632,Bligh Madris,L,low,5.0369526024136295,0.28540401561110784,0.2292418300653594
676694,Jake Meyers,R,medium,6.4967749901858625,0.3002427981811103,0.2950045317220544
676701,Alan Trejo,R,medium,5.993961427306569,0.2766870489934711,0.28729
676801,Chas Mccormick,R,medium,7.076653815443951,0.30821389593418647,0.3401741335587489
676914,Davis Schneider,R,low,4.955827057601261,0.2978744021555144,0.4238439716312057
676946,Matthew Batten,R,low,5.081404364984463,0.26982154028301575,0.3036375
677008,Heston Kjerstad,L,low,3.49650756146648,0.3087811056371381,0.318
677347,Kyren Paris,R,low,3.828641396489095,0.27617622367620853,0.1564888888888888
677587,Brayan Rocchio,L,low,4.465908118654584,0.24930766063124185,0.262906976744186
677588,José Tena,L,low,3.5553480614894135,0.28717935041326137,0.2644411764705882
677594,Julio Rodríguez,R,medium,7.142827401161621,0.35351791715327086,0.3557333860759493
677649,Ezequiel Duran,R,medium,6.489204931325317,0.30687827008925017,0.3140167427701674
677800,Wilyer Abreu,L,low,4.454347296253507,0.3241631702626,0.3748705882352941
677941,Jordyn Adams,R,low,3.713572066704308,0.25678100673561294,0.110375
677950,Alek Thomas,L,medium,6.698268054115413,0.29402349533009786,0.2750197530864197
677951,Bobby Witt,R,medium,7.187657164114956,0.3593990950691003,0.3279757942511346
678009,Parker Meadows,L,low,4.976733742420574,0.3350160853798681,0.3081527777777778
678225,Ji Hwan Bae,L,medium,6.0063531596017325,0.2974347960482226,0.2808567901234567
678246,Miguel Vargas,R,medium,5.863631175598097,0.32398039056002187,0.2815584045584045
678554,Curtis Mead,R,low,4.532599493153256,0.2944663336982914,0.3017065217391304
678662,Ezequiel Tovar,R,medium,6.47543271670409,0.30397431553121496,0.2965308641975308
678882,Ceddanne Rafaela,R,low,4.499809670330265,0.2886301255712941,0.2873932584269663
678894,Liover Peguero,R,low,5.375278407684165,0.2936650809250767,0.2857348837209302
679032,Johan Rojas,R,low,5.0689042022202315,0.2634975276866416,0.3353291139240506
679529,Spencer Torkelson,R,medium,6.992096427415888,0.3600838592423174,0.3057810487580497
679845,Nick Loftin,R,low,4.23410650459726,0.3152569639976852,0.3479558823529411
679881,J. P. Martínez,L,low,3.80666248977032,0.2803355729265772,0.2459318181818181
680118,Dairon Blanco,R,low,4.969813299576001,0.30024784334119015,0.3291608391608391
680700,Richie Palacios,L,low,5.41164605185504,0.307750049990714,0.2980448430493273
680716,Jonathan Ornelas,R,low,2.1972245773362196,0.25616012861670223,0.201125
680757,Steven Kwan,L,medium,7.2078598714324755,0.3211235456129953,0.3264388435878428
680776,Jarren Duran,L,medium,6.54534966033442,0.31412235382273085,0.3141597122302158
680777,Ryan Jeffers,R,medium,6.825460036255307,0.31457395453077475,0.3213152173913043
680779,Henry Davis,R,low,5.537334267018537,0.3292120316348318,0.2875612648221344
680869,Zack Gelof,R,low,5.703782474656201,0.3055127011960979,0.3570367892976588
680911,Owen Miller,R,medium,6.894670039433482,0.30787641226786416,0.2790902636916835
680977,Brendan Donovan,L,medium,6.727431724850855,0.33675924202672747,0.3470035971223021
681082,Bryson Stott,L,medium,7.00669522683704,0.31444338704808805,0.3086872166817769
681146,Jonah Bride,R,low,5.676753802268282,0.31198210678885496,0.2499209621993127
681297,Colton Cowser,L,low,4.356708826689592,0.30351966772368455,0.226012987012987
681351,Logan O'Hoppe,R,low,5.375278407684165,0.3249184427755206,0.3345999999999999
681481,Kerry Carpenter,L,low,6.345636360828596,0.3135063963147183,0.3461862917398945
681546,James Outman,L,medium,6.368187186350492,0.30868301523070085,0.3509707903780068
681584,David Villar,R,medium,5.7745515455444085,0.30790578709761296,0.3004423676012461
681807,David Fry,R,low,4.736198448394496,0.2897487241667721,0.3213628318584071
681962,Vinny Capra,R,low,3.332204510175204,0.26250866283305296,0.2468148148148148
682073,David Hensley,R,low,4.859812404361672,0.3088810683353914,0.2516875
682617,Marco Luciano,R,low,3.828641396489095,0.2975167889075474,0.2934666666666666
682622,Noelvi Marte,R,low,4.820281565605037,0.32565852400687534,0.3574959349593496
682626,Francisco Álvarez,R,medium,6.082218910376446,0.3353883918342043,0.3105903890160183
682641,Luis Matos,R,low,5.529429087511423,0.31753505269436694,0.2950199203187251
682829,Elly De La Cruz,L,medium,6.049733455231958,0.3132873339024544,0.3046501182033096
682928,Cj Abrams,L,medium,6.813444599510896,0.3006887637504157,0.2934136413641364
682985,Riley Greene,L,medium,6.727431724850855,0.33470541850785773,0.3235071942446043
682998,Corbin Carroll,L,medium,6.625392368007956,0.3404110758778369,0.3684077025232404
683002,Gunnar Henderson,L,medium,6.6240652277998935,0.35389994086215315,0.3453736702127659
683011,Anthony Volpe,R,medium,6.398594934535208,0.3227130082897774,0.290315
683021,Michael Stefanic,R,low,4.941642422609304,0.29873607803186564,0.2866402877697842
683146,Brett Baty,L,low,6.056784013228625,0.32258430114355996,0.2651267605633803
683734,Andrew Vaughn,R,medium,7.402451520818244,0.3448139128716604,0.318947528981086
683737,Michael Busch,L,low,4.406719247264253,0.3217276822576879,0.2406049382716049
686217,Sal Frelick,L,low,5.41164605185504,0.27878165939476596,0.30947533632287
686452,Drew Millas,L,low,3.49650756146648,0.2911311938689371,0.3653437499999999
686469,Vinnie Pasquantino,L,medium,6.318968113746434,0.366782651467076,0.3473592057761732
686527,Dominic Canzone,L,low,5.209486152841421,0.31833486364184715,0.2816868131868132
686668,Brenton Doyle,R,medium,6.061456918928017,0.27922550799445606,0.2573714953271028
686676,Korey Lee,R,low,4.574710978503383,0.25917797258239217,0.1495416666666666
686681,Michael Massey,L,medium,6.481577129276431,0.31819786223492735,0.2884846625766871
686823,Will Brennan,L,low,6.210600077024653,0.2975013066079935,0.2940422535211268
686894,Joey Wiemer,R,medium,6.018593214496234,0.30296971883819324,0.2837634146341463
687093,Vaughn Grissom,R,low,5.4638318050256105,0.3016253301862447,0.3261787234042553
687263,Zach Neto,R,low,5.796057750765372,0.31845123463048475,0.3023079268292682
687401,Joey Ortiz,R,low,3.5553480614894135,0.29328788566368114,0.1924117647058823
687462,Spencer Horwitz,L,low,3.80666248977032,0.2814156582027829,0.322340909090909
687799,Cade Marlowe,L,low,4.61512051684126,0.2992941553699636,0.32713
687952,Christian Encarnacion-Strand,R,low,5.488937726156687,0.34469491870341573,0.3462821576763485
689172,Brett Wisely,L,low,4.875197323201151,0.2655658694806229,0.2219538461538461
691016,Tyler Soderstrom,L,low,4.9344739331306915,0.2897106399669509,0.215695652173913
691023,Jordan Walker,R,medium,6.144185634125646,0.3321993113475866,0.3412967741935483
691026,Masyn Winn,R,low,4.912654885736052,0.30752521535187444,0.2108666666666666
691176,Jasson Domínguez,L,low,3.5263605246161616,0.3081852308035006,0.403060606060606
691406,Junior Caminero,R,low,3.610917912644224,0.36356030653385496,0.2760555555555555
691718,Pete Crow-Armstrong,L,low,2.8903717578961645,0.24814527747131132,0.1228235294117647
693049,Oscar Colás,L,low,5.564520407322694,0.29943999009524247,0.2490807692307692
693304,Nick Gonzales,R,low,4.852030263919617,0.2973547672398612,0.2684094488188976
694384,Nolan Schanuel,L,low,4.882801922586371,0.29323967026499886,0.3366106870229007
694497,Evan Carter,L,low,4.31748811353631,0.3058885173480339,0.4347027027027026
696100,Hunter Goodman,R,low,4.356708826689592,0.3138503426374514,0.2657792207792208
696285,Jacob Young,R,low,4.77912349311153,0.29999415839741683,0.2944067796610169
807799,Masataka Yoshida,L,medium,6.364750756851911,0.33421513474771747,0.3386155172413793
