batter,stand,stratum,dim,gradient
457705,R,high,0,0.004859578955590834
467793,L,high,0,0.012382036224546188
502671,R,high,0,0.012657000979819377
545121,L,medium,0,0.0005610774523892258
545361,R,high,0,0.00467369555010465
571745,R,high,0,0.013521869031111602
592325,L,high,0,0.0038520807453629353
592626,L,high,0,0.0038086807081967895
593871,L,high,0,0.018283545144455196
594807,R,high,0,0.005850325843906436
596103,R,high,0,0.005008476743092073
605141,R,high,0,0.005396152952971521
605170,L,medium,0,0.015144000695006194
605346,R,low,0,0.006375933383439026
608336,L,high,0,0.01357826619205687
624428,L,high,0,0.00866164410264313
650859,L,high,0,0.00931755175629361
656941,L,high,0,-0.003558414749997036
657041,R,high,0,0.0029003340368144418
660707,R,medium,0,0.0032597296480083963
662139,L,medium,0,0.0001690382608061954
665742,L,high,0,-0.003111716416502444
665926,L,medium,0,-0.0006380019277587331
667472,R,low,0,0.005272825304802228
668709,L,medium,0,0.004700908575620683
669289,R,medium,0,0.0018969603695604548
669394,R,medium,0,0.009131057133368457
676113,L,low,0,0.0
677347,R,low,0,0.009764718915665466
680474,R,low,0,0.0
680718,L,low,0,0.0
680776,L,medium,0,-0.005514534516582995
680869,R,low,0,0.0075053502099622915
681146,R,low,0,0.006138015361478452
682177,L,low,0,0.0
682626,R,medium,0,0.004063060756388326
686527,L,low,0,-0.0013403191042475999
686894,R,medium,0,0.002552570054728828
691718,L,low,0,-0.007704018577838575
700250,L,low,0,0.0
457705,R,high,1,0.0035242946791323834
467793,L,high,1,0.007216429275313512
502671,R,high,1,0.013461096583822564
545121,L,medium,1,-0.0036761288308226913
545361,R,high,1,0.004924840840087104
571745,R,high,1,0.013025047768854176
592325,L,high,1,-0.009127117392683577
592626,L,high,1,0.0037637092436244982
593871,L,high,1,-0.00032883492693871124
594807,R,high,1,0.007123088334163987
596103,R,high,1,0.00869161358094431
605141,R,high,1,0.01173973162228107
605170,L,medium,1,0.0043950182195506785
605346,R,low,1,-0.008267339576664427
608336,L,high,1,0.0185275107258617
624428,L,high,1,-0.003869906793405341
650859,L,high,1,0.003459385592777815
656941,L,high,1,0.005854817322869207
657041,R,high,1,0.008011739036266303
660707,R,medium,1,0.009701778330135226
662139,L,medium,1,-0.0008909704883077465
665742,L,high,1,0.0008231500514487807
665926,L,medium,1,0.015328249154993924
667472,R,low,1,0.00617444437769877
668709,L,medium,1,-0.006733979300344637
669289,R,medium,1,0.00891070697445213
669394,R,medium,1,0.015510605897959015
676113,L,low,1,0.0
677347,R,low,1,0.0023020846827811413
680474,R,low,1,0.0
680718,L,low,1,0.0
680776,L,medium,1,0.004809447933478561
680869,R,low,1,-0.002974270175082556
681146,R,low,1,0.011783659600147465
682177,L,low,1,0.0
682626,R,medium,1,0.004267456766741296
686527,L,low,1,-0.010747572212920631
686894,R,medium,1,0.007800579194442602
691718,L,low,1,0.014244356620608743
700250,L,low,1,0.0
457705,R,high,2,-0.02119131174618776
467793,L,high,2,-0.04094423832811392
502671,R,high,2,-0.022615017904400618
545121,L,medium,2,-0.024900164136079508
545361,R,high,2,-0.0342339579819627
571745,R,high,2,-0.018200371571792915
592325,L,high,2,-0.024440137686334445
592626,L,high,2,-0.026626126050199476
593871,L,high,2,-0.033253986688909894
594807,R,high,2,-0.02438086285700155
596103,R,high,2,-0.023802054081134744
605141,R,high,2,-0.023165681831068402
605170,L,medium,2,-0.05654514714297378
605346,R,low,2,-0.01389205348429848
608336,L,high,2,-0.015027666102187207
624428,L,high,2,-0.01722534363229761
650859,L,high,2,-0.03357774264778712
656941,L,high,2,-0.028471238134921823
657041,R,high,2,-0.01551468263177073
660707,R,medium,2,-0.023109581128875387
662139,L,medium,2,-0.02613700985866347
665742,L,high,2,-0.023137662538003496
665926,L,medium,2,-0.03199989085039749
667472,R,low,2,-0.021483127216147226
668709,L,medium,2,-0.01676429547285401
669289,R,medium,2,-0.00939403680683466
669394,R,medium,2,-0.025769901818352942
676113,L,low,2,0.0
677347,R,low,2,-0.025576869514023378
680474,R,low,2,0.0
680718,L,low,2,0.0
680776,L,medium,2,-0.025302903767224348
680869,R,low,2,-0.022445645934460086
681146,R,low,2,-0.0016321045780883171
682177,L,low,2,0.0
682626,R,medium,2,-0.018189283238833558
686527,L,low,2,-0.022982419910689337
686894,R,medium,2,-0.012218352163325017
691718,L,low,2,-0.01198221798661285
700250,L,low,2,0.0
457705,R,high,3,-0.007835505472387757
467793,L,high,3,-0.0014832152650262078
502671,R,high,3,-0.0063114209386549765
545121,L,medium,3,0.0029186009138670943
545361,R,high,3,0.0005766124494947923
571745,R,high,3,-0.001416983376767842
592325,L,high,3,0.007833588765638198
592626,L,high,3,0.008037333494218233
593871,L,high,3,0.005110395707652574
594807,R,high,3,0.0010120879076383137
596103,R,high,3,-0.0021086998851026504
605141,R,high,3,-0.005029400471865583
605170,L,medium,3,0.011989747181668377
605346,R,low,3,0.0069663386574874515
608336,L,high,3,0.011447075976389425
624428,L,high,3,0.00013413492541239656
650859,L,high,3,0.006333785339428715
656941,L,high,3,0.002846424750147703
657041,R,high,3,-0.00817823770776028
660707,R,medium,3,0.005758103388659486
662139,L,medium,3,-0.00638977505171515
665742,L,high,3,-0.0013803398775459757
665926,L,medium,3,-0.008756976050592107
667472,R,low,3,0.0003236423426303311
668709,L,medium,3,-0.0035262962303296364
669289,R,medium,3,-0.0027607990865195454
669394,R,medium,3,0.004294566672850954
676113,L,low,3,0.0
677347,R,low,3,0.0019755799117401906
680474,R,low,3,0.0
680718,L,low,3,0.0
680776,L,medium,3,-0.007334474935527924
680869,R,low,3,0.002506896129507683
681146,R,low,3,-0.006783119370331722
682177,L,low,3,0.0
682626,R,medium,3,0.004859097808461745
686527,L,low,3,0.007621886769193442
686894,R,medium,3,-0.0019821909380218473
691718,L,low,3,-0.006137462488485571
700250,L,low,3,0.0
457705,R,high,4,-0.008536412387658008
467793,L,high,4,-0.01451720583368534
502671,R,high,4,-0.008866560491266261
545121,L,medium,4,-0.010618074441070994
545361,R,high,4,-0.0034756671075264318
571745,R,high,4,-0.023164828500886445
592325,L,high,4,-0.00046753215680510763
592626,L,high,4,-0.00033862928859901455
593871,L,high,4,-0.01993314398521782
594807,R,high,4,-0.013383778104702718
596103,R,high,4,-0.012016307007743391
605141,R,high,4,-0.014918930008671106
605170,L,medium,4,-0.016602288484176123
605346,R,low,4,-0.010720426714297253
608336,L,high,4,-0.008199140423435284
624428,L,high,4,0.004075978781234607
650859,L,high,4,-0.019061826706513366
656941,L,high,4,-0.008412413620728072
657041,R,high,4,-0.014754651215181203
660707,R,medium,4,-0.022917993857761432
662139,L,medium,4,0.006593323133533397
665742,L,high,4,-0.006269920457717809
665926,L,medium,4,0.00990886033226683
667472,R,low,4,-0.01643545732680934
668709,L,medium,4,0.012963005770791904
669289,R,medium,4,-0.013733560116954363
669394,R,medium,4,-0.01658429837324101
676113,L,low,4,0.0
677347,R,low,4,-0.016302318253354535
680474,R,low,4,0.0
680718,L,low,4,0.0
680776,L,medium,4,0.005882512195935729
680869,R,low,4,-0.012924404699855434
681146,R,low,4,-0.016382388885137333
682177,L,low,4,0.0
682626,R,medium,4,-0.01017334549595384
686527,L,low,4,0.015358802841969743
686894,R,medium,4,-0.015060629046917745
691718,L,low,4,-0.005553780504974786
700250,L,low,4,0.0
457705,R,high,5,0.005633470731932469
467793,L,high,5,-0.007992352399458185
502671,R,high,5,0.012855822867846733
545121,L,medium,5,0.0006243126189282231
545361,R,high,5,0.012231361253191766
571745,R,high,5,0.004924595865393424
592325,L,high,5,-0.0011870682990445286
592626,L,high,5,-0.005134294070540405
593871,L,high,5,-0.005980395066692626
594807,R,high,5,0.017458831400804745
596103,R,high,5,0.013593153181218905
605141,R,high,5,0.008369938385572873
605170,L,medium,5,-0.007237665926239435
605346,R,low,5,0.00945300617150365
608336,L,high,5,-0.002320629859677255
624428,L,high,5,-0.0008666194262530176
650859,L,high,5,-0.0039036420097929257
656941,L,high,5,0.008917880309051718
657041,R,high,5,0.008953794774013731
660707,R,medium,5,0.011760402058497725
662139,L,medium,5,0.0033839549199389213
665742,L,high,5,0.003174438784421155
665926,L,medium,5,0.004913856785610075
667472,R,low,5,0.021978146297956625
668709,L,medium,5,0.005150608684558817
669289,R,medium,5,0.009709565618365865
669394,R,medium,5,0.010782561749611567
676113,L,low,5,0.0
677347,R,low,5,0.00582037440469697
680474,R,low,5,0.0
680718,L,low,5,0.0
680776,L,medium,5,0.005973117631380253
680869,R,low,5,0.008028589716444687
681146,R,low,5,0.016456560187024436
682177,L,low,5,0.0
682626,R,medium,5,0.012554433938997682
686527,L,low,5,-0.011458995909854053
686894,R,medium,5,0.015240267132548174
691718,L,low,5,-0.002007532628665493
700250,L,low,5,0.0
457705,R,high,6,-0.004532159985997199
467793,L,high,6,-0.01125466309620897
502671,R,high,6,-0.0026835849191286323
545121,L,medium,6,-0.006488983335950631
545361,R,high,6,-0.005023947894536114
571745,R,high,6,-0.00659292872780802
592325,L,high,6,-0.003797332728083359
592626,L,high,6,-0.004701387415554551
593871,L,high,6,-0.00940308358735704
594807,R,high,6,-0.001788789200410722
596103,R,high,6,-0.001161476569935236
605141,R,high,6,-0.0011268191587111573
605170,L,medium,6,-0.02377138631894257
605346,R,low,6,-0.0020249449183790836
608336,L,high,6,0.016505985249608217
624428,L,high,6,-0.0109285728585015
650859,L,high,6,-0.010439334209520439
656941,L,high,6,0.0013997763289311552
657041,R,high,6,0.004504352787518198
660707,R,medium,6,0.0002194545890336322
662139,L,medium,6,-0.008234926793884578
665742,L,high,6,0.0037038975000299127
665926,L,medium,6,-0.0015162702139230471
667472,R,low,6,-0.004976107919563497
668709,L,medium,6,-0.0018742769795150969
669289,R,medium,6,0.00025984157587280026
669394,R,medium,6,-0.001842365196509807
676113,L,low,6,0.0
677347,R,low,6,-0.004780474143291214
680474,R,low,6,0.0
680718,L,low,6,0.0
680776,L,medium,6,0.0031711318919285256
680869,R,low,6,-0.0072960451360063365
681146,R,low,6,0.0020532211364000822
682177,L,low,6,0.0
682626,R,medium,6,0.0020627380206713988
686527,L,low,6,7.801592168207797e-05
686894,R,medium,6,6.285739522869822e-05
691718,L,low,6,0.007168975316426482
700250,L,low,6,0.0
457705,R,high,7,0.004039853196148503
467793,L,high,7,-0.005070485364388516
502671,R,high,7,0.0039038496711519067
545121,L,medium,7,-0.012004155903744877
545361,R,high,7,0.006780689304997978
571745,R,high,7,0.0011428092793917082
592325,L,high,7,-0.001514226805356033
592626,L,high,7,-0.013123721637521913
593871,L,high,7,-0.010964521240315923
594807,R,high,7,0.0006199310593792747
596103,R,high,7,0.007954929610524469
605141,R,high,7,-0.0015630022016830537
605170,L,medium,7,-0.011243092555136558
605346,R,low,7,0.0012971785237956522
608336,L,high,7,-0.006466273015660517
624428,L,high,7,-0.007391655026550205
650859,L,high,7,-0.004709743988635491
656941,L,high,7,-0.0022056586947327567
657041,R,high,7,0.002789659442328297
660707,R,medium,7,0.004109289761128034
662139,L,medium,7,-0.017563847822019148
665742,L,high,7,-0.0024036960666113504
665926,L,medium,7,-0.0026492605147597197
667472,R,low,7,0.009593711226259
668709,L,medium,7,-0.009374336817892567
669289,R,medium,7,0.004108661311468205
669394,R,medium,7,0.005035097468788361
676113,L,low,7,0.0
677347,R,low,7,0.0026993490805301357
680474,R,low,7,0.0
680718,L,low,7,0.0
680776,L,medium,7,0.0035171951605724736
680869,R,low,7,-0.0022717344139165617
681146,R,low,7,0.003803074633614318
682177,L,low,7,0.0
682626,R,medium,7,0.00013985194572814586
686527,L,low,7,-0.006835220020643869
686894,R,medium,7,0.00846237958912244
691718,L,low,7,0.006276464100338471
700250,L,low,7,0.0
457705,R,high,8,0.011387004345221845
467793,L,high,8,0.012988404792050903
502671,R,high,8,0.013905778959800646
545121,L,medium,8,0.016444691989683784
545361,R,high,8,0.003421128865556195
571745,R,high,8,0.011119927698786244
592325,L,high,8,-0.0024345843943712744
592626,L,high,8,-0.008852625437473473
593871,L,high,8,0.02887060215697136
594807,R,high,8,0.009660944463704935
596103,R,high,8,0.024629099696542103
605141,R,high,8,0.009591266056007382
605170,L,medium,8,0.010670486439035301
605346,R,low,8,0.007001409400644365
608336,L,high,8,-0.0028567888182274154
624428,L,high,8,-0.004708144037698353
650859,L,high,8,0.014760660568557564
656941,L,high,8,-0.006149941019257679
657041,R,high,8,0.012914428746129747
660707,R,medium,8,0.0052760330311906216
662139,L,medium,8,-0.010266927230350605
665742,L,high,8,-0.005145201582889284
665926,L,medium,8,-0.002669003949425968
667472,R,low,8,0.0017236456517183021
668709,L,medium,8,0.004449071574916653
669289,R,medium,8,0.01894540755255096
669394,R,medium,8,0.006300549303383714
676113,L,low,8,0.0
677347,R,low,8,0.011596607845318095
680474,R,low,8,0.0
680718,L,low,8,0.0
680776,L,medium,8,-0.0013958670394623204
680869,R,low,8,0.017252332940284616
681146,R,low,8,0.012725921624948046
682177,L,low,8,0.0
682626,R,medium,8,0.013183126663226546
686527,L,low,8,-0.015324607233411352
686894,R,medium,8,0.01556794347556887
691718,L,low,8,-0.009557867858317724
700250,L,low,8,0.0
457705,R,high,9,-0.001391570316720045
467793,L,high,9,-0.00470017587414046
502671,R,high,9,-0.004880698168016399
545121,L,medium,9,-0.011851374257335002
545361,R,high,9,0.011563051341358885
571745,R,high,9,-0.0022396460864419158
592325,L,high,9,0.0004589810167247509
592626,L,high,9,-0.006012813449148952
593871,L,high,9,-0.012970987901077067
594807,R,high,9,-0.00023012279584845152
596103,R,high,9,-0.0041861071399345775
605141,R,high,9,-0.008439644386901122
605170,L,medium,9,-0.01652284329325856
605346,R,low,9,-0.0044893923952315454
608336,L,high,9,0.004007349768851784
624428,L,high,9,-0.0027994532196020916
650859,L,high,9,-0.008620705307244002
656941,L,high,9,-0.0016176416095774178
657041,R,high,9,0.0006783380154323478
660707,R,medium,9,0.0003704800751356684
662139,L,medium,9,-0.0034578664748804795
665742,L,high,9,-0.0009949325132439506
665926,L,medium,9,0.0014653616847062085
667472,R,low,9,0.003687072162465004
668709,L,medium,9,0.001283247010205833
669289,R,medium,9,-0.012262838692309536
669394,R,medium,9,-0.0032053311777675768
676113,L,low,9,0.0
677347,R,low,9,0.0008011844339216979
680474,R,low,9,0.0
680718,L,low,9,0.0
680776,L,medium,9,0.0024354587417221686
680869,R,low,9,-0.0016317530158060011
681146,R,low,9,-0.0017677617988432815
682177,L,low,9,0.0
682626,R,medium,9,-0.002614327082647612
686527,L,low,9,-0.0023737801236897206
686894,R,medium,9,0.006589605492625376
691718,L,low,9,0.012157475553526895
700250,L,low,9,0.0
457705,R,high,10,-0.00559424935933241
467793,L,high,10,-0.008416057017267685
502671,R,high,10,-0.0016873508456918826
545121,L,medium,10,-0.010117182199835551
545361,R,high,10,0.004250335332221325
571745,R,high,10,-0.007802872855184765
592325,L,high,10,0.0023639760366637934
592626,L,high,10,0.00880046760267759
593871,L,high,10,-0.01740166836673802
594807,R,high,10,-0.00020572917040425623
596103,R,high,10,-0.00851714736407539
605141,R,high,10,-0.003588351452870435
605170,L,medium,10,-0.003679171905686485
605346,R,low,10,0.006132519372395383
608336,L,high,10,0.006592805527122856
624428,L,high,10,-0.001748524942359505
650859,L,high,10,-0.0020133524692423
656941,L,high,10,0.0141164127917482
657041,R,high,10,-0.009003006281058663
660707,R,medium,10,-0.0010418849801245287
662139,L,medium,10,0.011587520863419883
665742,L,high,10,0.00674130114345506
665926,L,medium,10,0.00234184061378406
667472,R,low,10,-0.0048423262241304695
668709,L,medium,10,-0.004042794864524292
669289,R,medium,10,-0.007709736789858737
669394,R,medium,10,0.0011487162166772178
676113,L,low,10,0.0
677347,R,low,10,-0.007978364233079582
680474,R,low,10,0.0
680718,L,low,10,0.0
680776,L,medium,10,0.0006158423665194719
680869,R,low,10,-0.005615773144818578
681146,R,low,10,-0.009209679524382857
682177,L,low,10,0.0
682626,R,medium,10,-0.006120564149142936
686527,L,low,10,-0.0023018124848013734
686894,R,medium,10,-0.0060800404054737675
691718,L,low,10,0.003917115467827421
700250,L,low,10,0.0
457705,R,high,11,0.004294974246551954
467793,L,high,11,0.02443487503596838
502671,R,high,11,0.008072114073775599
545121,L,medium,11,0.009013236139777558
545361,R,high,11,0.009317367269812355
571745,R,high,11,0.009210190344999983
592325,L,high,11,-0.009220000566523062
592626,L,high,11,-0.01237125581142285
593871,L,high,11,0.014374319120967928
594807,R,high,11,0.009620704290471115
596103,R,high,11,0.008369965755063056
605141,R,high,11,0.008981338759014426
605170,L,medium,11,0.017753363210998314
605346,R,low,11,-0.0009773480624330132
608336,L,high,11,-0.009899722450706548
624428,L,high,11,-0.000837305366261467
650859,L,high,11,0.015317463344303787
656941,L,high,11,-0.013068659319890274
657041,R,high,11,0.004825814980233496
660707,R,medium,11,0.002046901592498104
662139,L,medium,11,-0.010784066568528834
665742,L,high,11,-0.00831657505434047
665926,L,medium,11,0.008788628483800015
667472,R,low,11,-0.0036198749241714142
668709,L,medium,11,-0.0035528250570294683
669289,R,medium,11,0.007668625873390151
669394,R,medium,11,-0.006426617133453082
676113,L,low,11,0.0
677347,R,low,11,-0.0016093229594742106
680474,R,low,11,0.0
680718,L,low,11,0.0
680776,L,medium,11,0.001975909783702249
680869,R,low,11,-0.0018886703296545162
681146,R,low,11,0.00631119888417108
682177,L,low,11,0.0
682626,R,medium,11,0.0005486852383393298
686527,L,low,11,-0.004014374842800541
686894,R,medium,11,0.0007931755408086213
691718,L,low,11,0.008536695311668119
700250,L,low,11,0.0
457705,R,high,12,0.0065187295087814415
467793,L,high,12,0.005436054232691366
502671,R,high,12,-0.0033931138108621727
545121,L,medium,12,-0.0012143061687948388
545361,R,high,12,-0.01117887050386166
571745,R,high,12,-0.002196876334578502
592325,L,high,12,-0.014241187383728326
592626,L,high,12,-0.01188019011209725
593871,L,high,12,-0.006256791455124356
594807,R,high,12,1.0440573467313085e-05
596103,R,high,12,0.00456502150960083
605141,R,high,12,0.002201912341699142
605170,L,medium,12,-0.0014703507933440984
605346,R,low,12,-0.001321115869660481
608336,L,high,12,-0.021849524936228725
624428,L,high,12,-0.004547056073103036
650859,L,high,12,0.003496462165553247
656941,L,high,12,-0.02200298858576751
657041,R,high,12,-0.0030001827944749243
660707,R,medium,12,-0.0028895292964120725
662139,L,medium,12,-0.0066549403067528694
665742,L,high,12,-0.01587755986277817
665926,L,medium,12,0.0018636943965121512
667472,R,low,12,-0.010947250129665083
668709,L,medium,12,-0.006349562882807755
669289,R,medium,12,0.0058592487099529645
669394,R,medium,12,-0.007815158301420558
676113,L,low,12,0.0
677347,R,low,12,0.007216710213581969
680474,R,low,12,0.0
680718,L,low,12,0.0
680776,L,medium,12,-0.00813002959457424
680869,R,low,12,0.0002930135505082244
681146,R,low,12,0.000609221460783816
682177,L,low,12,0.0
682626,R,medium,12,3.3361739264612994e-05
686527,L,low,12,-0.007411884206692504
686894,R,medium,12,-0.0006739632221627194
691718,L,low,12,0.007214897025198901
700250,L,low,12,0.0
457705,R,high,13,0.003102399917290111
467793,L,high,13,0.0004372248879095603
502671,R,high,13,-0.017989035004229707
545121,L,medium,13,-0.017735446770691877
545361,R,high,13,-0.01268267385005525
571745,R,high,13,-0.004413908141245281
592325,L,high,13,0.01800053408381666
592626,L,high,13,0.02895238880405244
593871,L,high,13,0.0023378083141640756
594807,R,high,13,-0.016342288373086378
596103,R,high,13,-0.013605143825736054
605141,R,high,13,-0.00638431966898954
605170,L,medium,13,0.002931762282995386
605346,R,low,13,-0.008031431508262046
608336,L,high,13,0.03538729458227027
624428,L,high,13,0.014303638335280767
650859,L,high,13,-0.011574997496907545
656941,L,high,13,0.03210794461475001
657041,R,high,13,-0.005971786397322864
660707,R,medium,13,-0.0018842874861090806
662139,L,medium,13,0.023855145686359568
665742,L,high,13,0.015222400714504291
665926,L,medium,13,0.023638709883285754
667472,R,low,13,-0.023037339047379788
668709,L,medium,13,0.015767180442532953
669289,R,medium,13,-0.0028756295543446325
669394,R,medium,13,-0.016616029821678754
676113,L,low,13,0.0
677347,R,low,13,0.011685284614800857
680474,R,low,13,0.0
680718,L,low,13,0.0
680776,L,medium,13,0.016305381020674768
680869,R,low,13,-0.004904718655181762
681146,R,low,13,0.0008256088888849708
682177,L,low,13,0.0
682626,R,medium,13,-0.014529833499498705
686527,L,low,13,0.02007750053102687
686894,R,medium,13,-0.013010313684214495
691718,L,low,13,0.021355615594319942
700250,L,low,13,0.0
457705,R,high,14,0.0004773717156079541
467793,L,high,14,0.011389976762828507
502671,R,high,14,-0.007940933691471678
545121,L,medium,14,0.0018100356466144482
545361,R,high,14,-0.0013222325788856447
571745,R,high,14,-0.0039800472884514194
592325,L,high,14,0.006164399004346467
592626,L,high,14,0.010268884762628808
593871,L,high,14,0.021040635058072795
594807,R,high,14,-0.010403530964437087
596103,R,high,14,-0.01675456732819271
605141,R,high,14,-6.264305259634268e-05
605170,L,medium,14,0.013541120235245719
605346,R,low,14,-0.0017373792763655277
608336,L,high,14,0.033117508233766406
624428,L,high,14,0.009549767348160378
650859,L,high,14,0.006584434868547251
656941,L,high,14,0.017549677502828168
657041,R,high,14,-0.003675089881552187
660707,R,medium,14,-0.0030973428578961524
662139,L,medium,14,0.013536816303668034
665742,L,high,14,0.013486255684292002
665926,L,medium,14,0.006678092364604987
667472,R,low,14,-0.013341211318435799
668709,L,medium,14,0.014405638572866274
669289,R,medium,14,-0.00048646243593332357
669394,R,medium,14,-0.01685845359684132
676113,L,low,14,0.0
677347,R,low,14,0.0011433283494293837
680474,R,low,14,0.0
680718,L,low,14,0.0
680776,L,medium,14,0.01234015729201123
680869,R,low,14,-0.00494261791288015
681146,R,low,14,0.0021352458847162877
682177,L,low,14,0.0
682626,R,medium,14,-0.009791303758830788
686527,L,low,14,0.012259704510274694
686894,R,medium,14,-0.0009264958632542832
691718,L,low,14,0.003074967688653246
700250,L,low,14,0.0
457705,R,high,15,-0.021285401869837333
467793,L,high,15,0.006647695132560566
502671,R,high,15,-0.015974580452958
545121,L,medium,15,0.005669426130948621
545361,R,high,15,-0.018874550060265168
571745,R,high,15,-0.02225750932074492
592325,L,high,15,0.012391162500967964
592626,L,high,15,0.022133059762035945
593871,L,high,15,0.0046762347746672345
594807,R,high,15,-0.018678829526572353
596103,R,high,15,-0.017593809319208596
605141,R,high,15,-0.015002344393716503
605170,L,medium,15,0.007325397019708156
605346,R,low,15,-0.00657307475900562
608336,L,high,15,0.02253001958722943
624428,L,high,15,0.005364090496267208
650859,L,high,15,0.0032820697857953176
656941,L,high,15,0.021725832549622303
657041,R,high,15,-0.022513873602523684
660707,R,medium,15,-0.017140407355800767
662139,L,medium,15,0.022219769202737237
665742,L,high,15,0.010238911453746686
665926,L,medium,15,0.014066528769745089
667472,R,low,15,-0.013341914006087632
668709,L,medium,15,0.02432733124860493
669289,R,medium,15,-0.010183425188115262
669394,R,medium,15,-0.018646478021816782
676113,L,low,15,0.0
677347,R,low,15,-0.027873847416751748
680474,R,low,15,0.0
680718,L,low,15,0.0
680776,L,medium,15,0.02043385703327702
680869,R,low,15,-0.020814958351097954
681146,R,low,15,-0.014670128388385729
682177,L,low,15,0.0
682626,R,medium,15,-0.021285029620447874
686527,L,low,15,0.01184945370502237
686894,R,medium,15,-0.022904619319377408
691718,L,low,15,-0.005749373849710046
700250,L,low,15,0.0
457705,R,high,16,0.01840267235075113
467793,L,high,16,-0.02402576899431417
502671,R,high,16,0.01822116049901146
545121,L,medium,16,-0.00470896326415111
545361,R,high,16,0.02200950485523743
571745,R,high,16,0.017134033798530533
592325,L,high,16,-0.015389952122322074
592626,L,high,16,-0.01282131025341825
593871,L,high,16,-0.04151755693384112
594807,R,high,16,0.011206653799026679
596103,R,high,16,0.014529269471329499
605141,R,high,16,0.005752977516000438
605170,L,medium,16,-0.02359169638544198
605346,R,low,16,0.010646182267674845
608336,L,high,16,-0.018629762641352625
624428,L,high,16,-0.019984997699161518
650859,L,high,16,-0.017620309751813272
656941,L,high,16,-0.004632926810553212
657041,R,high,16,0.012814780622101368
660707,R,medium,16,-0.00048145075207959513
662139,L,medium,16,-0.019128362444767538
665742,L,high,16,-0.0024889193771255253
665926,L,medium,16,-0.014951660237458702
667472,R,low,16,0.005431244597233328
668709,L,medium,16,-0.026453117038114947
669289,R,medium,16,0.012657240567289795
669394,R,medium,16,0.012476162734154401
676113,L,low,16,0.0
677347,R,low,16,-0.0063186581818653765
680474,R,low,16,0.0
680718,L,low,16,0.0
680776,L,medium,16,-0.018430331131246907
680869,R,low,16,0.01675785178304121
681146,R,low,16,0.012352500559124865
682177,L,low,16,0.0
682626,R,medium,16,0.011347560363510709
686527,L,low,16,-0.01829528229911019
686894,R,medium,16,0.0069454490038334624
691718,L,low,16,-0.02579871876449746
700250,L,low,16,0.0
457705,R,high,17,-0.005091736588333257
467793,L,high,17,-0.0066153405486850106
502671,R,high,17,-0.010337673830830136
545121,L,medium,17,0.008664072876732579
545361,R,high,17,-0.01257685147892253
571745,R,high,17,-0.0009110756087164787
592325,L,high,17,-0.014432083320495157
592626,L,high,17,-0.026480447302788323
593871,L,high,17,0.0035430883047876576
594807,R,high,17,-0.006590353478657453
596103,R,high,17,-0.016469597744460777
605141,R,high,17,-0.0058875063866742055
605170,L,medium,17,-0.003606042777645857
605346,R,low,17,-0.010207873096724412
608336,L,high,17,-0.0071071181241688436
624428,L,high,17,-0.012679082426504607
650859,L,high,17,0.002770319717615478
656941,L,high,17,-0.0194499235836103
657041,R,high,17,-0.00760329342885733
660707,R,medium,17,-0.020208753108019395
662139,L,medium,17,-0.022452701033808732
665742,L,high,17,-0.013773678879601372
665926,L,medium,17,-0.018570761525869155
667472,R,low,17,-0.013563888992227343
668709,L,medium,17,-0.01414601329865473
669289,R,medium,17,0.00014694573233743426
669394,R,medium,17,-0.022313207204703017
676113,L,low,17,0.0
677347,R,low,17,-0.011383401745956092
680474,R,low,17,0.0
680718,L,low,17,0.0
680776,L,medium,17,-0.01199153018635862
680869,R,low,17,-0.013579180818803323
681146,R,low,17,-0.0044359746482992915
682177,L,low,17,0.0
682626,R,medium,17,-0.01239249293766162
686527,L,low,17,-0.019720023467815352
686894,R,medium,17,-0.010575379534175925
691718,L,low,17,-0.004002979783269941
700250,L,low,17,0.0
457705,R,high,18,-0.00023439434886827
467793,L,high,18,0.021566227710531596
502671,R,high,18,0.006549806399484161
545121,L,medium,18,0.02063165214298951
545361,R,high,18,0.00661000516768251
571745,R,high,18,0.0033599892984139327
592325,L,high,18,-0.0030349423673151866
592626,L,high,18,-0.011220522617689284
593871,L,high,18,0.012970452875100685
594807,R,high,18,0.01640508043251777
596103,R,high,18,0.016925571437597417
605141,R,high,18,-0.0009429864972940721
605170,L,medium,18,0.018955917413648164
605346,R,low,18,0.011341752701014882
608336,L,high,18,0.0037694810554580495
624428,L,high,18,-0.016077933628903588
650859,L,high,18,0.01969143381014686
656941,L,high,18,-0.014967113576720703
657041,R,high,18,0.00884853793760936
660707,R,medium,18,0.012363653760303007
662139,L,medium,18,-0.011979018301573798
665742,L,high,18,-0.00942049813045963
665926,L,medium,18,-0.022248798576601028
667472,R,low,18,0.020261412920289837
668709,L,medium,18,-0.00324090842955884
669289,R,medium,18,-0.0017159525767205424
669394,R,medium,18,0.009018141331603736
676113,L,low,18,0.0
677347,R,low,18,0.012834038387220258
680474,R,low,18,0.0
680718,L,low,18,0.0
680776,L,medium,18,-0.011785390450123726
680869,R,low,18,0.005738797633269867
681146,R,low,18,0.0023880187808462752
682177,L,low,18,0.0
682626,R,medium,18,0.010014175519367065
686527,L,low,18,-0.006147196680060524
686894,R,medium,18,0.021529527240752928
691718,L,low,18,-0.010783791550583167
700250,L,low,18,0.0
457705,R,high,19,-0.006327807615226971
467793,L,high,19,0.007490816120139673
502671,R,high,19,-0.012597048365737837
545121,L,medium,19,0.0008085651635850105
545361,R,high,19,-0.0038315759060898137
571745,R,high,19,-0.010364370888316553
592325,L,high,19,-0.020333841106088837
592626,L,high,19,-0.012509342685204648
593871,L,high,19,-0.01348692772895915
594807,R,high,19,-0.01095380477969678
596103,R,high,19,-0.0038894497442808137
605141,R,high,19,0.0010010009565891511
605170,L,medium,19,-0.00171300263881862
605346,R,low,19,-0.004796582082268037
608336,L,high,19,-0.021759830878005565
624428,L,high,19,-0.020962382799706674
650859,L,high,19,0.007612013488647483
656941,L,high,19,-0.01886093670831156
657041,R,high,19,-0.0001719726728842685
660707,R,medium,19,0.0011223812631300804
662139,L,medium,19,-0.019250883682409556
665742,L,high,19,-0.008766840001549354
665926,L,medium,19,0.008958258233546313
667472,R,low,19,-0.015251840895427395
668709,L,medium,19,-0.01341542736401765
669289,R,medium,19,-0.002174984572599977
669394,R,medium,19,-0.007586264455522042
676113,L,low,19,0.0
677347,R,low,19,-0.019576338180721263
680474,R,low,19,0.0
680718,L,low,19,0.0
680776,L,medium,19,-0.0041850027494719924
680869,R,low,19,-0.006716917908363609
681146,R,low,19,-0.0021199770217536235
682177,L,low,19,0.0
682626,R,medium,19,-0.009187010531122974
686527,L,low,19,-0.008634190821658802
686894,R,medium,19,-0.003571862203956534
691718,L,low,19,-0.0037632383390053888
700250,L,low,19,0.0
457705,R,high,20,-0.002312389086450829
467793,L,high,20,0.009997471300955485
502671,R,high,20,0.0028733859382399202
545121,L,medium,20,0.0013261377625584817
545361,R,high,20,0.01162909944681141
571745,R,high,20,0.001187809207081605
592325,L,high,20,0.01332065253619312
592626,L,high,20,0.004716828592843198
593871,L,high,20,0.007746125392973953
594807,R,high,20,0.007347588672128907
596103,R,high,20,0.010110386611475513
605141,R,high,20,-0.008614099401244713
605170,L,medium,20,0.01624886721945928
605346,R,low,20,0.004473136410099821
608336,L,high,20,0.001283036052460942
624428,L,high,20,0.003173394906903511
650859,L,high,20,0.0014321972946541679
656941,L,high,20,-0.0054671233559510325
657041,R,high,20,-0.0016465864375148538
660707,R,medium,20,-0.00014191595165945843
662139,L,medium,20,0.01486252003472614
665742,L,high,20,-0.006410980149088574
665926,L,medium,20,0.001343043583122442
667472,R,low,20,0.009434616864194383
668709,L,medium,20,0.02392908689750606
669289,R,medium,20,-0.010053452633157572
669394,R,medium,20,0.004287867293901458
676113,L,low,20,0.0
677347,R,low,20,0.0004953955993657264
680474,R,low,20,0.0
680718,L,low,20,0.0
680776,L,medium,20,0.007075220392808461
680869,R,low,20,0.0051283007858686286
681146,R,low,20,-0.008798390344352864
682177,L,low,20,0.0
682626,R,medium,20,-0.003223278159171196
686527,L,low,20,0.024017381847161026
686894,R,medium,20,0.0033396104830667166
691718,L,low,20,0.0036955836836099587
700250,L,low,20,0.0
457705,R,high,21,0.00016098347669468995
467793,L,high,21,-0.0053050325419670774
502671,R,high,21,0.0015774833704435725
545121,L,medium,21,-0.004180279315755956
545361,R,high,21,0.00041534753036253014
571745,R,high,21,-0.0022392898578315413
592325,L,high,21,0.011748287554464762
592626,L,high,21,0.004902001166696761
593871,L,high,21,-0.00482892293605722
594807,R,high,21,-0.0030124758002300182
596103,R,high,21,-0.007636864173969108
605141,R,high,21,-0.00030213882388850085
605170,L,medium,21,-0.0017151686570579605
605346,R,low,21,-0.004496975211861377
608336,L,high,21,-0.002509904388211181
624428,L,high,21,0.011950071280514958
650859,L,high,21,-0.0009911651611659114
656941,L,high,21,0.0028133907561886337
657041,R,high,21,-0.004353981005764405
660707,R,medium,21,-0.005235862915042201
662139,L,medium,21,0.009872651356129929
665742,L,high,21,0.007204242599190107
665926,L,medium,21,0.017496527665426618
667472,R,low,21,-0.011724980290220127
668709,L,medium,21,0.006259020637763026
669289,R,medium,21,0.0003723806348860001
669394,R,medium,21,-0.01847556672088334
676113,L,low,21,0.0
677347,R,low,21,0.0002919911111179799
680474,R,low,21,0.0
680718,L,low,21,0.0
680776,L,medium,21,0.0059259835508174985
680869,R,low,21,-0.010813726714088182
681146,R,low,21,0.0007892649277686071
682177,L,low,21,0.0
682626,R,medium,21,-0.009749827402512306
686527,L,low,21,0.00922771578484734
686894,R,medium,21,-0.013432668081503212
691718,L,low,21,0.02161612882724384
700250,L,low,21,0.0
457705,R,high,22,0.00617587027021932
467793,L,high,22,0.008074100736947682
502671,R,high,22,0.014079355955920745
545121,L,medium,22,0.0007495105440375139
545361,R,high,22,-0.0028459123270687847
571745,R,high,22,0.0016364792750987384
592325,L,high,22,0.001308938878818162
592626,L,high,22,0.013198080775506743
593871,L,high,22,0.01374441929439846
594807,R,high,22,0.005441351768450113
596103,R,high,22,0.007288381735814548
605141,R,high,22,0.011968240303994562
605170,L,medium,22,0.01104641185290903
605346,R,low,22,0.0006913667581925066
608336,L,high,22,0.004487065085414282
624428,L,high,22,0.006416038618199313
650859,L,high,22,0.017460780713368408
656941,L,high,22,0.004950614837138939
657041,R,high,22,0.0021652635849630985
660707,R,medium,22,0.006772073771346883
662139,L,medium,22,0.007204465296981018
665742,L,high,22,-0.0049148704494264735
665926,L,medium,22,0.006187643874177122
667472,R,low,22,0.008160151084234693
668709,L,medium,22,0.0027246013560715803
669289,R,medium,22,0.003197083340375299
669394,R,medium,22,0.011872353111918496
676113,L,low,22,0.0
677347,R,low,22,-0.008559790057532579
680474,R,low,22,0.0
680718,L,low,22,0.0
680776,L,medium,22,0.008134181696479345
680869,R,low,22,0.009119219705115998
681146,R,low,22,0.003949203132920825
682177,L,low,22,0.0
682626,R,medium,22,0.0019418677599636967
686527,L,low,22,0.008381193613891221
686894,R,medium,22,0.005824448485468111
691718,L,low,22,0.004227346757082468
700250,L,low,22,0.0
457705,R,high,23,-0.010270325928566247
467793,L,high,23,-0.027401729896934717
502671,R,high,23,-0.0011819197128714882
545121,L,medium,23,0.0009374211160885638
545361,R,high,23,-0.0136208091177802
571745,R,high,23,-0.0064564837893313605
592325,L,high,23,-0.01625021050921218
592626,L,high,23,-0.018396623116258698
593871,L,high,23,-0.013946416414786281
594807,R,high,23,-0.006582909643531146
596103,R,high,23,0.0006942290063993192
605141,R,high,23,-0.009246704065115522
605170,L,medium,23,-0.025082421707981865
605346,R,low,23,-0.012136056906865231
608336,L,high,23,-0.007248196295302986
624428,L,high,23,-0.011364032330495459
650859,L,high,23,-0.02032498799973103
656941,L,high,23,-0.012977166380983977
657041,R,high,23,-0.006407999922586402
660707,R,medium,23,-0.013916769403639378
662139,L,medium,23,-0.023254627696432065
665742,L,high,23,-0.013477972870662864
665926,L,medium,23,-0.019479444116482107
667472,R,low,23,-0.0019867214990358043
668709,L,medium,23,-0.0090822239661568
669289,R,medium,23,0.000509230296411212
669394,R,medium,23,-0.009103804180082137
676113,L,low,23,0.0
677347,R,low,23,-0.0036951831617968597
680474,R,low,23,0.0
680718,L,low,23,0.0
680776,L,medium,23,-0.013611442348127072
680869,R,low,23,-0.006922117119235143
681146,R,low,23,0.001251957999005049
682177,L,low,23,0.0
682626,R,medium,23,-0.005376838138704611
686527,L,low,23,-0.012854825454838152
686894,R,medium,23,-0.000836730275506255
691718,L,low,23,-0.025204869359610436
700250,L,low,23,0.0
457705,R,high,24,0.006690927459529274
467793,L,high,24,0.0028931419727020445
502671,R,high,24,0.007704419371351129
545121,L,medium,24,0.006655996422499127
545361,R,high,24,0.005847487559850197
571745,R,high,24,0.009010700972763904
592325,L,high,24,-0.0035598902584897426
592626,L,high,24,-0.01914742783603674
593871,L,high,24,0.008177849412577636
594807,R,high,24,0.0010109574155719074
596103,R,high,24,0.014334928893746712
605141,R,high,24,-0.0034636421639091994
605170,L,medium,24,0.0069136902247904355
605346,R,low,24,0.008600360008446153
608336,L,high,24,-0.014616563624158094
624428,L,high,24,-0.004287288217407254
650859,L,high,24,0.0027954343804825507
656941,L,high,24,-0.016293821147906
657041,R,high,24,0.011605100917463697
660707,R,medium,24,0.007311445408698598
662139,L,medium,24,-0.014224638658059285
665742,L,high,24,-0.007532816122058019
665926,L,medium,24,-0.005807664590638424
667472,R,low,24,0.008776787502279374
668709,L,medium,24,-0.0011212042215986513
669289,R,medium,24,0.01353235530791496
669394,R,medium,24,0.016881341215545992
676113,L,low,24,0.0
677347,R,low,24,0.01827110971295374
680474,R,low,24,0.0
680718,L,low,24,0.0
680776,L,medium,24,-0.004387661323106723
680869,R,low,24,0.016522003714973876
681146,R,low,24,0.008178931077496536
682177,L,low,24,0.0
682626,R,medium,24,0.013397267548408589
686527,L,low,24,-0.010925335199868364
686894,R,medium,24,0.015898161147752003
691718,L,low,24,-0.0030542977026745233
700250,L,low,24,0.0
457705,R,high,25,-0.0070582748800146105
467793,L,high,25,-0.0206397915350586
502671,R,high,25,-0.00858783966453007
545121,L,medium,25,-0.0054839793748923445
545361,R,high,25,-0.032785816465956394
571745,R,high,25,-0.011811052494956826
592325,L,high,25,-0.017319836195041818
592626,L,high,25,-0.027270592433091156
593871,L,high,25,-0.010733254188878976
594807,R,high,25,-0.01633147854585485
596103,R,high,25,-0.0063928941308715
605141,R,high,25,-0.01305654611774505
605170,L,medium,25,-0.02407971560721837
605346,R,low,25,-0.0025227479584160107
608336,L,high,25,-0.025351442306922982
624428,L,high,25,-0.02397445598945392
650859,L,high,25,-0.011877365319445438
656941,L,high,25,-0.029705549788261634
657041,R,high,25,-0.009264749629421509
660707,R,medium,25,-0.005066505026385941
662139,L,medium,25,-0.02634871093354541
665742,L,high,25,-0.021687990069142547
665926,L,medium,25,-0.021798687968973607
667472,R,low,25,-0.012779363106751915
668709,L,medium,25,-0.007847388813617828
669289,R,medium,25,-0.0009532754285904035
669394,R,medium,25,-0.011020281797588611
676113,L,low,25,0.0
677347,R,low,25,-0.00885486586306524
680474,R,low,25,0.0
680718,L,low,25,0.0
680776,L,medium,25,-0.013569950491273755
680869,R,low,25,-0.00913504725324789
681146,R,low,25,-0.004224664188241452
682177,L,low,25,0.0
682626,R,medium,25,-0.01350111481253755
686527,L,low,25,-0.026651548112581674
686894,R,medium,25,-0.0052426391880433625
691718,L,low,25,-0.020856395359054997
700250,L,low,25,0.0
457705,R,high,26,0.00589472992804552
467793,L,high,26,-1.0440017442222302e-05
502671,R,high,26,0.002095034717839031
545121,L,medium,26,0.005333834658572898
545361,R,high,26,0.00870109253932461
571745,R,high,26,0.0019090094899106038
592325,L,high,26,0.0020973120769904098
592626,L,high,26,-0.004295522318294269
593871,L,high,26,0.006457151083122699
594807,R,high,26,0.00011609697384960615
596103,R,high,26,-0.007173820332347404
605141,R,high,26,0.01051990421938932
605170,L,medium,26,-0.012709134844873045
605346,R,low,26,-0.014417911721208173
608336,L,high,26,-0.002616837497374168
624428,L,high,26,0.0032772355529433125
650859,L,high,26,0.00048239226521074323
656941,L,high,26,-0.004809707449822216
657041,R,high,26,0.0021034702874421353
660707,R,medium,26,-0.0074946207540885984
662139,L,medium,26,0.0029808563507568637
665742,L,high,26,-0.007002288789470639
665926,L,medium,26,0.0024596665463038664
667472,R,low,26,0.002361662599254005
668709,L,medium,26,0.0064106183914411806
669289,R,medium,26,-0.0017149501595744502
669394,R,medium,26,-0.008589125286672083
676113,L,low,26,0.0
677347,R,low,26,-0.02110495567323915
680474,R,low,26,0.0
680718,L,low,26,0.0
680776,L,medium,26,0.006637514970942612
680869,R,low,26,-0.009852910988144096
681146,R,low,26,0.0035941120328808547
682177,L,low,26,0.0
682626,R,medium,26,-0.005233731461052713
686527,L,low,26,0.003321736897828156
686894,R,medium,26,-0.00017672891376181875
691718,L,low,26,0.00037458384580738057
700250,L,low,26,0.0
457705,R,high,27,-0.013960512170203833
467793,L,high,27,-0.016697703049929867
502671,R,high,27,-0.012276822568881152
545121,L,medium,27,-0.016804900403494222
545361,R,high,27,-0.01564261170408882
571745,R,high,27,-0.013226351715976295
592325,L,high,27,0.009753645177095127
592626,L,high,27,0.02040834766937726
593871,L,high,27,-0.019983344278898175
594807,R,high,27,-0.01666357584719485
596103,R,high,27,-0.014920626351601872
605141,R,high,27,-0.012907980259634997
605170,L,medium,27,-0.015216266341609778
605346,R,low,27,-0.007704444874078659
608336,L,high,27,0.009935774478344728
624428,L,high,27,0.005808194894190387
650859,L,high,27,-0.01608966113857697
656941,L,high,27,0.007137295298296911
657041,R,high,27,-0.018625809864503906
660707,R,medium,27,-0.017229730360575932
662139,L,medium,27,0.02167368442498831
665742,L,high,27,0.00894599117040648
665926,L,medium,27,0.007300965328633559
667472,R,low,27,-0.011452501618803883
668709,L,medium,27,0.022812244190884793
669289,R,medium,27,-0.011243045428744436
669394,R,medium,27,-0.01754382595534443
676113,L,low,27,0.0
677347,R,low,27,-0.003978656353569191
680474,R,low,27,0.0
680718,L,low,27,0.0
680776,L,medium,27,0.0027826932381600045
680869,R,low,27,-0.014435536279534178
681146,R,low,27,-0.013527738907714297
682177,L,low,27,0.0
682626,R,medium,27,-0.01843431569537907
686527,L,low,27,0.011893861284170597
686894,R,medium,27,-0.019616381326635113
691718,L,low,27,-0.008892812232610152
700250,L,low,27,0.0
457705,R,high,28,-0.0022009160910488527
467793,L,high,28,-0.011210257075969047
502671,R,high,28,0.001107015277604845
545121,L,medium,28,-0.006195308235418115
545361,R,high,28,0.00846031972419314
571745,R,high,28,0.00883313058342982
592325,L,high,28,0.0052474774789008265
592626,L,high,28,0.0034259489076703792
593871,L,high,28,-0.011061134063221656
594807,R,high,28,-0.0011640629819281404
596103,R,high,28,0.005225966490182601
605141,R,high,28,0.006907080423638078
605170,L,medium,28,-0.005212139847161789
605346,R,low,28,0.0034981666838194794
608336,L,high,28,0.014867839001913479
624428,L,high,28,0.0023607623832654656
650859,L,high,28,-0.009049288615370195
656941,L,high,28,0.011697823064508475
657041,R,high,28,-0.0035406404602768855
660707,R,medium,28,0.009065258928189227
662139,L,medium,28,-0.0011221394726929053
665742,L,high,28,-0.00042491791671847345
665926,L,medium,28,0.0064289503703502575
667472,R,low,28,-0.004709007039183956
668709,L,medium,28,-0.010941817401696245
669289,R,medium,28,0.004659281766148112
669394,R,medium,28,0.0008182251271915923
676113,L,low,28,0.0
677347,R,low,28,0.005431964853789147
680474,R,low,28,0.0
680718,L,low,28,0.0
680776,L,medium,28,-0.011512360611948326
680869,R,low,28,-0.008354456105464486
681146,R,low,28,-0.0024347548245690254
682177,L,low,28,0.0
682626,R,medium,28,-0.0017643306092822325
686527,L,low,28,0.002164637828616658
686894,R,medium,28,-0.011510707851192096
691718,L,low,28,0.006338339568389538
700250,L,low,28,0.0
457705,R,high,29,-0.003854973857214333
467793,L,high,29,-0.020398219286365423
502671,R,high,29,-0.0061295304987888264
545121,L,medium,29,-0.0015350257257808271
545361,R,high,29,-0.0041586440107151375
571745,R,high,29,-0.010094822904098792
592325,L,high,29,0.0053142199689525296
592626,L,high,29,0.00025799219873059103
593871,L,high,29,-0.017540187918694685
594807,R,high,29,-0.01846446315740245
596103,R,high,29,-0.006774444080398401
605141,R,high,29,-0.0048579744350213784
605170,L,medium,29,-0.026343064560788058
605346,R,low,29,-0.006801902864656709
608336,L,high,29,0.00218278174295714
624428,L,high,29,0.000153164338509571
650859,L,high,29,-0.014436940717576443
656941,L,high,29,-0.0007499742091713195
657041,R,high,29,-0.012007482199868006
660707,R,medium,29,-0.018051638316269113
662139,L,medium,29,-0.004825120866350737
665742,L,high,29,0.004796999051948493
665926,L,medium,29,0.005109068168975366
667472,R,low,29,-0.01634074066587962
668709,L,medium,29,0.010169063480041561
669289,R,medium,29,-0.005020338983346895
669394,R,medium,29,-0.011829993791996233
676113,L,low,29,0.0
677347,R,low,29,-0.0046306800210170525
680474,R,low,29,0.0
680718,L,low,29,0.0
680776,L,medium,29,0.0008711101123290344
680869,R,low,29,-0.00610292565231279
681146,R,low,29,-0.008585203033794063
682177,L,low,29,0.0
682626,R,medium,29,-0.008356519381321705
686527,L,low,29,0.006843649995094959
686894,R,medium,29,-0.013827483853949354
691718,L,low,29,-0.004937086505631439
700250,L,low,29,0.0
457705,R,high,30,0.002382920106837436
467793,L,high,30,-0.012721073612435503
502671,R,high,30,0.005764568755719835
545121,L,medium,30,-0.013861516062459474
545361,R,high,30,0.0007110175955402642
571745,R,high,30,0.006950058976064105
592325,L,high,30,-0.0008451379995149033
592626,L,high,30,0.0017462977148209266
593871,L,high,30,-0.021809517446401028
594807,R,high,30,-0.0002970079082303675
596103,R,high,30,0.004356146898261793
605141,R,high,30,0.0022564478090622547
605170,L,medium,30,-0.013248196298575397
605346,R,low,30,-0.0007121206745696641
608336,L,high,30,-0.011533198250342805
624428,L,high,30,0.010560191446718806
650859,L,high,30,-0.017502768282936877
656941,L,high,30,-0.008173826665094025
657041,R,high,30,0.00739906711448094
660707,R,medium,30,0.00044744229094397463
662139,L,medium,30,-0.0031934848954691827
665742,L,high,30,-0.00372348001397769
665926,L,medium,30,0.0034806554371267103
667472,R,low,30,0.0012328742684349688
668709,L,medium,30,0.007756690339691634
669289,R,medium,30,6.72820093784819e-05
669394,R,medium,30,0.005299211101760122
676113,L,low,30,0.0
677347,R,low,30,0.009282253410179993
680474,R,low,30,0.0
680718,L,low,30,0.0
680776,L,medium,30,-0.00692400137603177
680869,R,low,30,0.004408805001735951
681146,R,low,30,0.0023051229732026163
682177,L,low,30,0.0
682626,R,medium,30,-0.003083519519855316
686527,L,low,30,0.009180936650617954
686894,R,medium,30,0.004535681308425767
691718,L,low,30,-0.006558630645487893
700250,L,low,30,0.0
457705,R,high,31,-0.004322878986143548
467793,L,high,31,-0.018081115559842768
502671,R,high,31,1.978686001656836e-05
545121,L,medium,31,0.010716174544240854
545361,R,high,31,-0.001121689448638237
571745,R,high,31,0.0031688891601928874
592325,L,high,31,-0.028616106742309175
592626,L,high,31,-0.018096513960899684
593871,L,high,31,-0.01784278819244396
594807,R,high,31,0.00990766564824368
596103,R,high,31,0.005398116962343212
605141,R,high,31,-0.00183331843936702
605170,L,medium,31,-0.023762759952800843
605346,R,low,31,8.599473429110591e-05
608336,L,high,31,-0.020124978815325163
624428,L,high,31,-0.023270310052159734
650859,L,high,31,-0.0022877422070464344
656941,L,high,31,-0.018797819817764513
657041,R,high,31,0.0012050395536002234
660707,R,medium,31,0.005312235985812852
662139,L,medium,31,-0.03306523454394104
665742,L,high,31,-0.005927726694832152
665926,L,medium,31,-0.02669409943202689
667472,R,low,31,0.002516662800326705
668709,L,medium,31,-0.03397963936960353
669289,R,medium,31,0.012675761136005206
669394,R,medium,31,0.00412067550284386
676113,L,low,31,0.0
677347,R,low,31,0.012356141438221209
680474,R,low,31,0.0
680718,L,low,31,0.0
680776,L,medium,31,-0.017199746706009218
680869,R,low,31,-0.004625082623848962
681146,R,low,31,0.003284217050644075
682177,L,low,31,0.0
682626,R,medium,31,0.00747265110955751
686527,L,low,31,-0.0266063697308119
686894,R,medium,31,0.004731800502818153
691718,L,low,31,-0.01585690555869024
700250,L,low,31,0.0
