anchor,anchor_name,p_throws,x_bin,z_bin,n_pitches,quantity,anchor_value,league_value,delta
545361,Mike Trout,L,0.0,0.0,2555,p_swing,0.13731915870738912,0.19269523317972884,-0.05537607447233972
545361,Mike Trout,L,0.0,0.0,2555,p_contact,0.1498055974806464,0.13455061754717623,0.015254979933470164
545361,Mike Trout,L,0.0,0.0,2555,q,0.25684663626545795,0.22508242287298702,0.03176421339247093
545361,Mike Trout,L,0.0,1.0,1524,p_swing,0.1952029255352331,0.27710077224653884,-0.08189784671130573
545361,Mike Trout,L,0.0,1.0,1524,p_contact,0.5346661213022829,0.4874944447163758,0.04717167658590704
545361,Mike Trout,L,0.0,1.0,1524,q,0.27955684049196755,0.26692525751047874,0.01263158298148881
545361,Mike Trout,L,0.0,2.0,1188,p_swing,0.17655028872173553,0.28907179132331506,-0.11252150260157953
545361,Mike Trout,L,0.0,2.0,1188,p_contact,0.7434114266535022,0.730326152074714,0.013085274578788275
545361,Mike Trout,L,0.0,2.0,1188,q,0.25132513058807715,0.2502255532868608,0.0010995773012163479
545361,Mike Trout,L,0.0,3.0,656,p_swing,0.09277960607995067,0.24414552048210106,-0.1513659144021504
545361,Mike Trout,L,0.0,3.0,656,p_contact,0.7975891154123153,0.802962601606098,-0.0053734861937827505
545361,Mike Trout,L,0.0,3.0,656,q,0.22042283814445865,0.22181076989168438,-0.0013879317472257346
545361,Mike Trout,L,0.0,4.0,289,p_swing,0.010460759651726447,0.09490539989141164,-0.08444464023968519
545361,Mike Trout,L,0.0,4.0,289,p_contact,0.6048548502080581,0.6062215853275597,-0.001366735119501583
545361,Mike Trout,L,0.0,4.0,289,q,0.21278948238873563,0.2014667638600079,0.011322718528727738
545361,Mike Trout,L,1.0,0.0,2432,p_swing,0.3566314774025518,0.374937813541681,-0.018306336139129187
545361,Mike Trout,L,1.0,0.0,2432,p_contact,0.4430161933096435,0.3525583829994665,0.09045781031017697
545361,Mike Trout,L,1.0,0.0,2432,q,0.392996982499761,0.2886639841054689,0.10433299839429211
545361,Mike Trout,L,1.0,1.0,2202,p_swing,0.557784926499427,0.5781999333594062,-0.020415006859979212
545361,Mike Trout,L,1.0,1.0,2202,p_contact,0.8640926500729925,0.7995623337052133,0.06453031636777917
545361,Mike Trout,L,1.0,1.0,2202,q,0.47232966702245344,0.3727750098134825,0.09955465720897094
545361,Mike Trout,L,1.0,2.0,2114,p_swing,0.565626388804039,0.6377603858768898,-0.07213399707285073
545361,Mike Trout,L,1.0,2.0,2114,p_contact,0.8973747378068931,0.8816117126359309,0.015763025170962286
545361,Mike Trout,L,1.0,2.0,2114,q,0.4091555302647227,0.3531110914285553,0.05604443883616739
545361,Mike Trout,L,1.0,3.0,1418,p_swing,0.4137807466390287,0.6065528834287279,-0.19277213678969923
545361,Mike Trout,L,1.0,3.0,1418,p_contact,0.8254356592347154,0.8250823231624658,0.0003533360722496326
545361,Mike Trout,L,1.0,3.0,1418,q,0.3330850106452517,0.3071625009365117,0.025922509708739994
545361,Mike Trout,L,1.0,4.0,805,p_swing,0.0925037844872264,0.3186494801784648,-0.22614569569123838
545361,Mike Trout,L,1.0,4.0,805,p_contact,0.4939461623798616,0.5208204238718109,-0.026874261491949325
545361,Mike Trout,L,1.0,4.0,805,q,0.24899654756791845,0.23975972529634926,0.00923682227156919
545361,Mike Trout,L,2.0,0.0,2303,p_swing,0.4463673535206545,0.42884649217472215,0.017520861345932337
545361,Mike Trout,L,2.0,0.0,2303,p_contact,0.5839579568311765,0.4747728777684437,0.10918507906273278
545361,Mike Trout,L,2.0,0.0,2303,q,0.4356082937915947,0.28889157804664944,0.14671671574494527
545361,Mike Trout,L,2.0,1.0,2558,p_swing,0.671720016274406,0.6708210248583719,0.0008989914160341117
545361,Mike Trout,L,2.0,1.0,2558,p_contact,0.9005023091448947,0.8429793214740594,0.0575229876708353
545361,Mike Trout,L,2.0,1.0,2558,q,0.6081924365776605,0.4149933209805585,0.193199115597102
545361,Mike Trout,L,2.0,2.0,2730,p_swing,0.6955254869187598,0.7432946253253024,-0.04776913840654262
545361,Mike Trout,L,2.0,2.0,2730,p_contact,0.896027895917386,0.8760594213987009,0.01996847451868511
545361,Mike Trout,L,2.0,2.0,2730,q,0.55256006139102,0.42294874946380057,0.12961131192721942
545361,Mike Trout,L,2.0,3.0,1861,p_swing,0.5736225476060093,0.7183825141676874,-0.1447599665616781
545361,Mike Trout,L,2.0,3.0,1861,p_contact,0.7894488153343621,0.7874913155619397,0.001957499772422322
545361,Mike Trout,L,2.0,3.0,1861,q,0.42880190409267543,0.3710750597070808,0.05772684438559461
545361,Mike Trout,L,2.0,4.0,1179,p_swing,0.14663590599993487,0.3979515230322593,-0.2513156170323244
545361,Mike Trout,L,2.0,4.0,1179,p_contact,0.3773285178815199,0.4514854615897634,-0.0741569437082435
545361,Mike Trout,L,2.0,4.0,1179,q,0.277412059305329,0.2721837780785773,0.005228281226751674
545361,Mike Trout,L,3.0,0.0,1477,p_swing,0.42225309041862014,0.4010867938712566,0.021166296547363517
545361,Mike Trout,L,3.0,0.0,1477,p_contact,0.6005719927673361,0.4837866826028395,0.11678531016449656
545361,Mike Trout,L,3.0,0.0,1477,q,0.3674716388475031,0.2540301368147962,0.11344150203270692
545361,Mike Trout,L,3.0,1.0,1921,p_swing,0.5978734967226569,0.6113481895930852,-0.01347469287042835
545361,Mike Trout,L,3.0,1.0,1921,p_contact,0.8700657907499117,0.8188423194414328,0.05122347130847893
545361,Mike Trout,L,3.0,1.0,1921,q,0.5393104713171611,0.3506265677762242,0.18868390354093695
545361,Mike Trout,L,3.0,2.0,2305,p_swing,0.5935868355552636,0.6619834238822034,-0.06839658832693984
545361,Mike Trout,L,3.0,2.0,2305,p_contact,0.8512993155746295,0.8525776874678384,-0.001278371893208896
545361,Mike Trout,L,3.0,2.0,2305,q,0.5674936438718742,0.3897371697604268,0.17775647411144735
545361,Mike Trout,L,3.0,3.0,1623,p_swing,0.43730777569344836,0.5960974273012872,-0.15878965160783887
545361,Mike Trout,L,3.0,3.0,1623,p_contact,0.7116450049116225,0.7542372793235569,-0.04259227441193436
545361,Mike Trout,L,3.0,3.0,1623,q,0.4753895554271511,0.36805334646954846,0.10733620895760265
545361,Mike Trout,L,3.0,4.0,1169,p_swing,0.09187561358144579,0.2827956999365315,-0.19092008635508567
545361,Mike Trout,L,3.0,4.0,1169,p_contact,0.33851196903733805,0.4245833991304254,-0.08607143009308738
545361,Mike Trout,L,3.0,4.0,1169,q,0.32449879273581034,0.28903847808179256,0.03546031465401778
545361,Mike Trout,L,4.0,0.0,664,p_swing,0.20008305434981544,0.2164918671535523,-0.01640881280373685
545361,Mike Trout,L,4.0,0.0,664,p_contact,0.3898552984689767,0.2850041139358519,0.10485118453312481
545361,Mike Trout,L,4.0,0.0,664,q,0.2570874460535236,0.2063962389443474,0.05069120710917624
545361,Mike Trout,L,4.0,1.0,1175,p_swing,0.270017330455321,0.3302790122079349,-0.06026168175261387
545361,Mike Trout,L,4.0,1.0,1175,p_contact,0.6718243272277586,0.586057789402307,0.08576653782545163
545361,Mike Trout,L,4.0,1.0,1175,q,0.3292229670666634,0.2620660552568258,0.06715691180983757
545361,Mike Trout,L,4.0,2.0,1594,p_swing,0.21481459962387603,0.3193648986395669,-0.10455029901569088
545361,Mike Trout,L,4.0,2.0,1594,p_contact,0.6792475636294778,0.6729544552575143,0.006293108371963507
545361,Mike Trout,L,4.0,2.0,1594,q,0.3558135934809744,0.2886825246326952,0.06713106884827919
545361,Mike Trout,L,4.0,3.0,1244,p_swing,0.1026167443590621,0.22652389050982474,-0.12390714615076265
545361,Mike Trout,L,4.0,3.0,1244,p_contact,0.5680662175788369,0.6112288745718679,-0.04316265699303101
545361,Mike Trout,L,4.0,3.0,1244,q,0.34232197370727535,0.29270573585776316,0.04961623784951219
545361,Mike Trout,L,4.0,4.0,1014,p_swing,0.010210785679976435,0.0594125197442367,-0.04920173406426026
545361,Mike Trout,L,4.0,4.0,1014,p_contact,0.2951823173413024,0.3529143301360294,-0.057732012794727006
545361,Mike Trout,L,4.0,4.0,1014,q,0.2882247674453423,0.2768377197828122,0.011387047662530125
665742,Juan Soto,L,0.0,0.0,2555,p_swing,0.10605569959604715,0.19269523317972884,-0.08663953358368169
665742,Juan Soto,L,0.0,0.0,2555,p_contact,0.10164328564224094,0.13455061754717623,-0.03290733190493529
665742,Juan Soto,L,0.0,0.0,2555,q,0.23097797100907902,0.22508242287298702,0.005895548136091999
665742,Juan Soto,L,0.0,1.0,1524,p_swing,0.2530675070999897,0.27710077224653884,-0.024033265146549132
665742,Juan Soto,L,0.0,1.0,1524,p_contact,0.4930209467973213,0.4874944447163758,0.005526502080945461
665742,Juan Soto,L,0.0,1.0,1524,q,0.3162949241091573,0.26692525751047874,0.049369666598678585
665742,Juan Soto,L,0.0,2.0,1188,p_swing,0.34470383495560536,0.28907179132331506,0.055632043632290296
665742,Juan Soto,L,0.0,2.0,1188,p_contact,0.7556517856483276,0.730326152074714,0.025325633573613615
665742,Juan Soto,L,0.0,2.0,1188,q,0.30846626739886274,0.2502255532868608,0.058240714112001934
665742,Juan Soto,L,0.0,3.0,656,p_swing,0.30241488608056366,0.24414552048210106,0.0582693655984626
665742,Juan Soto,L,0.0,3.0,656,p_contact,0.792203620621344,0.802962601606098,-0.01075898098475403
665742,Juan Soto,L,0.0,3.0,656,q,0.25808421071482507,0.22181076989168438,0.036273440823140685
665742,Juan Soto,L,0.0,4.0,289,p_swing,0.08669541363031646,0.09490539989141164,-0.008209986261095176
665742,Juan Soto,L,0.0,4.0,289,p_contact,0.5263517460170295,0.6062215853275597,-0.07986983931053016
665742,Juan Soto,L,0.0,4.0,289,q,0.19182695195749144,0.2014667638600079,-0.009639811902516449
665742,Juan Soto,L,1.0,0.0,2432,p_swing,0.2447101038073416,0.374937813541681,-0.1302277097343394
665742,Juan Soto,L,1.0,0.0,2432,p_contact,0.3103563491143306,0.3525583829994665,-0.04220203388513594
665742,Juan Soto,L,1.0,0.0,2432,q,0.28792476691734536,0.2886639841054689,-0.000739217188123531
665742,Juan Soto,L,1.0,1.0,2202,p_swing,0.600707134873108,0.5781999333594062,0.02250720151370178
665742,Juan Soto,L,1.0,1.0,2202,p_contact,0.8404647960825794,0.7995623337052133,0.040902462377366056
665742,Juan Soto,L,1.0,1.0,2202,q,0.4464579546903611,0.3727750098134825,0.0736829448768786
665742,Juan Soto,L,1.0,2.0,2114,p_swing,0.7485441911644888,0.6377603858768898,0.11078380528759901
665742,Juan Soto,L,1.0,2.0,2114,p_contact,0.9090025294977421,0.8816117126359309,0.027390816861811218
665742,Juan Soto,L,1.0,2.0,2114,q,0.47961808333672096,0.3531110914285553,0.12650699190816567
665742,Juan Soto,L,1.0,3.0,1418,p_swing,0.7090851184728126,0.6065528834287279,0.10253223504408471
665742,Juan Soto,L,1.0,3.0,1418,p_contact,0.8314024604468151,0.8250823231624658,0.006320137284349325
665742,Juan Soto,L,1.0,3.0,1418,q,0.43992560576484635,0.3071625009365117,0.13276310482833464
665742,Juan Soto,L,1.0,4.0,805,p_swing,0.3009786888675261,0.3186494801784648,-0.017670791310938683
665742,Juan Soto,L,1.0,4.0,805,p_contact,0.46555586732831433,0.5208204238718109,-0.0552645565434966
665742,Juan Soto,L,1.0,4.0,805,q,0.28776953140771167,0.23975972529634926,0.04800980611136241
665742,Juan Soto,L,2.0,0.0,2303,p_swing,0.28422988555372897,0.42884649217472215,-0.14461660662099318
665742,Juan Soto,L,2.0,0.0,2303,p_contact,0.42517774877929165,0.4747728777684437,-0.049595128989152026
665742,Juan Soto,L,2.0,0.0,2303,q,0.27001211558328314,0.28889157804664944,-0.018879462463366303
665742,Juan Soto,L,2.0,1.0,2558,p_swing,0.6766486676268577,0.6708210248583719,0.005827642768485797
665742,Juan Soto,L,2.0,1.0,2558,p_contact,0.8800740824186587,0.8429793214740594,0.03709476094459929
665742,Juan Soto,L,2.0,1.0,2558,q,0.4890722544329347,0.4149933209805585,0.0740789334523762
665742,Juan Soto,L,2.0,2.0,2730,p_swing,0.8181936466868543,0.7432946253253024,0.07489902136155191
665742,Juan Soto,L,2.0,2.0,2730,p_contact,0.9051270562323022,0.8760594213987009,0.029067634833601308
665742,Juan Soto,L,2.0,2.0,2730,q,0.5854260341260896,0.42294874946380057,0.16247728466228906
665742,Juan Soto,L,2.0,3.0,1861,p_swing,0.7816581379998553,0.7183825141676874,0.0632756238321679
665742,Juan Soto,L,2.0,3.0,1861,p_contact,0.80106181641345,0.7874913155619397,0.013570500851510237
665742,Juan Soto,L,2.0,3.0,1861,q,0.5783143933584202,0.3710750597070808,0.20723933365133934
665742,Juan Soto,L,2.0,4.0,1179,p_swing,0.3576020089106268,0.3979515230322593,-0.04034951412163246
665742,Juan Soto,L,2.0,4.0,1179,p_contact,0.41689617191840267,0.4514854615897634,-0.03458928967136071
665742,Juan Soto,L,2.0,4.0,1179,q,0.3826404963576561,0.2721837780785773,0.11045671827907882
665742,Juan Soto,L,3.0,0.0,1477,p_swing,0.2178907657701504,0.4010867938712566,-0.18319602810110622
665742,Juan Soto,L,3.0,0.0,1477,p_contact,0.4071234549506993,0.4837866826028395,-0.07666322765214023
665742,Juan Soto,L,3.0,0.0,1477,q,0.22385174149525028,0.2540301368147962,-0.030178395319545914
665742,Juan Soto,L,3.0,1.0,1921,p_swing,0.5225475996041613,0.6113481895930852,-0.08880058998892393
665742,Juan Soto,L,3.0,1.0,1921,p_contact,0.8545265878351451,0.8188423194414328,0.035684268393712304
665742,Juan Soto,L,3.0,1.0,1921,q,0.3772043116324771,0.3506265677762242,0.02657774385625289
665742,Juan Soto,L,3.0,2.0,2305,p_swing,0.648335455544697,0.6619834238822034,-0.013647968337506478
665742,Juan Soto,L,3.0,2.0,2305,p_contact,0.8870128334732221,0.8525776874678384,0.03443514600538378
665742,Juan Soto,L,3.0,2.0,2305,q,0.4876227874947215,0.3897371697604268,0.09788561773429466
665742,Juan Soto,L,3.0,3.0,1623,p_swing,0.5736178594838784,0.5960974273012872,-0.022479567817408785
665742,Juan Soto,L,3.0,3.0,1623,p_contact,0.760972308804059,0.7542372793235569,0.006735029480502086
665742,Juan Soto,L,3.0,3.0,1623,q,0.5049324711292376,0.36805334646954846,0.1368791246596891
665742,Juan Soto,L,3.0,4.0,1169,p_swing,0.21680250944080168,0.2827956999365315,-0.0659931904957298
665742,Juan Soto,L,3.0,4.0,1169,p_contact,0.3725302765696406,0.4245833991304254,-0.052053122560784815
665742,Juan Soto,L,3.0,4.0,1169,q,0.35512892574938676,0.28903847808179256,0.0660904476675942
665742,Juan Soto,L,4.0,0.0,664,p_swing,0.07177640815944263,0.2164918671535523,-0.14471545899410965
665742,Juan Soto,L,4.0,0.0,664,p_contact,0.18701042025309217,0.2850041139358519,-0.09799369368275973
665742,Juan Soto,L,4.0,0.0,664,q,0.180648750569447,0.2063962389443474,-0.0257474883749004
665742,Juan Soto,L,4.0,1.0,1175,p_swing,0.17514749567117913,0.3302790122079349,-0.15513151653675575
665742,Juan Soto,L,4.0,1.0,1175,p_contact,0.5707882326332099,0.586057789402307,-0.015269556769097137
665742,Juan Soto,L,4.0,1.0,1175,q,0.25945910234400565,0.2620660552568258,-0.0026069529128201485
665742,Juan Soto,L,4.0,2.0,1594,p_swing,0.20850254484892725,0.3193648986395669,-0.11086235379063966
665742,Juan Soto,L,4.0,2.0,1594,p_contact,0.6956954442907425,0.6729544552575143,0.022740989033228187
665742,Juan Soto,L,4.0,2.0,1594,q,0.3021029012845631,0.2886825246326952,0.013420376651867849
665742,Juan Soto,L,4.0,3.0,1244,p_swing,0.14563895047075304,0.22652389050982474,-0.0808849400390717
665742,Juan Soto,L,4.0,3.0,1244,p_contact,0.6105303422528928,0.6112288745718679,-0.000698532318975098
665742,Juan Soto,L,4.0,3.0,1244,q,0.3074144857405562,0.29270573585776316,0.014708749882793026
665742,Juan Soto,L,4.0,4.0,1014,p_swing,0.030528360332116738,0.0594125197442367,-0.02888415941211996
665742,Juan Soto,L,4.0,4.0,1014,p_contact,0.29329683369575904,0.3529143301360294,-0.05961749644027037
665742,Juan Soto,L,4.0,4.0,1014,q,0.25938683853684913,0.2768377197828122,-0.017450881245963057
592626,Joc Pederson,L,0.0,0.0,2555,p_swing,0.17200378811742154,0.19269523317972884,-0.0206914450623073
592626,Joc Pederson,L,0.0,0.0,2555,p_contact,0.1708818271476322,0.13455061754717623,0.036331209600455966
592626,Joc Pederson,L,0.0,0.0,2555,q,0.2558999192370594,0.22508242287298702,0.030817496364072383
592626,Joc Pederson,L,0.0,1.0,1524,p_swing,0.25504293626889446,0.27710077224653884,-0.02205783597764438
592626,Joc Pederson,L,0.0,1.0,1524,p_contact,0.5539670935968699,0.4874944447163758,0.06647264888049409
592626,Joc Pederson,L,0.0,1.0,1524,q,0.3028459634309209,0.26692525751047874,0.035920705920442164
592626,Joc Pederson,L,0.0,2.0,1188,p_swing,0.25773727393921614,0.28907179132331506,-0.031334517384098926
592626,Joc Pederson,L,0.0,2.0,1188,p_contact,0.7615022916246443,0.730326152074714,0.03117613954993037
592626,Joc Pederson,L,0.0,2.0,1188,q,0.2758949291813956,0.2502255532868608,0.025669375894534774
592626,Joc Pederson,L,0.0,3.0,656,p_swing,0.2193506156475273,0.24414552048210106,-0.02479490483457375
592626,Joc Pederson,L,0.0,3.0,656,p_contact,0.8184146931758378,0.802962601606098,0.015452091569739812
592626,Joc Pederson,L,0.0,3.0,656,q,0.2347567824692261,0.22181076989168438,0.012946012577541716
592626,Joc Pederson,L,0.0,4.0,289,p_swing,0.08630685069380484,0.09490539989141164,-0.008598549197606803
592626,Joc Pederson,L,0.0,4.0,289,p_contact,0.6432488325557907,0.6062215853275597,0.03702724722823103
592626,Joc Pederson,L,0.0,4.0,289,q,0.19814871813599214,0.2014667638600079,-0.0033180457240157557
592626,Joc Pederson,L,1.0,0.0,2432,p_swing,0.35927278495056436,0.374937813541681,-0.015665028591116625
592626,Joc Pederson,L,1.0,0.0,2432,p_contact,0.4065353346019863,0.3525583829994665,0.05397695160251981
592626,Joc Pederson,L,1.0,0.0,2432,q,0.33298094311153126,0.2886639841054689,0.04431695900606236
592626,Joc Pederson,L,1.0,1.0,2202,p_swing,0.5672911717289962,0.5781999333594062,-0.010908761630409991
592626,Joc Pederson,L,1.0,1.0,2202,p_contact,0.8140290156954207,0.7995623337052133,0.014466681990207397
592626,Joc Pederson,L,1.0,1.0,2202,q,0.4447868846417773,0.3727750098134825,0.0720118748282948
592626,Joc Pederson,L,1.0,2.0,2114,p_swing,0.6280735831755295,0.6377603858768898,-0.009686802701360242
592626,Joc Pederson,L,1.0,2.0,2114,p_contact,0.8654195827589694,0.8816117126359309,-0.016192129876961503
592626,Joc Pederson,L,1.0,2.0,2114,q,0.43743530565004024,0.3531110914285553,0.08432421422148495
592626,Joc Pederson,L,1.0,3.0,1418,p_swing,0.6165249155015305,0.6065528834287279,0.009972032072802617
592626,Joc Pederson,L,1.0,3.0,1418,p_contact,0.8193776989605261,0.8250823231624658,-0.005704624201939623
592626,Joc Pederson,L,1.0,3.0,1418,q,0.38780457665158596,0.3071625009365117,0.08064207571507426
592626,Joc Pederson,L,1.0,4.0,805,p_swing,0.370346844286903,0.3186494801784648,0.051697364108438226
592626,Joc Pederson,L,1.0,4.0,805,p_contact,0.5850149472863038,0.5208204238718109,0.06419452341449283
592626,Joc Pederson,L,1.0,4.0,805,q,0.30172735112979543,0.23975972529634926,0.06196762583344617
592626,Joc Pederson,L,2.0,0.0,2303,p_swing,0.40942630966947413,0.42884649217472215,-0.019420182505248018
592626,Joc Pederson,L,2.0,0.0,2303,p_contact,0.5164165572417124,0.4747728777684437,0.041643679473268747
592626,Joc Pederson,L,2.0,0.0,2303,q,0.3366768228693263,0.28889157804664944,0.047785244822676876
592626,Joc Pederson,L,2.0,1.0,2558,p_swing,0.6713123666100711,0.6708210248583719,0.0004913417516991814
592626,Joc Pederson,L,2.0,1.0,2558,p_contact,0.8429452574886876,0.8429793214740594,-3.4063985371757255e-05
592626,Joc Pederson,L,2.0,1.0,2558,q,0.5032971325192813,0.4149933209805585,0.0883038115387228
592626,Joc Pederson,L,2.0,2.0,2730,p_swing,0.7559713822226602,0.7432946253253024,0.01267675689735781
592626,Joc Pederson,L,2.0,2.0,2730,p_contact,0.8537743474537637,0.8760594213987009,-0.022285073944937173
592626,Joc Pederson,L,2.0,2.0,2730,q,0.5396993934671521,0.42294874946380057,0.11675064400335156
592626,Joc Pederson,L,2.0,3.0,1861,p_swing,0.7560514892175721,0.7183825141676874,0.037668975049884756
592626,Joc Pederson,L,2.0,3.0,1861,p_contact,0.7862759942107788,0.7874913155619397,-0.0012153213511609806
592626,Joc Pederson,L,2.0,3.0,1861,q,0.5052841706246474,0.3710750597070808,0.13420911091756654
592626,Joc Pederson,L,2.0,4.0,1179,p_swing,0.5092783006538931,0.3979515230322593,0.11132677762163384
592626,Joc Pederson,L,2.0,4.0,1179,p_contact,0.5601799071966287,0.4514854615897634,0.10869444560686531
592626,Joc Pederson,L,2.0,4.0,1179,q,0.3928571168374368,0.2721837780785773,0.1206733387588595
592626,Joc Pederson,L,3.0,0.0,1477,p_swing,0.3865803821900192,0.4010867938712566,-0.014506411681237397
592626,Joc Pederson,L,3.0,0.0,1477,p_contact,0.5230759715877281,0.4837866826028395,0.03928928898488859
592626,Joc Pederson,L,3.0,0.0,1477,q,0.28802601060374167,0.2540301368147962,0.033995873788945474
592626,Joc Pederson,L,3.0,1.0,1921,p_swing,0.6250852965863731,0.6113481895930852,0.013737106993287895
592626,Joc Pederson,L,3.0,1.0,1921,p_contact,0.8322277973090405,0.8188423194414328,0.013385477867607687
592626,Joc Pederson,L,3.0,1.0,1921,q,0.4074260756753498,0.3506265677762242,0.05679950789912558
592626,Joc Pederson,L,3.0,2.0,2305,p_swing,0.691976852320668,0.6619834238822034,0.02999342843846453
592626,Joc Pederson,L,3.0,2.0,2305,p_contact,0.8447710247722469,0.8525776874678384,-0.007806662695591493
592626,Joc Pederson,L,3.0,2.0,2305,q,0.46701062775485686,0.3897371697604268,0.07727345799443003
592626,Joc Pederson,L,3.0,3.0,1623,p_swing,0.658734777028192,0.5960974273012872,0.06263734972690482
592626,Joc Pederson,L,3.0,3.0,1623,p_contact,0.7678410071174965,0.7542372793235569,0.01360372779393959
592626,Joc Pederson,L,3.0,3.0,1623,q,0.4605516866997151,0.36805334646954846,0.09249834023016662
592626,Joc Pederson,L,3.0,4.0,1169,p_swing,0.40062569612246335,0.2827956999365315,0.11782999618593187
592626,Joc Pederson,L,3.0,4.0,1169,p_contact,0.5387938784625002,0.4245833991304254,0.11421047933207473
592626,Joc Pederson,L,3.0,4.0,1169,q,0.3634165223270425,0.28903847808179256,0.07437804424524996
592626,Joc Pederson,L,4.0,0.0,664,p_swing,0.20825891767859872,0.2164918671535523,-0.008232949474953566
592626,Joc Pederson,L,4.0,0.0,664,p_contact,0.31595896700255033,0.2850041139358519,0.03095485306669843
592626,Joc Pederson,L,4.0,0.0,664,q,0.22347313322755227,0.2063962389443474,0.017076894283204885
592626,Joc Pederson,L,4.0,1.0,1175,p_swing,0.34362394303987176,0.3302790122079349,0.013344930831936885
592626,Joc Pederson,L,4.0,1.0,1175,p_contact,0.6283389621229961,0.586057789402307,0.0422811727206891
592626,Joc Pederson,L,4.0,1.0,1175,q,0.27674276830034056,0.2620660552568258,0.014676713043514755
592626,Joc Pederson,L,4.0,2.0,1594,p_swing,0.3525389100240353,0.3193648986395669,0.033174011384468405
592626,Joc Pederson,L,4.0,2.0,1594,p_contact,0.710131146990413,0.6729544552575143,0.037176691732898726
592626,Joc Pederson,L,4.0,2.0,1594,q,0.29788254809517933,0.2886825246326952,0.009200023462484108
592626,Joc Pederson,L,4.0,3.0,1244,p_swing,0.2777926778503388,0.22652389050982474,0.051268787340514044
592626,Joc Pederson,L,4.0,3.0,1244,p_contact,0.6621376531576322,0.6112288745718679,0.05090877858576426
592626,Joc Pederson,L,4.0,3.0,1244,q,0.29953884130936725,0.29270573585776316,0.0068331054516040934
592626,Joc Pederson,L,4.0,4.0,1014,p_swing,0.09631654268327254,0.0594125197442367,0.036904022939035844
592626,Joc Pederson,L,4.0,4.0,1014,p_contact,0.45097085703021045,0.3529143301360294,0.09805652689418104
592626,Joc Pederson,L,4.0,4.0,1014,q,0.2703170479740029,0.2768377197828122,-0.006520671808809275
664761,Alec Bohm,L,0.0,0.0,2555,p_swing,0.14393671956228407,0.19269523317972884,-0.048758513617444765
664761,Alec Bohm,L,0.0,0.0,2555,p_contact,0.22953776183618216,0.13455061754717623,0.09498714428900593
664761,Alec Bohm,L,0.0,0.0,2555,q,0.24007455181410634,0.22508242287298702,0.014992128941119315
664761,Alec Bohm,L,0.0,1.0,1524,p_swing,0.24420561073463776,0.27710077224653884,-0.03289516151190108
664761,Alec Bohm,L,0.0,1.0,1524,p_contact,0.6322019529314112,0.4874944447163758,0.14470750821503542
664761,Alec Bohm,L,0.0,1.0,1524,q,0.2817599052988638,0.26692525751047874,0.014834647788385058
664761,Alec Bohm,L,0.0,2.0,1188,p_swing,0.2624446277174738,0.28907179132331506,-0.026627163605841275
664761,Alec Bohm,L,0.0,2.0,1188,p_contact,0.8062695748163293,0.730326152074714,0.07594342274161536
664761,Alec Bohm,L,0.0,2.0,1188,q,0.26414713400231066,0.2502255532868608,0.013921580715449855
664761,Alec Bohm,L,0.0,3.0,656,p_swing,0.25825147517358765,0.24414552048210106,0.014105954691486594
664761,Alec Bohm,L,0.0,3.0,656,p_contact,0.8559948088056067,0.802962601606098,0.05303220719950874
664761,Alec Bohm,L,0.0,3.0,656,q,0.2433035889208862,0.22181076989168438,0.021492819029201804
664761,Alec Bohm,L,0.0,4.0,289,p_swing,0.10716282251727503,0.09490539989141164,0.012257422625863393
664761,Alec Bohm,L,0.0,4.0,289,p_contact,0.7013199074148719,0.6062215853275597,0.09509832208731228
664761,Alec Bohm,L,0.0,4.0,289,q,0.22654544159924694,0.2014667638600079,0.025078677739239053
664761,Alec Bohm,L,1.0,0.0,2432,p_swing,0.3319413832423065,0.374937813541681,-0.0429964302993745
664761,Alec Bohm,L,1.0,0.0,2432,p_contact,0.521575720304602,0.3525583829994665,0.16901733730513546
664761,Alec Bohm,L,1.0,0.0,2432,q,0.3246784667502844,0.2886639841054689,0.03601448264481549
664761,Alec Bohm,L,1.0,1.0,2202,p_swing,0.5627950439085807,0.5781999333594062,-0.01540488945082552
664761,Alec Bohm,L,1.0,1.0,2202,p_contact,0.879677351729963,0.7995623337052133,0.08011501802474963
664761,Alec Bohm,L,1.0,1.0,2202,q,0.4097250161741562,0.3727750098134825,0.03695000636067369
664761,Alec Bohm,L,1.0,2.0,2114,p_swing,0.6697820181717837,0.6377603858768898,0.032021632294893965
664761,Alec Bohm,L,1.0,2.0,2114,p_contact,0.9035943709349114,0.8816117126359309,0.021982658298980495
664761,Alec Bohm,L,1.0,2.0,2114,q,0.4032581957407796,0.3531110914285553,0.0501471043122243
664761,Alec Bohm,L,1.0,3.0,1418,p_swing,0.700313736431922,0.6065528834287279,0.09376085300319403
664761,Alec Bohm,L,1.0,3.0,1418,p_contact,0.8824652036171201,0.8250823231624658,0.05738288045465434
664761,Alec Bohm,L,1.0,3.0,1418,q,0.37140880785724845,0.3071625009365117,0.06424630692073674
664761,Alec Bohm,L,1.0,4.0,805,p_swing,0.43536187194929776,0.3186494801784648,0.11671239177083298
664761,Alec Bohm,L,1.0,4.0,805,p_contact,0.6813405551247715,0.5208204238718109,0.1605201312529606
664761,Alec Bohm,L,1.0,4.0,805,q,0.31403284152472244,0.23975972529634926,0.07427311622837318
664761,Alec Bohm,L,2.0,0.0,2303,p_swing,0.3851267111560165,0.42884649217472215,-0.04371978101870566
664761,Alec Bohm,L,2.0,0.0,2303,p_contact,0.6380867980692925,0.4747728777684437,0.1633139203008488
664761,Alec Bohm,L,2.0,0.0,2303,q,0.33530254041856133,0.28889157804664944,0.04641096237191189
664761,Alec Bohm,L,2.0,1.0,2558,p_swing,0.6873499198268409,0.6708210248583719,0.016528894968468988
664761,Alec Bohm,L,2.0,1.0,2558,p_contact,0.8924706987891,0.8429793214740594,0.04949137731504061
664761,Alec Bohm,L,2.0,1.0,2558,q,0.4717055962328523,0.4149933209805585,0.056712275252293776
664761,Alec Bohm,L,2.0,2.0,2730,p_swing,0.8063876197014973,0.7432946253253024,0.06309299437619487
664761,Alec Bohm,L,2.0,2.0,2730,p_contact,0.8888261325411744,0.8760594213987009,0.012766711142473519
664761,Alec Bohm,L,2.0,2.0,2730,q,0.49167126944431894,0.42294874946380057,0.06872251998051837
664761,Alec Bohm,L,2.0,3.0,1861,p_swing,0.8184891894663905,0.7183825141676874,0.1001066752987031
664761,Alec Bohm,L,2.0,3.0,1861,p_contact,0.8516676445631235,0.7874913155619397,0.06417632900118375
664761,Alec Bohm,L,2.0,3.0,1861,q,0.4628455809115851,0.3710750597070808,0.0917705212045043
664761,Alec Bohm,L,2.0,4.0,1179,p_swing,0.5390417898531202,0.3979515230322593,0.14109026682086095
664761,Alec Bohm,L,2.0,4.0,1179,p_contact,0.6158911119277595,0.4514854615897634,0.1644056503379961
664761,Alec Bohm,L,2.0,4.0,1179,q,0.38532713547260505,0.2721837780785773,0.11314335739402775
664761,Alec Bohm,L,3.0,0.0,1477,p_swing,0.3477767484370607,0.4010867938712566,-0.05331004543419593
664761,Alec Bohm,L,3.0,0.0,1477,p_contact,0.6333380989475694,0.4837866826028395,0.1495514163447299
664761,Alec Bohm,L,3.0,0.0,1477,q,0.2941467830445933,0.2540301368147962,0.040116646229797104
664761,Alec Bohm,L,3.0,1.0,1921,p_swing,0.6142321574956932,0.6113481895930852,0.00288396790260792
664761,Alec Bohm,L,3.0,1.0,1921,p_contact,0.867531988535121,0.8188423194414328,0.048689669093688215
664761,Alec Bohm,L,3.0,1.0,1921,q,0.4065120436759246,0.3506265677762242,0.05588547589970039
664761,Alec Bohm,L,3.0,2.0,2305,p_swing,0.7017303483774825,0.6619834238822034,0.03974692449527906
664761,Alec Bohm,L,3.0,2.0,2305,p_contact,0.8572299325285144,0.8525776874678384,0.004652245060676075
664761,Alec Bohm,L,3.0,2.0,2305,q,0.45779492366986263,0.3897371697604268,0.0680577539094358
664761,Alec Bohm,L,3.0,3.0,1623,p_swing,0.6830576288746814,0.5960974273012872,0.08696020157339412
664761,Alec Bohm,L,3.0,3.0,1623,p_contact,0.7932730521857555,0.7542372793235569,0.039035772862198614
664761,Alec Bohm,L,3.0,3.0,1623,q,0.45406739955431724,0.36805334646954846,0.08601405308476878
664761,Alec Bohm,L,3.0,4.0,1169,p_swing,0.38542006569042053,0.2827956999365315,0.10262436575388906
664761,Alec Bohm,L,3.0,4.0,1169,p_contact,0.5358653496090447,0.4245833991304254,0.11128195047861933
664761,Alec Bohm,L,3.0,4.0,1169,q,0.38769598650667175,0.28903847808179256,0.09865750842487919
664761,Alec Bohm,L,4.0,0.0,664,p_swing,0.16455784327957648,0.2164918671535523,-0.051934023873975804
664761,Alec Bohm,L,4.0,0.0,664,p_contact,0.36919086515401256,0.2850041139358519,0.08418675121816066
664761,Alec Bohm,L,4.0,0.0,664,q,0.226849810455937,0.2063962389443474,0.020453571511589608
664761,Alec Bohm,L,4.0,1.0,1175,p_swing,0.3093514187975551,0.3302790122079349,-0.020927593410379752
664761,Alec Bohm,L,4.0,1.0,1175,p_contact,0.6316987737502031,0.586057789402307,0.045640984347896096
664761,Alec Bohm,L,4.0,1.0,1175,q,0.28212944062466316,0.2620660552568258,0.02006338536783736
664761,Alec Bohm,L,4.0,2.0,1594,p_swing,0.3209556961427057,0.3193648986395669,0.0015907975031387855
664761,Alec Bohm,L,4.0,2.0,1594,p_contact,0.6651023605491436,0.6729544552575143,-0.007852094708370672
664761,Alec Bohm,L,4.0,2.0,1594,q,0.3088964738204159,0.2886825246326952,0.02021394918772068
664761,Alec Bohm,L,4.0,3.0,1244,p_swing,0.24685126849748767,0.22652389050982474,0.02032737798766293
664761,Alec Bohm,L,4.0,3.0,1244,p_contact,0.5984139184323578,0.6112288745718679,-0.012814956139510114
664761,Alec Bohm,L,4.0,3.0,1244,q,0.31896705070205056,0.29270573585776316,0.026261314844287398
664761,Alec Bohm,L,4.0,4.0,1014,p_swing,0.06741025657947756,0.0594125197442367,0.007997736835240868
664761,Alec Bohm,L,4.0,4.0,1014,p_contact,0.3722256728367425,0.3529143301360294,0.019311342700713108
664761,Alec Bohm,L,4.0,4.0,1014,q,0.3026802217187378,0.2768377197828122,0.025842501935925632
656941,Kyle Schwarber,L,0.0,0.0,2555,p_swing,0.1348086600756357,0.19269523317972884,-0.05788657310409315
656941,Kyle Schwarber,L,0.0,0.0,2555,p_contact,0.09415921378511337,0.13455061754717623,-0.040391403762062864
656941,Kyle Schwarber,L,0.0,0.0,2555,q,0.2388221051799108,0.22508242287298702,0.013739682306923767
656941,Kyle Schwarber,L,0.0,1.0,1524,p_swing,0.21009004946879045,0.27710077224653884,-0.06701072277774839
656941,Kyle Schwarber,L,0.0,1.0,1524,p_contact,0.41516907858247365,0.4874944447163758,-0.07232536613390217
656941,Kyle Schwarber,L,0.0,1.0,1524,q,0.28734502892481684,0.26692525751047874,0.020419771414338095
656941,Kyle Schwarber,L,0.0,2.0,1188,p_swing,0.22384541947144082,0.28907179132331506,-0.06522637185187424
656941,Kyle Schwarber,L,0.0,2.0,1188,p_contact,0.6804534944655493,0.730326152074714,-0.049872657609164706
656941,Kyle Schwarber,L,0.0,2.0,1188,q,0.2638175313420569,0.2502255532868608,0.013591978055196074
656941,Kyle Schwarber,L,0.0,3.0,656,p_swing,0.1852165930721939,0.24414552048210106,-0.058928927409907156
656941,Kyle Schwarber,L,0.0,3.0,656,p_contact,0.7815453048977183,0.802962601606098,-0.021417296708379663
656941,Kyle Schwarber,L,0.0,3.0,656,q,0.22084415378049016,0.22181076989168438,-0.000966616111194224
656941,Kyle Schwarber,L,0.0,4.0,289,p_swing,0.06134602275833594,0.09490539989141164,-0.0335593771330757
656941,Kyle Schwarber,L,0.0,4.0,289,p_contact,0.6266280909723064,0.6062215853275597,0.020406505644746775
656941,Kyle Schwarber,L,0.0,4.0,289,q,0.18868104113220757,0.2014667638600079,-0.01278572272780032
656941,Kyle Schwarber,L,1.0,0.0,2432,p_swing,0.30820765843940845,0.374937813541681,-0.06673015510227254
656941,Kyle Schwarber,L,1.0,0.0,2432,p_contact,0.3043355712461502,0.3525583829994665,-0.04822281175331633
656941,Kyle Schwarber,L,1.0,0.0,2432,q,0.32693879361460476,0.2886639841054689,0.038274809509135865
656941,Kyle Schwarber,L,1.0,1.0,2202,p_swing,0.5361714593179653,0.5781999333594062,-0.042028474041440944
656941,Kyle Schwarber,L,1.0,1.0,2202,p_contact,0.7724912590554472,0.7995623337052133,-0.027071074649766103
656941,Kyle Schwarber,L,1.0,1.0,2202,q,0.45351499322460087,0.3727750098134825,0.08073998341111838
656941,Kyle Schwarber,L,1.0,2.0,2114,p_swing,0.614512921105665,0.6377603858768898,-0.023247464771224746
656941,Kyle Schwarber,L,1.0,2.0,2114,p_contact,0.8672813797685033,0.8816117126359309,-0.014330332867427575
656941,Kyle Schwarber,L,1.0,2.0,2114,q,0.44508630169825164,0.3531110914285553,0.09197521026969635
656941,Kyle Schwarber,L,1.0,3.0,1418,p_swing,0.5977000565900584,0.6065528834287279,-0.008852826838669503
656941,Kyle Schwarber,L,1.0,3.0,1418,p_contact,0.8160086982635247,0.8250823231624658,-0.009073624898941035
656941,Kyle Schwarber,L,1.0,3.0,1418,q,0.39120545558768033,0.3071625009365117,0.08404295465116862
656941,Kyle Schwarber,L,1.0,4.0,805,p_swing,0.3279955096213655,0.3186494801784648,0.009346029442900694
656941,Kyle Schwarber,L,1.0,4.0,805,p_contact,0.5354094533215028,0.5208204238718109,0.01458902944969187
656941,Kyle Schwarber,L,1.0,4.0,805,q,0.3033114719927681,0.23975972529634926,0.06355174669641883
656941,Kyle Schwarber,L,2.0,0.0,2303,p_swing,0.36166305201703325,0.42884649217472215,-0.0671834401576889
656941,Kyle Schwarber,L,2.0,0.0,2303,p_contact,0.44076023574871304,0.4747728777684437,-0.03401264201973064
656941,Kyle Schwarber,L,2.0,0.0,2303,q,0.3416876820503656,0.28889157804664944,0.05279610400371615
656941,Kyle Schwarber,L,2.0,1.0,2558,p_swing,0.64667800674397,0.6708210248583719,-0.024143018114401893
656941,Kyle Schwarber,L,2.0,1.0,2558,p_contact,0.8329355894727013,0.8429793214740594,-0.010043732001358108
656941,Kyle Schwarber,L,2.0,1.0,2558,q,0.541370119057753,0.4149933209805585,0.12637679807719449
656941,Kyle Schwarber,L,2.0,2.0,2730,p_swing,0.748658629771554,0.7432946253253024,0.0053640044462515135
656941,Kyle Schwarber,L,2.0,2.0,2730,p_contact,0.8649794897862844,0.8760594213987009,-0.011079931612416494
656941,Kyle Schwarber,L,2.0,2.0,2730,q,0.5855411914242056,0.42294874946380057,0.162592441960405
656941,Kyle Schwarber,L,2.0,3.0,1861,p_swing,0.7494206030856596,0.7183825141676874,0.031038088917972217
656941,Kyle Schwarber,L,2.0,3.0,1861,p_contact,0.7730181532351962,0.7874913155619397,-0.01447316232674356
656941,Kyle Schwarber,L,2.0,3.0,1861,q,0.5525032381323446,0.3710750597070808,0.18142817842526376
656941,Kyle Schwarber,L,2.0,4.0,1179,p_swing,0.4586353284833777,0.3979515230322593,0.0606838054511184
656941,Kyle Schwarber,L,2.0,4.0,1179,p_contact,0.46134999977382085,0.4514854615897634,0.00986453818405747
656941,Kyle Schwarber,L,2.0,4.0,1179,q,0.43647026316759646,0.2721837780785773,0.16428648508901916
656941,Kyle Schwarber,L,3.0,0.0,1477,p_swing,0.320734998086396,0.4010867938712566,-0.08035179578486062
656941,Kyle Schwarber,L,3.0,0.0,1477,p_contact,0.4617666834421991,0.4837866826028395,-0.022019999160640402
656941,Kyle Schwarber,L,3.0,0.0,1477,q,0.29152595071209064,0.2540301368147962,0.03749581389729445
656941,Kyle Schwarber,L,3.0,1.0,1921,p_swing,0.5659602340691389,0.6113481895930852,-0.045387955523946366
656941,Kyle Schwarber,L,3.0,1.0,1921,p_contact,0.8153571701496607,0.8188423194414328,-0.003485149291772127
656941,Kyle Schwarber,L,3.0,1.0,1921,q,0.4443657351526849,0.3506265677762242,0.09373916737646071
656941,Kyle Schwarber,L,3.0,2.0,2305,p_swing,0.646460588564066,0.6619834238822034,-0.015522835318137473
656941,Kyle Schwarber,L,3.0,2.0,2305,p_contact,0.8357106277068629,0.8525776874678384,-0.016867059760975467
656941,Kyle Schwarber,L,3.0,2.0,2305,q,0.5211576782700297,0.3897371697604268,0.13142050850960285
656941,Kyle Schwarber,L,3.0,3.0,1623,p_swing,0.6096804380331944,0.5960974273012872,0.013583010731907152
656941,Kyle Schwarber,L,3.0,3.0,1623,p_contact,0.7286740438260932,0.7542372793235569,-0.025563235497463643
656941,Kyle Schwarber,L,3.0,3.0,1623,q,0.5218464029345774,0.36805334646954846,0.15379305646502894
656941,Kyle Schwarber,L,3.0,4.0,1169,p_swing,0.32644208851214984,0.2827956999365315,0.04364638857561837
656941,Kyle Schwarber,L,3.0,4.0,1169,p_contact,0.42209367108132156,0.4245833991304254,-0.0024897280491038565
656941,Kyle Schwarber,L,3.0,4.0,1169,q,0.4139093210660973,0.28903847808179256,0.12487084298430473
656941,Kyle Schwarber,L,4.0,0.0,664,p_swing,0.13986904280049905,0.2164918671535523,-0.07662282435305323
656941,Kyle Schwarber,L,4.0,0.0,664,p_contact,0.26529317733076757,0.2850041139358519,-0.019710936605084328
656941,Kyle Schwarber,L,4.0,0.0,664,q,0.22106671672179756,0.2063962389443474,0.014670477777450175
656941,Kyle Schwarber,L,4.0,1.0,1175,p_swing,0.24777397335487727,0.3302790122079349,-0.0825050388530576
656941,Kyle Schwarber,L,4.0,1.0,1175,p_contact,0.581796981799119,0.586057789402307,-0.004260807603188033
656941,Kyle Schwarber,L,4.0,1.0,1175,q,0.2895513053967598,0.2620660552568258,0.02748525013993397
656941,Kyle Schwarber,L,4.0,2.0,1594,p_swing,0.2588021813273176,0.3193648986395669,-0.060562717312249326
656941,Kyle Schwarber,L,4.0,2.0,1594,p_contact,0.6616290391771287,0.6729544552575143,-0.01132541608038562
656941,Kyle Schwarber,L,4.0,2.0,1594,q,0.31858994333608687,0.2886825246326952,0.02990741870339164
656941,Kyle Schwarber,L,4.0,3.0,1244,p_swing,0.19855524512518527,0.22652389050982474,-0.027968645384639473
656941,Kyle Schwarber,L,4.0,3.0,1244,p_contact,0.5934585463343288,0.6112288745718679,-0.0177703282375391
656941,Kyle Schwarber,L,4.0,3.0,1244,q,0.32402881321727844,0.29270573585776316,0.03132307735951528
656941,Kyle Schwarber,L,4.0,4.0,1014,p_swing,0.06092485985869601,0.0594125197442367,0.001512340114459311
656941,Kyle Schwarber,L,4.0,4.0,1014,p_contact,0.3555893654834691,0.3529143301360294,0.0026750353474396804
656941,Kyle Schwarber,L,4.0,4.0,1014,q,0.2837198536652021,0.2768377197828122,0.006882133882389896
545361,Mike Trout,R,0.0,0.0,602,p_swing,0.21166474542106786,0.23558154099382123,-0.023916795572753363
545361,Mike Trout,R,0.0,0.0,602,p_contact,0.4120260625605803,0.3309334204974986,0.0810926420630817
545361,Mike Trout,R,0.0,0.0,602,q,0.2834595065328766,0.23297420970786153,0.05048529682501507
545361,Mike Trout,R,0.0,1.0,1070,p_swing,0.24996854951334394,0.3271374791781833,-0.07716892966483938
545361,Mike Trout,R,0.0,1.0,1070,p_contact,0.6701519140199036,0.6317767758318702,0.0383751381880334
545361,Mike Trout,R,0.0,1.0,1070,q,0.3060130183663324,0.2649801822536599,0.0410328361126725
545361,Mike Trout,R,0.0,2.0,1538,p_swing,0.19526595820528092,0.3300876826722377,-0.13482172446695678
545361,Mike Trout,R,0.0,2.0,1538,p_contact,0.6966620869492514,0.7228999479487069,-0.026237860999455576
545361,Mike Trout,R,0.0,2.0,1538,q,0.30026949897544125,0.26848988405652874,0.03177961491891251
545361,Mike Trout,R,0.0,3.0,1265,p_swing,0.0840236358648605,0.23941381793742825,-0.15539018207256775
545361,Mike Trout,R,0.0,3.0,1265,p_contact,0.6096387496726079,0.6691293146967918,-0.05949056502418393
545361,Mike Trout,R,0.0,3.0,1265,q,0.2955019770698114,0.26891274840316987,0.02658922866664154
545361,Mike Trout,R,0.0,4.0,1139,p_swing,0.008472601032308647,0.07327381161629423,-0.06480121058398558
545361,Mike Trout,R,0.0,4.0,1139,p_contact,0.37718446478550177,0.4170633698649205,-0.039878905079418714
545361,Mike Trout,R,0.0,4.0,1139,q,0.2705321666687282,0.24503908249519313,0.025493084173535074
545361,Mike Trout,R,1.0,0.0,1350,p_swing,0.4463304463861924,0.40165542295244366,0.04467502343374874
545361,Mike Trout,R,1.0,0.0,1350,p_contact,0.6203801366840532,0.4858199080181862,0.13456022866586703
545361,Mike Trout,R,1.0,0.0,1350,q,0.3892351855723946,0.27267676836997273,0.11655841720242188
545361,Mike Trout,R,1.0,1.0,1911,p_swing,0.6369195120001708,0.6272466055640996,0.009672906436071216
545361,Mike Trout,R,1.0,1.0,1911,p_contact,0.8999062540455054,0.8482317983787575,0.05167445566674789
545361,Mike Trout,R,1.0,1.0,1911,q,0.5115584092324844,0.3667129213316537,0.14484548790083074
545361,Mike Trout,R,1.0,2.0,2285,p_swing,0.6112663576099207,0.6753376039294566,-0.06407124631953598
545361,Mike Trout,R,1.0,2.0,2285,p_contact,0.8768630121025528,0.8774916365751814,-0.0006286244726285695
545361,Mike Trout,R,1.0,2.0,2285,q,0.4839059221209791,0.3799481864017261,0.10395773571925299
545361,Mike Trout,R,1.0,3.0,1670,p_swing,0.4457265985723582,0.6341888583832577,-0.18846225981089948
545361,Mike Trout,R,1.0,3.0,1670,p_contact,0.7543509335039619,0.7836349590236913,-0.029284025519729417
545361,Mike Trout,R,1.0,3.0,1670,q,0.40624688748649496,0.3454214296089318,0.06082545787756316
545361,Mike Trout,R,1.0,4.0,1155,p_swing,0.09198432950653454,0.3040083514239462,-0.21202402191741168
545361,Mike Trout,R,1.0,4.0,1155,p_contact,0.35812711545963694,0.43073792214606976,-0.07261080668643283
545361,Mike Trout,R,1.0,4.0,1155,q,0.28838808096590496,0.2602029017373533,0.028185179228551682
545361,Mike Trout,R,2.0,0.0,2194,p_swing,0.482401241039527,0.43418831010806325,0.04821293093146373
545361,Mike Trout,R,2.0,0.0,2194,p_contact,0.6251482180321947,0.48060252969020795,0.14454568834198672
545361,Mike Trout,R,2.0,0.0,2194,q,0.4495668495948356,0.291390301384874,0.15817654820996163
545361,Mike Trout,R,2.0,1.0,2555,p_swing,0.6986218141891252,0.6707654966626011,0.027856317526524066
545361,Mike Trout,R,2.0,1.0,2555,p_contact,0.914672871951721,0.849851092994563,0.06482177895715802
545361,Mike Trout,R,2.0,1.0,2555,q,0.6340975813553058,0.42141940631832625,0.21267817503697956
545361,Mike Trout,R,2.0,2.0,2715,p_swing,0.7098293178970368,0.734655212145923,-0.02482589424888615
545361,Mike Trout,R,2.0,2.0,2715,p_contact,0.9048756240261633,0.8774962120915645,0.027379411934598807
545361,Mike Trout,R,2.0,2.0,2715,q,0.586165040994876,0.4277883057616802,0.1583767352331958
545361,Mike Trout,R,2.0,3.0,1919,p_swing,0.6159347302380827,0.7247904112756676,-0.10885568103758492
545361,Mike Trout,R,2.0,3.0,1919,p_contact,0.8028473333960837,0.7951616362785535,0.007685697117530199
545361,Mike Trout,R,2.0,3.0,1919,q,0.4624839900231349,0.3733612532505242,0.08912273677261068
545361,Mike Trout,R,2.0,4.0,1314,p_swing,0.1847003696703839,0.4100907918637558,-0.2253904221933719
545361,Mike Trout,R,2.0,4.0,1314,p_contact,0.40840674547373657,0.47987416580055386,-0.0714674203268173
545361,Mike Trout,R,2.0,4.0,1314,q,0.28945392633886097,0.27076851812816444,0.01868540821069653
545361,Mike Trout,R,3.0,0.0,2546,p_swing,0.38359886202268645,0.3658994680718875,0.017699393950798947
545361,Mike Trout,R,3.0,0.0,2546,p_contact,0.475388999431206,0.3374400827103146,0.13794891672089138
545361,Mike Trout,R,3.0,0.0,2546,q,0.3718107803713732,0.2562409733658992,0.11556980700547403
545361,Mike Trout,R,3.0,1.0,2289,p_swing,0.5626464049456346,0.5521580467582207,0.010488358187413893
545361,Mike Trout,R,3.0,1.0,2289,p_contact,0.8674287924005143,0.7819944111721948,0.08543438122831948
545361,Mike Trout,R,3.0,1.0,2289,q,0.5390821957416334,0.353194990843248,0.1858872048983854
545361,Mike Trout,R,3.0,2.0,2201,p_swing,0.5940062178677327,0.6224007608865078,-0.028394543018775087
545361,Mike Trout,R,3.0,2.0,2201,p_contact,0.872391288752233,0.8511325504576304,0.021258738294602675
545361,Mike Trout,R,3.0,2.0,2201,q,0.5455474200193473,0.36844138330299714,0.17710603671635017
545361,Mike Trout,R,3.0,3.0,1296,p_swing,0.501474584131498,0.6063910914943088,-0.10491650736281077
545361,Mike Trout,R,3.0,3.0,1296,p_contact,0.7792413740844271,0.7957560347980693,-0.01651466071364227
545361,Mike Trout,R,3.0,3.0,1296,q,0.4726642411961048,0.34354519236953585,0.12911904882656894
545361,Mike Trout,R,3.0,4.0,745,p_swing,0.14541287718778118,0.32379808253219544,-0.17838520534441427
545361,Mike Trout,R,3.0,4.0,745,p_contact,0.507939181021796,0.5544114532972741,-0.04647227227547812
545361,Mike Trout,R,3.0,4.0,745,q,0.3086989095147024,0.2655118429412778,0.04318706657342464
545361,Mike Trout,R,4.0,0.0,2687,p_swing,0.1567301820445269,0.16950442397093834,-0.01277424192641144
545361,Mike Trout,R,4.0,0.0,2687,p_contact,0.16112730342356496,0.09706060946292083,0.06406669396064413
545361,Mike Trout,R,4.0,0.0,2687,q,0.23484287591762687,0.18695440592070273,0.04788846999692414
545361,Mike Trout,R,4.0,1.0,1588,p_swing,0.2219885275339063,0.25364646328943596,-0.031657935755529665
545361,Mike Trout,R,4.0,1.0,1588,p_contact,0.5765901856563964,0.4323767940560266,0.14421339160036983
545361,Mike Trout,R,4.0,1.0,1588,q,0.32163570196806485,0.2575237625074439,0.06411193946062094
545361,Mike Trout,R,4.0,2.0,1094,p_swing,0.2266097511711249,0.2860680864107365,-0.05945833523961161
545361,Mike Trout,R,4.0,2.0,1094,p_contact,0.7158258477473388,0.6350529632002399,0.08077288454709897
545361,Mike Trout,R,4.0,2.0,1094,q,0.330511623588297,0.27368358450694863,0.05682803908134837
545361,Mike Trout,R,4.0,3.0,594,p_swing,0.13454085511518526,0.21478251055429612,-0.08024165543911085
545361,Mike Trout,R,4.0,3.0,594,p_contact,0.7200556810716362,0.7044292077215535,0.015626473350082715
545361,Mike Trout,R,4.0,3.0,594,q,0.3064978913676859,0.26314355997751254,0.04335433139017336
545361,Mike Trout,R,4.0,4.0,278,p_swing,0.02043959181441037,0.08592860783010754,-0.06548901601569718
545361,Mike Trout,R,4.0,4.0,278,p_contact,0.5634682052735266,0.5613334240893714,0.002134781184155221
545361,Mike Trout,R,4.0,4.0,278,q,0.24173155539541794,0.2335655191162829,0.008166036279135036
665742,Juan Soto,R,0.0,0.0,602,p_swing,0.1142218162645786,0.23558154099382123,-0.12135972472924263
665742,Juan Soto,R,0.0,0.0,602,p_contact,0.24710375936850798,0.3309334204974986,-0.0838296611289906
665742,Juan Soto,R,0.0,0.0,602,q,0.2222684234677755,0.23297420970786153,-0.01070578624008603
665742,Juan Soto,R,0.0,1.0,1070,p_swing,0.24543940544459372,0.3271374791781833,-0.08169807373358959
665742,Juan Soto,R,0.0,1.0,1070,p_contact,0.6291606039156981,0.6317767758318702,-0.0026161719161721386
665742,Juan Soto,R,0.0,1.0,1070,q,0.2806641555835153,0.2649801822536599,0.01568397332985544
665742,Juan Soto,R,0.0,2.0,1538,p_swing,0.303334546547643,0.3300876826722377,-0.02675313612459468
665742,Juan Soto,R,0.0,2.0,1538,p_contact,0.7421847330121704,0.7228999479487069,0.019284785063463428
665742,Juan Soto,R,0.0,2.0,1538,q,0.29662385475864184,0.26848988405652874,0.028133970702113098
665742,Juan Soto,R,0.0,3.0,1265,p_swing,0.2154906661774436,0.23941381793742825,-0.023923151759984634
665742,Juan Soto,R,0.0,3.0,1265,p_contact,0.6535305949274024,0.6691293146967918,-0.015598719769389424
665742,Juan Soto,R,0.0,3.0,1265,q,0.28920859880009187,0.26891274840316987,0.020295850396922
665742,Juan Soto,R,0.0,4.0,1139,p_swing,0.04775422991975049,0.07327381161629423,-0.02551958169654374
665742,Juan Soto,R,0.0,4.0,1139,p_contact,0.336843980994661,0.4170633698649205,-0.08021938887025948
665742,Juan Soto,R,0.0,4.0,1139,q,0.23308572098547373,0.24503908249519313,-0.011953361509719401
665742,Juan Soto,R,1.0,0.0,1350,p_swing,0.22531385108956817,0.40165542295244366,-0.1763415718628755
665742,Juan Soto,R,1.0,0.0,1350,p_contact,0.4068680477175238,0.4858199080181862,-0.07895186030066242
665742,Juan Soto,R,1.0,0.0,1350,q,0.2438663769154637,0.27267676836997273,-0.028810391454509032
665742,Juan Soto,R,1.0,1.0,1911,p_swing,0.5709829095922594,0.6272466055640996,-0.05626369597184022
665742,Juan Soto,R,1.0,1.0,1911,p_contact,0.8764063919763301,0.8482317983787575,0.028174593597572573
665742,Juan Soto,R,1.0,1.0,1911,q,0.4003515355113537,0.3667129213316537,0.033638614179700044
665742,Juan Soto,R,1.0,2.0,2285,p_swing,0.7090627256503708,0.6753376039294566,0.03372512172091413
665742,Juan Soto,R,1.0,2.0,2285,p_contact,0.9040229335394677,0.8774916365751814,0.026531296964286355
665742,Juan Soto,R,1.0,2.0,2285,q,0.4923241037639017,0.3799481864017261,0.11237591736217556
665742,Juan Soto,R,1.0,3.0,1670,p_swing,0.6614792560110103,0.6341888583832577,0.02729039762775265
665742,Juan Soto,R,1.0,3.0,1670,p_contact,0.7887419815013509,0.7836349590236913,0.005107022477659595
665742,Juan Soto,R,1.0,3.0,1670,q,0.48192972964690833,0.3454214296089318,0.13650830003797654
665742,Juan Soto,R,1.0,4.0,1155,p_swing,0.23734365791459916,0.3040083514239462,-0.06666469350934706
665742,Juan Soto,R,1.0,4.0,1155,p_contact,0.3678866879087248,0.43073792214606976,-0.06285123423734496
665742,Juan Soto,R,1.0,4.0,1155,q,0.3058511622475855,0.2602029017373533,0.04564826051023224
665742,Juan Soto,R,2.0,0.0,2194,p_swing,0.2097322653484056,0.43418831010806325,-0.22445604475965764
665742,Juan Soto,R,2.0,0.0,2194,p_contact,0.3753699562087012,0.48060252969020795,-0.10523257348150672
665742,Juan Soto,R,2.0,0.0,2194,q,0.23686541259669128,0.291390301384874,-0.05452488878818271
665742,Juan Soto,R,2.0,1.0,2555,p_swing,0.6050327211946482,0.6707654966626011,-0.06573277546795286
665742,Juan Soto,R,2.0,1.0,2555,p_contact,0.876134074947372,0.849851092994563,0.026282981952809092
665742,Juan Soto,R,2.0,1.0,2555,q,0.465938610888274,0.42141940631832625,0.044519204569947735
665742,Juan Soto,R,2.0,2.0,2715,p_swing,0.7659394271562003,0.734655212145923,0.03128421501027734
665742,Juan Soto,R,2.0,2.0,2715,p_contact,0.9046160237784763,0.8774962120915645,0.0271198116869118
665742,Juan Soto,R,2.0,2.0,2715,q,0.5822950682697156,0.4277883057616802,0.15450676250803536
665742,Juan Soto,R,2.0,3.0,1919,p_swing,0.7630940927595382,0.7247904112756676,0.038303681483870644
665742,Juan Soto,R,2.0,3.0,1919,p_contact,0.8026608422965417,0.7951616362785535,0.007499206017988147
665742,Juan Soto,R,2.0,3.0,1919,q,0.5781664354314153,0.3733612532505242,0.2048051821808911
665742,Juan Soto,R,2.0,4.0,1314,p_swing,0.356901530960764,0.4100907918637558,-0.05318926090299181
665742,Juan Soto,R,2.0,4.0,1314,p_contact,0.43699664240660463,0.47987416580055386,-0.042877523393949235
665742,Juan Soto,R,2.0,4.0,1314,q,0.37808372642805227,0.27076851812816444,0.10731520829988783
665742,Juan Soto,R,3.0,0.0,2546,p_swing,0.12991672494122822,0.3658994680718875,-0.23598274313065928
665742,Juan Soto,R,3.0,0.0,2546,p_contact,0.22348066681174217,0.3374400827103146,-0.11395941589857245
665742,Juan Soto,R,3.0,0.0,2546,q,0.2087918523924377,0.2562409733658992,-0.04744912097346149
665742,Juan Soto,R,3.0,1.0,2289,p_swing,0.3914524192415062,0.5521580467582207,-0.16070562751671447
665742,Juan Soto,R,3.0,1.0,2289,p_contact,0.7813432194640825,0.7819944111721948,-0.000651191708112342
665742,Juan Soto,R,3.0,1.0,2289,q,0.36299663151310435,0.353194990843248,0.009801640669856337
665742,Juan Soto,R,3.0,2.0,2201,p_swing,0.5656785058824075,0.6224007608865078,-0.05672225500410022
665742,Juan Soto,R,3.0,2.0,2201,p_contact,0.8777481043327944,0.8511325504576304,0.02661555387516401
665742,Juan Soto,R,3.0,2.0,2201,q,0.45063941319494666,0.36844138330299714,0.08219802989194952
665742,Juan Soto,R,3.0,3.0,1296,p_swing,0.5871234995486894,0.6063910914943088,-0.019267591945619444
665742,Juan Soto,R,3.0,3.0,1296,p_contact,0.7983204534530272,0.7957560347980693,0.002564418654957823
665742,Juan Soto,R,3.0,3.0,1296,q,0.4648880797012905,0.34354519236953585,0.12134288733175463
665742,Juan Soto,R,3.0,4.0,745,p_swing,0.2641154838578867,0.32379808253219544,-0.05968259867430875
665742,Juan Soto,R,3.0,4.0,745,p_contact,0.49985688969292896,0.5544114532972741,-0.054554563604345185
665742,Juan Soto,R,3.0,4.0,745,q,0.32940286252922657,0.2655118429412778,0.0638910195879488
665742,Juan Soto,R,4.0,0.0,2687,p_swing,0.03693678276963121,0.16950442397093834,-0.13256764120130715
665742,Juan Soto,R,4.0,0.0,2687,p_contact,0.04673372913811372,0.09706060946292083,-0.050326880324807116
665742,Juan Soto,R,4.0,0.0,2687,q,0.16085690466231647,0.18695440592070273,-0.026097501258386252
665742,Juan Soto,R,4.0,1.0,1588,p_swing,0.10247038225583656,0.25364646328943596,-0.15117608103359942
665742,Juan Soto,R,4.0,1.0,1588,p_contact,0.3687254701164892,0.4323767940560266,-0.06365132393953737
665742,Juan Soto,R,4.0,1.0,1588,q,0.24391114157659732,0.2575237625074439,-0.013612620930846586
665742,Juan Soto,R,4.0,2.0,1094,p_swing,0.17059881236703142,0.2860680864107365,-0.11546927404370508
665742,Juan Soto,R,4.0,2.0,1094,p_contact,0.6250086000003718,0.6350529632002399,-0.010044363199868012
665742,Juan Soto,R,4.0,2.0,1094,q,0.28232352005171385,0.27368358450694863,0.00863993554476522
665742,Juan Soto,R,4.0,3.0,594,p_swing,0.15307072488395532,0.21478251055429612,-0.0617117856703408
665742,Juan Soto,R,4.0,3.0,594,p_contact,0.6929910865130988,0.7044292077215535,-0.011438121208454666
665742,Juan Soto,R,4.0,3.0,594,q,0.27509438004407416,0.26314355997751254,0.011950820066561618
665742,Juan Soto,R,4.0,4.0,278,p_swing,0.04841160188941061,0.08592860783010754,-0.03751700594069693
665742,Juan Soto,R,4.0,4.0,278,p_contact,0.492014632082298,0.5613334240893714,-0.06931879200707336
665742,Juan Soto,R,4.0,4.0,278,q,0.2188539193045321,0.2335655191162829,-0.014711599811750797
592626,Joc Pederson,R,0.0,0.0,602,p_swing,0.21140011928938623,0.23558154099382123,-0.02418142170443499
592626,Joc Pederson,R,0.0,0.0,602,p_contact,0.38694089623686373,0.3309334204974986,0.05600747573936515
592626,Joc Pederson,R,0.0,0.0,602,q,0.26468181464066143,0.23297420970786153,0.03170760493279989
592626,Joc Pederson,R,0.0,1.0,1070,p_swing,0.32061679872813925,0.3271374791781833,-0.0065206804500440585
592626,Joc Pederson,R,0.0,1.0,1070,p_contact,0.6687012072548131,0.6317767758318702,0.03692443142294288
592626,Joc Pederson,R,0.0,1.0,1070,q,0.2948539718707031,0.2649801822536599,0.029873789617043234
592626,Joc Pederson,R,0.0,2.0,1538,p_swing,0.3432085937099939,0.3300876826722377,0.0131209110377562
592626,Joc Pederson,R,0.0,2.0,1538,p_contact,0.741080411921179,0.7228999479487069,0.018180463972472083
592626,Joc Pederson,R,0.0,2.0,1538,q,0.2901038596229761,0.26848988405652874,0.02161397556644734
592626,Joc Pederson,R,0.0,3.0,1265,p_swing,0.26829438167515784,0.23941381793742825,0.028880563737729598
592626,Joc Pederson,R,0.0,3.0,1265,p_contact,0.6949241068111107,0.6691293146967918,0.0257947921143189
592626,Joc Pederson,R,0.0,3.0,1265,q,0.27923349979013323,0.26891274840316987,0.010320751386963367
592626,Joc Pederson,R,0.0,4.0,1139,p_swing,0.0866107415019173,0.07327381161629423,0.013336929885623072
592626,Joc Pederson,R,0.0,4.0,1139,p_contact,0.46373539706291445,0.4170633698649205,0.04667202719799396
592626,Joc Pederson,R,0.0,4.0,1139,q,0.23793640960403656,0.24503908249519313,-0.0071026728911565695
592626,Joc Pederson,R,1.0,0.0,1350,p_swing,0.3726385984781491,0.40165542295244366,-0.029016824474294545
592626,Joc Pederson,R,1.0,0.0,1350,p_contact,0.5273878871746301,0.4858199080181862,0.041567979156443946
592626,Joc Pederson,R,1.0,0.0,1350,q,0.31246142194226934,0.27267676836997273,0.0397846535722966
592626,Joc Pederson,R,1.0,1.0,1911,p_swing,0.6232868780575455,0.6272466055640996,-0.003959727506554156
592626,Joc Pederson,R,1.0,1.0,1911,p_contact,0.8473962269828682,0.8482317983787575,-0.0008355713958893007
592626,Joc Pederson,R,1.0,1.0,1911,q,0.4418815650798337,0.3667129213316537,0.07516864374818005
592626,Joc Pederson,R,1.0,2.0,2285,p_swing,0.6939539025882075,0.6753376039294566,0.01861629865875092
592626,Joc Pederson,R,1.0,2.0,2285,p_contact,0.8536924381876931,0.8774916365751814,-0.02379919838748823
592626,Joc Pederson,R,1.0,2.0,2285,q,0.4781631754055065,0.3799481864017261,0.0982149890037804
592626,Joc Pederson,R,1.0,3.0,1670,p_swing,0.6852345226800995,0.6341888583832577,0.051045664296841875
592626,Joc Pederson,R,1.0,3.0,1670,p_contact,0.7792638806882732,0.7836349590236913,-0.004371078335418055
592626,Joc Pederson,R,1.0,3.0,1670,q,0.4458181913830563,0.3454214296089318,0.10039676177412449
592626,Joc Pederson,R,1.0,4.0,1155,p_swing,0.39487124289928677,0.3040083514239462,0.09086289147534055
592626,Joc Pederson,R,1.0,4.0,1155,p_contact,0.5088364803123396,0.43073792214606976,0.07809855816626987
592626,Joc Pederson,R,1.0,4.0,1155,q,0.32797986576051424,0.2602029017373533,0.06777696402316097
592626,Joc Pederson,R,2.0,0.0,2194,p_swing,0.39191545429900687,0.43418831010806325,-0.042272855809056376
592626,Joc Pederson,R,2.0,0.0,2194,p_contact,0.500949007677458,0.48060252969020795,0.020346477987250033
592626,Joc Pederson,R,2.0,0.0,2194,q,0.33532563987491126,0.291390301384874,0.04393533849003728
592626,Joc Pederson,R,2.0,1.0,2555,p_swing,0.6547798887245109,0.6707654966626011,-0.01598560793809023
592626,Joc Pederson,R,2.0,1.0,2555,p_contact,0.8434458406937332,0.849851092994563,-0.006405252300829778
592626,Joc Pederson,R,2.0,1.0,2555,q,0.5099287536512849,0.42141940631832625,0.08850934733295862
592626,Joc Pederson,R,2.0,2.0,2715,p_swing,0.7429132822221814,0.734655212145923,0.00825807007625845
592626,Joc Pederson,R,2.0,2.0,2715,p_contact,0.8540551575946983,0.8774962120915645,-0.023441054496866176
592626,Joc Pederson,R,2.0,2.0,2715,q,0.5478962982886404,0.4277883057616802,0.1201079925269602
592626,Joc Pederson,R,2.0,3.0,1919,p_swing,0.7579192393976242,0.7247904112756676,0.03312882812195661
592626,Joc Pederson,R,2.0,3.0,1919,p_contact,0.7914874228479466,0.7951616362785535,-0.0036742134306069207
592626,Joc Pederson,R,2.0,3.0,1919,q,0.5080462041203712,0.3733612532505242,0.13468495086984694
592626,Joc Pederson,R,2.0,4.0,1314,p_swing,0.523168437887814,0.4100907918637558,0.11307764602405818
592626,Joc Pederson,R,2.0,4.0,1314,p_contact,0.5846409590424377,0.47987416580055386,0.10476679324188387
592626,Joc Pederson,R,2.0,4.0,1314,q,0.3858085266304524,0.27076851812816444,0.11504000850228796
592626,Joc Pederson,R,3.0,0.0,2546,p_swing,0.3220369872906136,0.3658994680718875,-0.043862480781273916
592626,Joc Pederson,R,3.0,0.0,2546,p_contact,0.3473322688228991,0.3374400827103146,0.009892186112584467
592626,Joc Pederson,R,3.0,0.0,2546,q,0.2835084182581186,0.2562409733658992,0.02726744489221944
592626,Joc Pederson,R,3.0,1.0,2289,p_swing,0.533169853930065,0.5521580467582207,-0.01898819282815567
592626,Joc Pederson,R,3.0,1.0,2289,p_contact,0.7862160101877961,0.7819944111721948,0.004221599015601263
592626,Joc Pederson,R,3.0,1.0,2289,q,0.39905503851818486,0.353194990843248,0.045860047674936844
592626,Joc Pederson,R,3.0,2.0,2201,p_swing,0.6218260105970954,0.6224007608865078,-0.0005747502894123402
592626,Joc Pederson,R,3.0,2.0,2201,p_contact,0.8447941293612441,0.8511325504576304,-0.006338421096386271
592626,Joc Pederson,R,3.0,2.0,2201,q,0.4348167766364582,0.36844138330299714,0.06637539333346104
592626,Joc Pederson,R,3.0,3.0,1296,p_swing,0.6316098482441445,0.6063910914943088,0.025218756749835647
592626,Joc Pederson,R,3.0,3.0,1296,p_contact,0.8081419145757401,0.7957560347980693,0.012385879777670805
592626,Joc Pederson,R,3.0,3.0,1296,q,0.4220452343493148,0.34354519236953585,0.07850004197977895
592626,Joc Pederson,R,3.0,4.0,745,p_swing,0.411289965157249,0.32379808253219544,0.08749188262505359
592626,Joc Pederson,R,3.0,4.0,745,p_contact,0.6580920882573064,0.5544114532972741,0.10368063496003221
592626,Joc Pederson,R,3.0,4.0,745,q,0.33251045986309946,0.2655118429412778,0.06699861692182169
592626,Joc Pederson,R,4.0,0.0,2687,p_swing,0.13881390525420215,0.16950442397093834,-0.030690518716736198
592626,Joc Pederson,R,4.0,0.0,2687,p_contact,0.09780104491497522,0.09706060946292083,0.0007404354520543915
592626,Joc Pederson,R,4.0,0.0,2687,q,0.19612282498212477,0.18695440592070273,0.009168419061422045
592626,Joc Pederson,R,4.0,1.0,1588,p_swing,0.23363726920156835,0.25364646328943596,-0.02000919408786761
592626,Joc Pederson,R,4.0,1.0,1588,p_contact,0.4430210938256689,0.4323767940560266,0.010644299769642318
592626,Joc Pederson,R,4.0,1.0,1588,q,0.2628054269108574,0.2575237625074439,0.0052816644034134885
592626,Joc Pederson,R,4.0,2.0,1094,p_swing,0.27648555718965356,0.2860680864107365,-0.009582529221082936
592626,Joc Pederson,R,4.0,2.0,1094,p_contact,0.6537274108935128,0.6350529632002399,0.018674447693272977
592626,Joc Pederson,R,4.0,2.0,1094,q,0.2751356592057937,0.27368358450694863,0.0014520746988450628
592626,Joc Pederson,R,4.0,3.0,594,p_swing,0.2236649685379262,0.21478251055429612,0.008882457983630077
592626,Joc Pederson,R,4.0,3.0,594,p_contact,0.7337844214709445,0.7044292077215535,0.029355213749390985
592626,Joc Pederson,R,4.0,3.0,594,q,0.26385141175353166,0.26314355997751254,0.0007078517760191194
592626,Joc Pederson,R,4.0,4.0,278,p_swing,0.1176122966693589,0.08592860783010754,0.031683688839251364
592626,Joc Pederson,R,4.0,4.0,278,p_contact,0.645010074440611,0.5613334240893714,0.08367665035123961
592626,Joc Pederson,R,4.0,4.0,278,q,0.22921674693231103,0.2335655191162829,-0.004348772183971866
664761,Alec Bohm,R,0.0,0.0,602,p_swing,0.15418340383378312,0.23558154099382123,-0.0813981371600381
664761,Alec Bohm,R,0.0,0.0,602,p_contact,0.47605641062937654,0.3309334204974986,0.14512299013187796
664761,Alec Bohm,R,0.0,0.0,602,q,0.2459061638362384,0.23297420970786153,0.01293195412837686
664761,Alec Bohm,R,0.0,1.0,1070,p_swing,0.27575473782506327,0.3271374791781833,-0.05138274135312004
664761,Alec Bohm,R,0.0,1.0,1070,p_contact,0.7253203725424883,0.6317767758318702,0.09354359671061807
664761,Alec Bohm,R,0.0,1.0,1070,q,0.27317771460408363,0.2649801822536599,0.008197532350423753
664761,Alec Bohm,R,0.0,2.0,1538,p_swing,0.3246506307404896,0.3300876826722377,-0.005437051931748094
664761,Alec Bohm,R,0.0,2.0,1538,p_contact,0.7769755575193095,0.7228999479487069,0.054075609570602534
664761,Alec Bohm,R,0.0,2.0,1538,q,0.27853926798263356,0.26848988405652874,0.010049383926104827
664761,Alec Bohm,R,0.0,3.0,1265,p_swing,0.2757140505045295,0.23941381793742825,0.03630023256710127
664761,Alec Bohm,R,0.0,3.0,1265,p_contact,0.7390581049525691,0.6691293146967918,0.06992879025577725
664761,Alec Bohm,R,0.0,3.0,1265,q,0.28577633824626447,0.26891274840316987,0.016863589843094606
664761,Alec Bohm,R,0.0,4.0,1139,p_swing,0.0914258126549175,0.07327381161629423,0.018152001038623272
664761,Alec Bohm,R,0.0,4.0,1139,p_contact,0.5140687074026549,0.4170633698649205,0.09700533753773438
664761,Alec Bohm,R,0.0,4.0,1139,q,0.266870045028725,0.24503908249519313,0.021830962533531895
664761,Alec Bohm,R,1.0,0.0,1350,p_swing,0.3306004806881753,0.40165542295244366,-0.07105494226426834
664761,Alec Bohm,R,1.0,0.0,1350,p_contact,0.6368354844220017,0.4858199080181862,0.15101557640381547
664761,Alec Bohm,R,1.0,0.0,1350,q,0.31057660590167396,0.27267676836997273,0.03789983753170123
664761,Alec Bohm,R,1.0,1.0,1911,p_swing,0.6132087179887036,0.6272466055640996,-0.014037887575396035
664761,Alec Bohm,R,1.0,1.0,1911,p_contact,0.8950857558155608,0.8482317983787575,0.04685395743680332
664761,Alec Bohm,R,1.0,1.0,1911,q,0.41818446477690896,0.3667129213316537,0.051471543445255286
664761,Alec Bohm,R,1.0,2.0,2285,p_swing,0.7236251687761437,0.6753376039294566,0.04828756484668706
664761,Alec Bohm,R,1.0,2.0,2285,p_contact,0.8927234010571202,0.8774916365751814,0.015231764481938859
664761,Alec Bohm,R,1.0,2.0,2285,q,0.4351656360490578,0.3799481864017261,0.05521744964733166
664761,Alec Bohm,R,1.0,3.0,1670,p_swing,0.7487751042545623,0.6341888583832577,0.11458624587130462
664761,Alec Bohm,R,1.0,3.0,1670,p_contact,0.8537934270804514,0.7836349590236913,0.07015846805676007
664761,Alec Bohm,R,1.0,3.0,1670,q,0.40976099262159027,0.3454214296089318,0.06433956301265847
664761,Alec Bohm,R,1.0,4.0,1155,p_swing,0.43169760517279776,0.3040083514239462,0.12768925374885154
664761,Alec Bohm,R,1.0,4.0,1155,p_contact,0.6000656642366475,0.43073792214606976,0.16932774209057777
664761,Alec Bohm,R,1.0,4.0,1155,q,0.338495464655228,0.2602029017373533,0.07829256291787473
664761,Alec Bohm,R,2.0,0.0,2194,p_swing,0.4146263250955655,0.43418831010806325,-0.01956198501249773
664761,Alec Bohm,R,2.0,0.0,2194,p_contact,0.645508128030846,0.48060252969020795,0.16490559834063806
664761,Alec Bohm,R,2.0,0.0,2194,q,0.35394550635120275,0.291390301384874,0.06255520496632877
664761,Alec Bohm,R,2.0,1.0,2555,p_swing,0.7023234914171778,0.6707654966626011,0.03155799475457666
664761,Alec Bohm,R,2.0,1.0,2555,p_contact,0.892666075327625,0.849851092994563,0.042814982333062024
664761,Alec Bohm,R,2.0,1.0,2555,q,0.4826674544414662,0.42141940631832625,0.06124804812313994
664761,Alec Bohm,R,2.0,2.0,2715,p_swing,0.813439822251845,0.734655212145923,0.07878461010592197
664761,Alec Bohm,R,2.0,2.0,2715,p_contact,0.8904118518363925,0.8774962120915645,0.012915639744828011
664761,Alec Bohm,R,2.0,2.0,2715,q,0.49054210044402446,0.4277883057616802,0.06275379468234427
664761,Alec Bohm,R,2.0,3.0,1919,p_swing,0.8359703129121511,0.7247904112756676,0.1111799016364835
664761,Alec Bohm,R,2.0,3.0,1919,p_contact,0.8642892024366727,0.7951616362785535,0.06912756615811921
664761,Alec Bohm,R,2.0,3.0,1919,q,0.44600009610716285,0.3733612532505242,0.07263884285663863
664761,Alec Bohm,R,2.0,4.0,1314,p_swing,0.5696082200855649,0.4100907918637558,0.1595174282218091
664761,Alec Bohm,R,2.0,4.0,1314,p_contact,0.6596549335793455,0.47987416580055386,0.1797807677787916
664761,Alec Bohm,R,2.0,4.0,1314,q,0.3631297272021912,0.27076851812816444,0.09236120907402678
664761,Alec Bohm,R,3.0,0.0,2546,p_swing,0.36635130385525266,0.3658994680718875,0.00045183578336516206
664761,Alec Bohm,R,3.0,0.0,2546,p_contact,0.4968035172579219,0.3374400827103146,0.15936343454760726
664761,Alec Bohm,R,3.0,0.0,2546,q,0.30848912223120045,0.2562409733658992,0.05224814886530127
664761,Alec Bohm,R,3.0,1.0,2289,p_swing,0.5854339618463673,0.5521580467582207,0.033275915088146646
664761,Alec Bohm,R,3.0,1.0,2289,p_contact,0.8419025229048448,0.7819944111721948,0.05990811173264998
664761,Alec Bohm,R,3.0,1.0,2289,q,0.40165309070264893,0.353194990843248,0.048458099859400916
664761,Alec Bohm,R,3.0,2.0,2201,p_swing,0.6863050919795398,0.6224007608865078,0.06390433109303206
664761,Alec Bohm,R,3.0,2.0,2201,p_contact,0.8643410033066129,0.8511325504576304,0.013208452848982533
664761,Alec Bohm,R,3.0,2.0,2201,q,0.42222649437197224,0.36844138330299714,0.0537851110689751
664761,Alec Bohm,R,3.0,3.0,1296,p_swing,0.7028561319737626,0.6063910914943088,0.09646504047945381
664761,Alec Bohm,R,3.0,3.0,1296,p_contact,0.8410862259290837,0.7957560347980693,0.04533019113101433
664761,Alec Bohm,R,3.0,3.0,1296,q,0.4106204693240148,0.34354519236953585,0.06707527695447896
664761,Alec Bohm,R,3.0,4.0,745,p_swing,0.4427058224039726,0.32379808253219544,0.11890773987177716
664761,Alec Bohm,R,3.0,4.0,745,p_contact,0.6929863549518905,0.5544114532972741,0.1385749016546164
664761,Alec Bohm,R,3.0,4.0,745,q,0.3363729341518159,0.2655118429412778,0.07086109121053813
664761,Alec Bohm,R,4.0,0.0,2687,p_swing,0.15479241130434726,0.16950442397093834,-0.014712012666591084
664761,Alec Bohm,R,4.0,0.0,2687,p_contact,0.16044582779736613,0.09706060946292083,0.0633852183344453
664761,Alec Bohm,R,4.0,0.0,2687,q,0.21023058066103686,0.18695440592070273,0.023276174740334138
664761,Alec Bohm,R,4.0,1.0,1588,p_swing,0.2584306923229868,0.25364646328943596,0.0047842290335508575
664761,Alec Bohm,R,4.0,1.0,1588,p_contact,0.5064793579622805,0.4323767940560266,0.07410256390625392
664761,Alec Bohm,R,4.0,1.0,1588,q,0.2733941376068505,0.2575237625074439,0.015870375099406586
664761,Alec Bohm,R,4.0,2.0,1094,p_swing,0.2993738381190325,0.2860680864107365,0.01330575170829601
664761,Alec Bohm,R,4.0,2.0,1094,p_contact,0.6680914600588613,0.6350529632002399,0.03303849685862148
664761,Alec Bohm,R,4.0,2.0,1094,q,0.2902792447895302,0.27368358450694863,0.01659566028258158
664761,Alec Bohm,R,4.0,3.0,594,p_swing,0.23781059882260297,0.21478251055429612,0.02302808826830685
664761,Alec Bohm,R,4.0,3.0,594,p_contact,0.7245636704732171,0.7044292077215535,0.02013446275166364
664761,Alec Bohm,R,4.0,3.0,594,q,0.28601512834680604,0.26314355997751254,0.022871568369293493
664761,Alec Bohm,R,4.0,4.0,278,p_swing,0.10287316854568401,0.08592860783010754,0.01694456071557647
664761,Alec Bohm,R,4.0,4.0,278,p_contact,0.630717680945309,0.5613334240893714,0.06938425685593763
664761,Alec Bohm,R,4.0,4.0,278,q,0.257401868861785,0.2335655191162829,0.02383634974550211
656941,Kyle Schwarber,R,0.0,0.0,602,p_swing,0.15194183926394428,0.23558154099382123,-0.08363970172987695
656941,Kyle Schwarber,R,0.0,0.0,602,p_contact,0.27227420477560904,0.3309334204974986,-0.058659215721889535
656941,Kyle Schwarber,R,0.0,0.0,602,q,0.24854326317476672,0.23297420970786153,0.01556905346690518
656941,Kyle Schwarber,R,0.0,1.0,1070,p_swing,0.2426677641136797,0.3271374791781833,-0.0844697150645036
656941,Kyle Schwarber,R,0.0,1.0,1070,p_contact,0.5787975510216762,0.6317767758318702,-0.052979224810194014
656941,Kyle Schwarber,R,0.0,1.0,1070,q,0.28332375119501185,0.2649801822536599,0.018343568941351973
656941,Kyle Schwarber,R,0.0,2.0,1538,p_swing,0.2607635358245371,0.3300876826722377,-0.06932414684770061
656941,Kyle Schwarber,R,0.0,2.0,1538,p_contact,0.6816468230486207,0.7228999479487069,-0.04125312490008626
656941,Kyle Schwarber,R,0.0,2.0,1538,q,0.28470553698500206,0.26848988405652874,0.016215652928473323
656941,Kyle Schwarber,R,0.0,3.0,1265,p_swing,0.19886298896715468,0.23941381793742825,-0.04055082897027357
656941,Kyle Schwarber,R,0.0,3.0,1265,p_contact,0.6371567682992564,0.6691293146967918,-0.03197254639753544
656941,Kyle Schwarber,R,0.0,3.0,1265,q,0.2779004705340966,0.26891274840316987,0.008987722130926745
656941,Kyle Schwarber,R,0.0,4.0,1139,p_swing,0.05883000744693388,0.07327381161629423,-0.01444380416936035
656941,Kyle Schwarber,R,0.0,4.0,1139,p_contact,0.41480694198858276,0.4170633698649205,-0.00225642787633773
656941,Kyle Schwarber,R,0.0,4.0,1139,q,0.23577005589500238,0.24503908249519313,-0.009269026600190744
656941,Kyle Schwarber,R,1.0,0.0,1350,p_swing,0.31098464531828307,0.40165542295244366,-0.0906707776341606
656941,Kyle Schwarber,R,1.0,0.0,1350,p_contact,0.4409540376469872,0.4858199080181862,-0.04486587037119899
656941,Kyle Schwarber,R,1.0,0.0,1350,q,0.3075278597628629,0.27267676836997273,0.034851091392890166
656941,Kyle Schwarber,R,1.0,1.0,1911,p_swing,0.568852686763301,0.6272466055640996,-0.05839391880079858
656941,Kyle Schwarber,R,1.0,1.0,1911,p_contact,0.8280602565053743,0.8482317983787575,-0.020171541873383214
656941,Kyle Schwarber,R,1.0,1.0,1911,q,0.45266722102149004,0.3667129213316537,0.08595429968983637
656941,Kyle Schwarber,R,1.0,2.0,2285,p_swing,0.6567458223567815,0.6753376039294566,-0.01859178157267516
656941,Kyle Schwarber,R,1.0,2.0,2285,p_contact,0.8553513291497721,0.8774916365751814,-0.02214030742540929
656941,Kyle Schwarber,R,1.0,2.0,2285,q,0.498400667727124,0.3799481864017261,0.11845248132539787
656941,Kyle Schwarber,R,1.0,3.0,1670,p_swing,0.647870765901087,0.6341888583832577,0.013681907517829384
656941,Kyle Schwarber,R,1.0,3.0,1670,p_contact,0.7535069620716358,0.7836349590236913,-0.03012799695205548
656941,Kyle Schwarber,R,1.0,3.0,1670,q,0.47123089692371334,0.3454214296089318,0.12580946731478154
656941,Kyle Schwarber,R,1.0,4.0,1155,p_swing,0.3361336517224833,0.3040083514239462,0.03212530029853705
656941,Kyle Schwarber,R,1.0,4.0,1155,p_contact,0.41549500905348236,0.43073792214606976,-0.015242913092587407
656941,Kyle Schwarber,R,1.0,4.0,1155,q,0.34870662651794815,0.2602029017373533,0.08850372478059487
656941,Kyle Schwarber,R,2.0,0.0,2194,p_swing,0.3360889402449328,0.43418831010806325,-0.09809936986313045
656941,Kyle Schwarber,R,2.0,0.0,2194,p_contact,0.4315745797689929,0.48060252969020795,-0.049027949921215064
656941,Kyle Schwarber,R,2.0,0.0,2194,q,0.3364665892786782,0.291390301384874,0.04507628789380419
656941,Kyle Schwarber,R,2.0,1.0,2555,p_swing,0.6207462532325501,0.6707654966626011,-0.05001924343005104
656941,Kyle Schwarber,R,2.0,1.0,2555,p_contact,0.8391187621306067,0.849851092994563,-0.010732330863956308
656941,Kyle Schwarber,R,2.0,1.0,2555,q,0.5509801875355193,0.42141940631832625,0.129560781217193
656941,Kyle Schwarber,R,2.0,2.0,2715,p_swing,0.7316435868047438,0.734655212145923,-0.0030116253411791583
656941,Kyle Schwarber,R,2.0,2.0,2715,p_contact,0.8658267348949861,0.8774962120915645,-0.011669477196578404
656941,Kyle Schwarber,R,2.0,2.0,2715,q,0.6041594923201187,0.4277883057616802,0.17637118655843848
656941,Kyle Schwarber,R,2.0,3.0,1919,p_swing,0.7536568430802237,0.7247904112756676,0.02886643180455617
656941,Kyle Schwarber,R,2.0,3.0,1919,p_contact,0.773397995227945,0.7951616362785535,-0.021763641050608573
656941,Kyle Schwarber,R,2.0,3.0,1919,q,0.5697936397812651,0.3733612532505242,0.19643238653074085
656941,Kyle Schwarber,R,2.0,4.0,1314,p_swing,0.48018943518770774,0.4100907918637558,0.07009864332395194
656941,Kyle Schwarber,R,2.0,4.0,1314,p_contact,0.47497583820400946,0.47987416580055386,-0.004898327596544405
656941,Kyle Schwarber,R,2.0,4.0,1314,q,0.435797966721849,0.27076851812816444,0.16502944859368457
656941,Kyle Schwarber,R,3.0,0.0,2546,p_swing,0.2738798468218962,0.3658994680718875,-0.0920196212499913
656941,Kyle Schwarber,R,3.0,0.0,2546,p_contact,0.2894838712993295,0.3374400827103146,-0.047956211410985106
656941,Kyle Schwarber,R,3.0,0.0,2546,q,0.2796099568217501,0.2562409733658992,0.023368983455850922
656941,Kyle Schwarber,R,3.0,1.0,2289,p_swing,0.47855963162319426,0.5521580467582207,-0.07359841513502641
656941,Kyle Schwarber,R,3.0,1.0,2289,p_contact,0.7653562423312128,0.7819944111721948,-0.016638168840982015
656941,Kyle Schwarber,R,3.0,1.0,2289,q,0.4313563882276032,0.353194990843248,0.07816139738435518
656941,Kyle Schwarber,R,3.0,2.0,2201,p_swing,0.5774130569593215,0.6224007608865078,-0.04498770392718621
656941,Kyle Schwarber,R,3.0,2.0,2201,p_contact,0.8350298791541559,0.8511325504576304,-0.016102671303474425
656941,Kyle Schwarber,R,3.0,2.0,2201,q,0.4830389537157551,0.36844138330299714,0.11459757041275798
656941,Kyle Schwarber,R,3.0,3.0,1296,p_swing,0.5925187397695054,0.6063910914943088,-0.013872351724803389
656941,Kyle Schwarber,R,3.0,3.0,1296,p_contact,0.7697195860982677,0.7957560347980693,-0.026036448699801595
656941,Kyle Schwarber,R,3.0,3.0,1296,q,0.476066956549515,0.34354519236953585,0.13252176417997913
656941,Kyle Schwarber,R,3.0,4.0,745,p_swing,0.3617332067629697,0.32379808253219544,0.037935124230774275
656941,Kyle Schwarber,R,3.0,4.0,745,p_contact,0.5496186128598731,0.5544114532972741,-0.004792840437401025
656941,Kyle Schwarber,R,3.0,4.0,745,q,0.372021852363676,0.2655118429412778,0.10651000942239824
656941,Kyle Schwarber,R,4.0,0.0,2687,p_swing,0.11041530027057615,0.16950442397093834,-0.05908912370036219
656941,Kyle Schwarber,R,4.0,0.0,2687,p_contact,0.07544159953320925,0.09706060946292083,-0.02161900992971158
656941,Kyle Schwarber,R,4.0,0.0,2687,q,0.19223222653074784,0.18695440592070273,0.005277820610045114
656941,Kyle Schwarber,R,4.0,1.0,1588,p_swing,0.1832498981880596,0.25364646328943596,-0.07039656510137637
656941,Kyle Schwarber,R,4.0,1.0,1588,p_contact,0.40194312702941826,0.4323767940560266,-0.030433667026608324
656941,Kyle Schwarber,R,4.0,1.0,1588,q,0.27066594478615585,0.2575237625074439,0.013142182278711945
656941,Kyle Schwarber,R,4.0,2.0,1094,p_swing,0.22336915168338842,0.2860680864107365,-0.06269893472734808
656941,Kyle Schwarber,R,4.0,2.0,1094,p_contact,0.6128133457182089,0.6350529632002399,-0.02223961748203096
656941,Kyle Schwarber,R,4.0,2.0,1094,q,0.2874313583648619,0.27368358450694863,0.013747773857913259
656941,Kyle Schwarber,R,4.0,3.0,594,p_swing,0.1819770526397975,0.21478251055429612,-0.032805457914498626
656941,Kyle Schwarber,R,4.0,3.0,594,p_contact,0.6858619407379077,0.7044292077215535,-0.018567266983645747
656941,Kyle Schwarber,R,4.0,3.0,594,q,0.27611073512922635,0.26314355997751254,0.012967175151713806
656941,Kyle Schwarber,R,4.0,4.0,278,p_swing,0.08446627028903342,0.08592860783010754,-0.001462337541074124
656941,Kyle Schwarber,R,4.0,4.0,278,p_contact,0.5655645879065926,0.5613334240893714,0.004231163817221217
656941,Kyle Schwarber,R,4.0,4.0,278,q,0.23616759816734054,0.2335655191162829,0.0026020790510576375
