batter,season,p_throws,pred_woba,rate_bb,rate_k,rate_hbp,rate_bip
444482,2024,L,0.30062204374829377,0.060677498672794775,0.2155225457644237,0.01299397367294088,0.710805982460583
691176,2024,L,0.3012545389090697,0.08765481987652042,0.22545120240832195,0.007425614240689578,0.6794683626837004
650402,2024,L,0.34616950648467015,0.0870211216867197,0.2050424995894054,0.007776227278358387,0.7001601519528823
663728,2024,L,0.32569674474654453,0.06876501188674157,0.26964716909883046,0.007849386521602678,0.6537384332549105
687462,2024,L,0.2648596915551488,0.07039226131356882,0.2239891813282542,0.013848957497660247,0.6917696000259418
605113,2024,L,0.2869843484054461,0.07197251014906611,0.2053112100838792,0.007592864424097771,0.7151234153519199
641355,2024,L,0.31360284206100986,0.07976813378844719,0.24274507105250095,0.014173723263248126,0.6633130720444682
572138,2024,L,0.2869675591260561,0.09753170010108245,0.27414015269012926,0.014423332016010289,0.6139048156168937
622110,2024,L,0.3265982080449415,0.08198121360783998,0.15858384882568624,0.007405752847970691,0.7520291862239131
621493,2024,L,0.3622273973304914,0.10782594204566397,0.21027129637611036,0.007944657576245724,0.6739581045167282
683021,2024,L,0.3119026406249686,0.10126515007157663,0.117085364623369,0.007322519207927419,0.7743269664047144
467793,2024,L,0.3502097245559777,0.10751509507249196,0.16269540328388285,0.007774624679486491,0.7220148770765515
622534,2024,L,0.3266554350179104,0.08460645386936423,0.16212480251988745,0.007677392846457365,0.7455913511724038
592450,2024,L,0.4165670968638643,0.1054718768933351,0.29501529914953634,0.008280839237921715,0.591231984807983
502671,2024,L,0.372179943350165,0.0942693392686471,0.2268580153632814,0.008151216383274531,0.6707214294334852
676475,2024,L,0.3271072259121946,0.06009894465554163,0.14776711724735608,0.01242670587121252,0.779707232308391
671732,2024,L,0.27525004536054104,0.08545181694158098,0.30529842956737985,0.013300852311901248,0.5959489014575556
656941,2024,L,0.3316587586380749,0.10242537503803578,0.3043581645479628,0.014957198016654431,0.5782592627230195
592663,2024,L,0.3482186332588627,0.07002172714664431,0.19927476561948934,0.007842710303492146,0.7228607966433611
676609,2024,L,0.2693333598323777,0.11190470940134728,0.2525017613848076,0.00859903769779421,0.6269944916624628
663837,2024,L,0.35280141686478034,0.09560553182884791,0.18727319959269137,0.008075152325158987,0.7090461172547449
670032,2024,L,0.2715918599008766,0.0913971390805467,0.1637138144662246,0.014031571335208794,0.7308574745690745
686217,2024,L,0.2674028154809227,0.11205524926753462,0.20130583115633874,0.014949941762923306,0.6716889768046064
656775,2024,L,0.3085587105648568,0.08457111310289309,0.18999628769101376,0.014529440274798106,0.7109031586656898
668939,2024,L,0.3629490810961267,0.10235584359815189,0.1658046580370371,0.008077446069098848,0.7237620527799943
596103,2024,L,0.319413004256613,0.10795457026816023,0.2807886549115812,0.008306856541461653,0.6029499181460862
666139,2024,L,0.2965742123996746,0.0764456692227728,0.27680027398871343,0.013290671752910028,0.6334633849616319
665926,2024,L,0.26884779406779724,0.05322114017164675,0.219018995264329,0.012943396963362415,0.7148164668330159
670764,2024,L,0.2939364963598116,0.11984265118105075,0.22237869073605515,0.008228632174177672,0.6495500257356963
666163,2024,L,0.2659072452015056,0.09788083373288914,0.3230767600157391,0.014705463008284916,0.5643369430697714
641933,2024,L,0.34921606146139184,0.08641331718653207,0.28685260724680994,0.007976114528783572,0.6187579609702798
656537,2024,L,0.2908713081860504,0.06328426706868719,0.26638175769303374,0.007202023929293097,0.6631319514007706
670242,2024,L,0.3193510067889623,0.09116116214495477,0.3441392862078599,0.014746940450598598,0.5499526106878436
671083,2024,L,0.31355519048887787,0.12112651151051487,0.21694287157412856,0.0078323972468434,0.6540982205753095
673962,2024,L,0.36250237316179,0.06896340444811175,0.2547316541500446,0.007299950647199093,0.6690049909889727
605131,2024,L,0.3084669558317435,0.12412131456930049,0.23058427594504602,0.008202513454504099,0.6370918968120187
608671,2024,L,0.2566320092126266,0.12134144984429941,0.2703673546579959,0.015069758574971484,0.5932214371102382
669200,2024,L,0.08519046263482279,0.06502797101776404,0.7931094155427855,0.008842790613857178,0.13301982283152128
686469,2024,L,0.35485979972230114,0.07506738059436947,0.14418930765070073,0.013310571531710868,0.7674327399269668
645305,2024,L,0.2705928213960178,0.0708823363527461,0.3099026269869069,0.007759005411439868,0.6114560325102998
575929,2024,L,0.3273924918403885,0.07275135560704916,0.2571403738013067,0.007884560618188671,0.6622237103894091
678225,2024,L,0.278419528871037,0.09436567238246356,0.26990031165339773,0.014985473851416095,0.6207485409923742
613564,2024,L,0.26454388695075803,0.08080274683090594,0.3195061708675469,0.013378415695649492,0.5863126652712705
669374,2024,L,0.305290660276471,0.09114829410428123,0.3819019862388066,0.008786729529931746,0.5181629899272012
658668,2024,L,0.3197717147429884,0.07977489069203923,0.18749065088741435,0.007778277608820522,0.7249561813107948
663550,2024,L,0.20811494201990655,0.03660293787046798,0.4436256287213538,0.01214445202566227,0.5076269814648158
553882,2024,L,0.28645042850541935,0.09548554536989079,0.20979215981916693,0.014771652492626844,0.6799506431636423
683146,2024,L,0.3041808312399136,0.07821950509350899,0.2843050972678395,0.014009378978068037,0.623466017969446
694497,2024,L,0.2784468769378209,0.13763433285900872,0.32714791597680204,0.015624831715815087,0.5195929196647395
666135,2024,L,0.3023132232332057,0.06649377108320871,0.23342980164813765,0.013979779550684142,0.6860966478376324
444482,2024,R,0.34210334456162794,0.06977887789585276,0.19330222819058784,0.0077769685601430175,0.7291419246101759
605113,2024,R,0.27144584740470523,0.06660531280985856,0.21757122196555648,0.012984007804023577,0.7028394584942713
676609,2024,R,0.2537913198688749,0.09648160266299731,0.270415136890608,0.014841388086476968,0.6182618719087131
666139,2024,R,0.3426387597665699,0.08758848196358453,0.24426475032168804,0.008364717020086431,0.6597820506940325
605131,2024,R,0.29549514483952133,0.12146007785111815,0.24235676486156016,0.014815863573668264,0.6213672936328967
663837,2024,R,0.3379248984329131,0.09118234310167754,0.19481869176007524,0.014275037002872446,0.699723928267651
621493,2024,R,0.34320415743619487,0.10638256086736199,0.23110750155490029,0.01417850391207577,0.6483314332565643
608671,2024,R,0.29244622215686744,0.1329625884688397,0.21738911344254347,0.008782063712383818,0.6408662346509921
683021,2024,R,0.3016824688842043,0.10030187534343461,0.1241586231448149,0.013544259383032041,0.7619952417397566
622534,2024,R,0.3109308670739634,0.07291609681117354,0.17195162960696278,0.01360454436048187,0.7415277292900117
467793,2024,R,0.349066919553208,0.11667375985142978,0.18271416711820593,0.008558257675757847,0.6920538151386707
596103,2024,R,0.3010607515648304,0.10391274226795522,0.30245316476049333,0.014427450578025048,0.5792066426329994
668939,2024,R,0.38006501585430436,0.11373245244059399,0.15792157610196894,0.008686198829512404,0.7196597727137171
656775,2024,R,0.33629291139663764,0.09408962238197412,0.1865000572072124,0.008560377648956561,0.7108499423108382
691176,2024,R,0.31454329687203575,0.10336955194489406,0.22559672469606318,0.007957605228832224,0.6630761177393378
650402,2024,R,0.33050933751827677,0.07897548418635804,0.21213573093297397,0.013529384042811208,0.6953594005708298
676475,2024,R,0.36569955701610385,0.06569222288361104,0.1353785877613745,0.007577711065811864,0.7913514787336114
502671,2024,R,0.35323520619261795,0.09257073936963432,0.2451547873769406,0.014226184335869798,0.6480482887965822
663728,2024,R,0.3333711539380862,0.0832937925547748,0.28202420397705197,0.008645039199297698,0.6260369643508457
687462,2024,R,0.29652735559913845,0.0777192648616049,0.1973586834338392,0.00787966149153502,0.7170423913390864
671083,2024,R,0.29381380313170824,0.1135811619025516,0.24623280898290212,0.013450401793798094,0.6267356264227909
656941,2024,R,0.3748724882931431,0.11554165730804213,0.28580317198750554,0.009020275731620333,0.5896348940604338
641933,2024,R,0.3318112532225072,0.08083411445032283,0.29838436150097436,0.013976336565703622,0.6068051877410918
670764,2024,R,0.305290195885977,0.14108948258002502,0.23106129357683156,0.008927824755841394,0.618921398785632
666163,2024,R,0.30997630508525487,0.11281142745020628,0.2832739557163508,0.008731596721344978,0.5951830207834552
641355,2024,R,0.3453056686938583,0.08733177993696044,0.23311615143623698,0.0086664057161355,0.6708856619694479
572138,2024,R,0.3197713256503806,0.10772667461639242,0.23901196270010297,0.008522576866601975,0.6447387857632716
665926,2024,R,0.2959969639116748,0.06101365510884461,0.22204167241438763,0.008081761425882811,0.708862911064304
592450,2024,R,0.39410680518921976,0.09740718024016735,0.3216697636281346,0.013881854853604473,0.5670412009482769
671732,2024,R,0.3206577606582048,0.1054235631165476,0.2684441355935865,0.008497584581609489,0.6176347164516443
592663,2024,R,0.3334753671526992,0.06995816255212908,0.20692248701103316,0.013651913451109577,0.7094674366281943
670032,2024,R,0.295617530558508,0.10271970740653633,0.147643174664458,0.008096074915530112,0.7415410426388073
622110,2024,R,0.3089807503346245,0.08359844917298764,0.18488448984827627,0.01330245893418417,0.7182146015759117
656537,2024,R,0.2728786024002407,0.06747613281846825,0.2914116625419812,0.01243663424260635,0.6286755706383977
686217,2024,R,0.29394167196436694,0.11785902899836839,0.1711908451008214,0.008631829863913415,0.7023182960857755
670242,2024,R,0.3572443918550072,0.1128767497354303,0.3324505030623455,0.00895428566467668,0.5457184614068165
673962,2024,R,0.34269923984479206,0.06763526556407706,0.27007220415163297,0.012032278905868353,0.6502602513964086
669200,2024,R,0.09450332492273136,0.06391864534793217,0.7670961512596173,0.015068024774287678,0.15391717873867305
645305,2024,R,0.26061750073869255,0.06604369719660724,0.31377345184957606,0.012058912317762682,0.6081239383250855
686469,2024,R,0.3933318842782548,0.07940988375111406,0.12020282225052863,0.007721024176679583,0.7926662701461228
678225,2024,R,0.32105743166451,0.10903576675246232,0.2317804536695764,0.008766192835647738,0.6504175863939295
575929,2024,R,0.3111418890863953,0.06548528464169426,0.2695031802948034,0.013801230139561941,0.6512103045141334
663550,2024,R,0.2513208061724756,0.04556145125874247,0.40122390222664184,0.00806983915466852,0.5451448069742683
613564,2024,R,0.2955742724547391,0.09610360098760744,0.3095471769035534,0.008550588799998858,0.5857986327474631
669374,2024,R,0.29980621054893936,0.07606415169346956,0.3719364744264859,0.014787013159828607,0.5372123609721375
658668,2024,R,0.30506216375594525,0.07075751617649952,0.1953363610095112,0.013308687487600838,0.7205974355454002
666135,2024,R,0.3359208867506457,0.07153493364109877,0.2206318369546893,0.00831958510034408,0.6995136443928371
683146,2024,R,0.3491741109795057,0.08999956973870266,0.2561087166486445,0.008350798672688646,0.6455409152994545
553882,2024,R,0.3135574323789824,0.10084149347241962,0.19272037750174295,0.008597475391887625,0.6978406535092333
694497,2024,R,0.3232338259708904,0.15627073493161522,0.28679063123569554,0.0092492980459838,0.5476893352089146
