device,secs_per_epoch,secs_per_100_steps,peak_rss_gb,steps,batch_size,embedding_dim,bilinear,loss_per_row
cpu,63.0,8.76,1.4,719,8192,32,False,1.12557
mps,81.0,11.26,1.2,719,8192,32,False,1.12554
cpu,43.9,6.11,1.57,719,8192,32,True,1.12164
cpu,71.8,9.99,1.45,719,8192,32,False,1.12557
cpu,73.8,10.26,1.37,719,8192,32,False,1.12557
cpu,66.5,9.25,1.34,719,8192,32,True,1.12164
cpu,67.1,9.33,1.39,719,8192,32,True,1.12164
mps,77.5,10.78,1.16,719,8192,32,False,1.1256
mps,65.7,9.14,1.29,719,8192,32,False,1.1258
