batter,season,p_throws,pred_woba
621438,2024,L,0.34430743743271436
502110,2024,L,0.3981897469581316
624413,2024,L,0.3973322551659909
570482,2024,L,0.35074479485609217
657656,2024,L,0.33197075520505115
624585,2024,L,0.3680430395235414
621566,2024,L,0.3647303206023302
607043,2024,L,0.3189283855858755
542303,2024,L,0.38050476344559303
645277,2024,L,0.3261396691829327
671739,2024,L,0.3103153769335207
606115,2024,L,0.2998616561307666
669221,2024,L,0.3715251680873349
664983,2024,L,0.26758921714140493
444482,2024,L,0.29891993649577486
630105,2024,L,0.30558137864952534
682998,2024,L,0.32467626209633754
606466,2024,L,0.33824161417230253
672695,2024,L,0.3031472354118075
672515,2024,L,0.36040167302861403
553993,2024,L,0.3426912874177949
545341,2024,L,0.35231630007330056
572233,2024,L,0.36794411882455125
666971,2024,L,0.3562604060515129
518595,2024,L,0.3398819907673249
669004,2024,L,0.3286920014052236
493329,2024,L,0.33809647074186844
686681,2024,L,0.30299675443208485
687093,2024,L,0.31378758534291085
680776,2024,L,0.302582896825137
665839,2024,L,0.29446793190304416
681508,2024,L,0.3213174220780327
678882,2024,L,0.3176461587553679
686765,2024,L,0.3213174220780327
677800,2024,L,0.30559548622571386
657136,2024,L,0.31923374278788813
671213,2024,L,0.33290378109996066
682829,2024,L,0.31319968945703874
663697,2024,L,0.33366539015519026
571912,2024,L,0.2914722483656171
664023,2024,L,0.33272084029257215
676679,2024,L,0.3213174220780327
682634,2024,L,0.3213174220780327
542194,2024,L,0.31487377483423673
691718,2024,L,0.2408445993703297
571771,2024,L,0.33747299146257004
669242,2024,L,0.30562695555576413
571970,2024,L,0.33487970514011717
595909,2024,L,0.2866901306737247
656541,2024,L,0.27445148129889735
666134,2024,L,0.3034216927080414
669911,2024,L,0.2930654747036336
641857,2024,L,0.3144328966016667
678662,2024,L,0.33357089367702053
453568,2024,L,0.2982915032217729
679529,2024,L,0.3798997934015239
628451,2024,L,0.31898757832098346
672761,2024,L,0.3213174220780327
682985,2024,L,0.32587444104108426
664056,2024,L,0.30423010173152254
668901,2024,L,0.35422894262931204
578428,2024,L,0.29366573272134716
596019,2024,L,0.3416992632155622
686555,2024,L,0.3213174220780327
606992,2024,L,0.3209612179965606
641343,2024,L,0.2845279043506127
682626,2024,L,0.35971572612119834
516782,2024,L,0.32709312252445166
642715,2024,L,0.33764168100057096
694192,2024,L,0.3213174220780327
668930,2024,L,0.2786171089055716
687401,2024,L,0.321140245129396
596142,2024,L,0.3509998513596167
663368,2024,L,0.2956219560790709
680737,2024,L,0.3213174220780327
700250,2024,L,0.28655786204011874
683011,2024,L,0.33890178501524587
641943,2024,L,0.29816475372937157
663698,2024,L,0.31137673831913437
665833,2024,L,0.29425100691760897
657077,2024,L,0.3200223698685068
542932,2024,L,0.32991995914980066
691176,2024,L,0.3017818626560677
519317,2024,L,0.3812910868495466
663757,2024,L,0.29993451854920267
650402,2024,L,0.3502442961996139
624431,2024,L,0.31400958295353576
666149,2024,L,0.31315604014855586
624424,2024,L,0.31084835557201257
669477,2024,L,0.3351407402954593
622268,2024,L,0.26860374074600574
663457,2024,L,0.3156075407407282
663609,2024,L,0.3552125845212384
668942,2024,L,0.28344234994908146
664238,2024,L,0.32853745826988856
571745,2024,L,0.3422232262022343
649966,2024,L,0.31681490997033074
670042,2024,L,0.29414946749093235
668227,2024,L,0.34929091571943854
663728,2024,L,0.3362518385405162
680474,2024,L,0.3213174220780327
668832,2024,L,0.28655786204011874
663527,2024,L,0.34299017569618556
680869,2024,L,0.33206852848082336
664913,2024,L,0.302494302811083
691016,2024,L,0.2775225761650849
667670,2024,L,0.37288329216744653
663743,2024,L,0.34357970070149213
665052,2024,L,0.28655786204011874
672640,2024,L,0.3447384189632703
667472,2024,L,0.3690311082538301
660821,2024,L,0.30828247265492964
681146,2024,L,0.31796368640460504
665782,2024,L,0.3213174220780327
676914,2024,L,0.32693811681414203
676391,2024,L,0.31093331951912234
687462,2024,L,0.25979289559137914
682729,2024,L,0.3213174220780327
665489,2024,L,0.3968340639855211
623168,2024,L,0.2640773085742097
694388,2024,L,0.28655786204011874
669364,2024,L,0.28287843726464645
669394,2024,L,0.3505507486262732
672642,2024,L,0.3213174220780327
681393,2024,L,0.3213174220780327
656448,2024,L,0.3369637514943375
686611,2024,L,0.3213174220780327
677588,2024,L,0.28234373755927733
660766,2024,L,0.31889391090422414
695578,2024,L,0.28655786204011874
671277,2024,L,0.2862891166685107
683083,2024,L,0.3213174220780327
696285,2024,L,0.31356196349517496
686452,2024,L,0.28709319133833705
608336,2024,L,0.3385449558672636
596117,2024,L,0.23628441765367325
624641,2024,L,0.2998013569911612
665019,2024,L,0.2923208003130749
669016,2024,L,0.30832175330309475
664761,2024,L,0.37162308377280906
681082,2024,L,0.2992165204375371
605137,2024,L,0.3483391245389072
642180,2024,L,0.25505613257256676
663604,2024,L,0.3213174220780327
543309,2024,L,0.3408290859741924
456781,2024,L,0.3460750829912227
595777,2024,L,0.3224622400449847
605113,2024,L,0.28593802095878235
593428,2024,L,0.34474064791052994
592518,2024,L,0.39096397593917165
670623,2024,L,0.3440053758635564
673548,2024,L,0.3800329681441291
641355,2024,L,0.3168383667422793
701305,2024,L,0.3213174220780327
572138,2024,L,0.28522531355107145
605170,2024,L,0.3307503851352647
663656,2024,L,0.3709524188310801
687597,2024,L,0.3213174220780327
691011,2024,L,0.3213174220780327
668845,2024,L,0.3213174220780327
676070,2024,L,0.27965540145897505
642020,2024,L,0.30715889680659175
666150,2024,L,0.28069667603223064
663993,2024,L,0.34600541875603114
622110,2024,L,0.3259759511251624
694671,2024,L,0.3213174220780327
669701,2024,L,0.2884450512799063
543760,2024,L,0.3410313345897159
677649,2024,L,0.3372839162274523
641680,2024,L,0.339957674817691
608348,2024,L,0.3213638978047713
665750,2024,L,0.3181174122754088
607680,2024,L,0.3094352321684443
676572,2024,L,0.3213174220780327
605346,2024,L,0.20202799614196232
621493,2024,L,0.36138819278437284
683021,2024,L,0.30862774448362323
694359,2024,L,0.28655786204011874
672569,2024,L,0.3213174220780327
681351,2024,L,0.33503640745290725
592273,2024,L,0.3289259455548432
655316,2024,L,0.33411925451593666
669003,2024,L,0.2782781997325551
656555,2024,L,0.3660121658498134
661388,2024,L,0.3527408628289986
571657,2024,L,0.30884810972199916
680777,2024,L,0.3393238492722431
467793,2024,L,0.34341680754575243
680577,2024,L,0.28655786204011874
686797,2024,L,0.3213174220780327
668885,2024,L,0.3213174220780327
666397,2024,L,0.3046425153723828
650489,2024,L,0.289895895138776
668904,2024,L,0.3769755704764042
622534,2024,L,0.3243781669584649
669224,2024,L,0.321971608158389
592450,2024,L,0.4326086652481359
665742,2024,L,0.3715094097430879
665828,2024,L,0.3131907743737399
693304,2024,L,0.30528413737496857
668804,2024,L,0.3552898895043608
519203,2024,L,0.33186111799649537
687529,2024,L,0.28655786204011874
689172,2024,L,0.25217689378674246
672275,2024,L,0.3203413103581321
666464,2024,L,0.33003059375780436
680977,2024,L,0.3238094217908669
502671,2024,L,0.3791594950605831
676475,2024,L,0.3239985168438417
457759,2024,L,0.3651102395091487
641487,2024,L,0.30706077382984737
645302,2024,L,0.29504701545378675
671732,2024,L,0.2761040787435632
640902,2024,L,0.3213174220780327
691594,2024,L,0.3213174220780327
547180,2024,L,0.35735881846088846
607208,2024,L,0.34889487873028957
656941,2024,L,0.3379566158392246
642215,2024,L,0.2974187063170217
592663,2024,L,0.3526204833744898
592206,2024,L,0.3496866187572991
701538,2024,L,0.28655786204011874
650333,2024,L,0.3376109412311832
677951,2024,L,0.3796454682802024
502054,2024,L,0.3651148672999444
672580,2024,L,0.3725275000504914
641658,2024,L,0.28896839834673615
592669,2024,L,0.34497105706306924
543257,2024,L,0.31479509027229263
521692,2024,L,0.35085211004240763
664728,2024,L,0.2814454601168182
663853,2024,L,0.3295079738972772
807799,2024,L,0.3129941148894982
666624,2024,L,0.3279150170107897
676609,2024,L,0.2680628199563359
680700,2024,L,0.29895208719912314
677587,2024,L,0.24378741719563435
682657,2024,L,0.3213174220780327
678877,2024,L,0.3213174220780327
681807,2024,L,0.30651649279100684
657041,2024,L,0.33817649157906016
647304,2024,L,0.319612771076315
643289,2024,L,0.3167468303599922
676694,2024,L,0.3214260132744853
673237,2024,L,0.35686693397353403
514888,2024,L,0.3196337094552663
666197,2024,L,0.28309561747762435
608324,2024,L,0.3473790132478086
606192,2024,L,0.36598159003991576
666158,2024,L,0.29066837843024995
595281,2024,L,0.263274315227745
660271,2024,L,0.36482156696267776
643217,2024,L,0.3094319078384654
676113,2024,L,0.28655786204011874
678246,2024,L,0.33905534976284585
669234,2024,L,0.3213174220780327
663837,2024,L,0.3586602729090851
678009,2024,L,0.3108695572133718
668670,2024,L,0.3096604639245041
700242,2024,L,0.28655786204011874
670032,2024,L,0.2716291621190693
686676,2024,L,0.28298940724706284
682868,2024,L,0.3213174220780327
672820,2024,L,0.32263136144054844
657757,2024,L,0.2982638972387085
683734,2024,L,0.36776994791285095
666969,2024,L,0.36162743748734116
686217,2024,L,0.2657242960866558
543877,2024,L,0.3157351844758576
681297,2024,L,0.3026437136191065
623993,2024,L,0.349694936495961
676059,2024,L,0.36583811942182726
683002,2024,L,0.3446590109262703
602104,2024,L,0.34392274679538404
656775,2024,L,0.30644629779186366
663624,2024,L,0.3802816481364106
656896,2024,L,0.358796245385314
668939,2024,L,0.3608510022342625
621043,2024,L,0.3713863176201163
621439,2024,L,0.3379230295397474
665862,2024,L,0.30400325037835113
695257,2024,L,0.3213174220780327
694377,2024,L,0.3213174220780327
656582,2024,L,0.32912841586467345
643396,2024,L,0.318591554791205
650559,2024,L,0.37064861549184047
457705,2024,L,0.3538337955828543
573262,2024,L,0.3194227050937721
691026,2024,L,0.3214231774824481
672279,2024,L,0.24872821849398963
691023,2024,L,0.34726406040228114
572761,2024,L,0.3266349682572522
671056,2024,L,0.35045240420016377
641598,2024,L,0.3558984712685053
668709,2024,L,0.28930627488962624
677594,2024,L,0.37856523693672656
660844,2024,L,0.3213174220780327
663662,2024,L,0.32691865907035006
664770,2024,L,0.3070282370008322
543807,2024,L,0.3581132900171722
677870,2024,L,0.3213174220780327
669065,2024,L,0.3083619320059636
545121,2024,L,0.2921126657540129
660688,2024,L,0.3242249485020335
673357,2024,L,0.36150418467371936
696100,2024,L,0.3378814681319466
687363,2024,L,0.28655786204011874
665877,2024,L,0.30402698268838024
686780,2024,L,0.3213174220780327
695336,2024,L,0.3213174220780327
690993,2024,L,0.28655786204011874
621035,2024,L,0.33040709655442496
605141,2024,L,0.3727879804820136
518692,2024,L,0.3652912815578606
681624,2024,L,0.3213174220780327
596103,2024,L,0.3338521858520589
677008,2024,L,0.28269572231631385
666023,2024,L,0.33619428276560337
657557,2024,L,0.3186082152687418
656305,2024,L,0.37410066598944247
592192,2024,L,0.3355147135717018
642136,2024,L,0.2944059401215566
687263,2024,L,0.3341134057548734
668715,2024,L,0.33697599386682037
663886,2024,L,0.3437914899737514
670770,2024,L,0.28275347814123075
694362,2024,L,0.3213174220780327
682622,2024,L,0.3428939835758433
669289,2024,L,0.323763785501532
641584,2024,L,0.2819349252246628
686668,2024,L,0.29593144369776275
571448,2024,L,0.3431018932137093
664040,2024,L,0.3178064161258649
666185,2024,L,0.30655469412478253
686482,2024,L,0.28655786204011874
666139,2024,L,0.3044865587931246
694376,2024,L,0.3213174220780327
518792,2024,L,0.2880278148234269
663967,2024,L,0.22557321640919198
593871,2024,L,0.33521519877558453
680716,2024,L,0.2784070290955124
679822,2024,L,0.3213174220780327
805779,2024,L,0.3213174220780327
669127,2024,L,0.33876094489533276
687231,2024,L,0.3213174220780327
660758,2024,L,0.3213174220780327
621020,2024,L,0.34511318337117586
665804,2024,L,0.3264475366919636
663538,2024,L,0.3396537485427704
621550,2024,L,0.3558434111203582
678894,2024,L,0.3038359879353752
518735,2024,L,0.3246354269902539
669707,2024,L,0.2997874806469681
664774,2024,L,0.31549987906413784
671218,2024,L,0.3245621458995886
666310,2024,L,0.30658994836137304
665926,2024,L,0.26837948270397805
691406,2024,L,0.37868881949940136
676356,2024,L,0.2570769873195211
656716,2024,L,0.2908931398469436
650490,2024,L,0.39426592990652437
670764,2024,L,0.29387621392849317
642350,2024,L,0.3158419815856425
666163,2024,L,0.2666923421039313
500743,2024,L,0.3162248336577243
669257,2024,L,0.37159617443610465
669304,2024,L,0.33150098846105286
643565,2024,L,0.30482512313099763
679032,2024,L,0.28251376708341347
669720,2024,L,0.3325673763197382
683737,2024,L,0.3117823114722596
596115,2024,L,0.35138949523034796
680118,2024,L,0.3166120845060025
702358,2024,L,0.3213174220780327
592200,2024,L,0.30602942782672043
645444,2024,L,0.26730495076777594
672386,2024,L,0.3814180704475661
641933,2024,L,0.3587612084849158
656811,2024,L,0.3182587440237619
643376,2024,L,0.34407376140730656
665953,2024,L,0.3213174220780327
694384,2024,L,0.28075327387336724
656537,2024,L,0.2939485519048388
660644,2024,L,0.3009700408630991
592626,2024,L,0.315829898029929
656976,2024,L,0.2985993839437992
665487,2024,L,0.3766731361645539
666018,2024,L,0.2858749100565372
650391,2024,L,0.3626823201553818
693307,2024,L,0.3213174220780327
702616,2024,L,0.28655786204011874
666181,2024,L,0.28946031130588673
666160,2024,L,0.2575357329162007
665161,2024,L,0.3282698381730532
670541,2024,L,0.38666277556392425
676439,2024,L,0.28655786204011874
665506,2024,L,0.2930586141565867
682668,2024,L,0.3213174220780327
669397,2024,L,0.2863045741329126
664702,2024,L,0.31738986070791203
608070,2024,L,0.3535009360456815
680718,2024,L,0.28655786204011874
642133,2024,L,0.3149757478148419
664034,2024,L,0.3541058083217146
624428,2024,L,0.29662986960436655
682617,2024,L,0.3089117721914555
663898,2024,L,0.35277840364046864
620443,2024,L,0.32435710115041577
682177,2024,L,0.28655786204011874
686823,2024,L,0.2818559661954717
682928,2024,L,0.2859016909520415
594807,2024,L,0.33685024137671676
642201,2024,L,0.2908396578874545
624415,2024,L,0.2988608018221423
593160,2024,L,0.3190941168839315
642708,2024,L,0.3120586486621483
670242,2024,L,0.3308093468624658
595978,2024,L,0.27953103499221066
700932,2024,L,0.28655786204011874
677941,2024,L,0.262804112615482
608701,2024,L,0.3451533727803617
607732,2024,L,0.3165272704632617
681481,2024,L,0.30691179630233073
660162,2024,L,0.32348483801677347
553869,2024,L,0.3207819539280272
646240,2024,L,0.3416214147958758
670869,2024,L,0.2668449031479118
691723,2024,L,0.3213174220780327
657193,2024,L,0.26846368328574083
680728,2024,L,0.28655786204011874
621028,2024,L,0.30705768671118766
667452,2024,L,0.32778617153600714
641779,2024,L,0.3498133829051568
663616,2024,L,0.29694885658157855
671083,2024,L,0.31420101898183783
572191,2024,L,0.31479419090673666
661531,2024,L,0.2552956044452648
682073,2024,L,0.33578182201293566
641645,2024,L,0.30831913002323585
672284,2024,L,0.30069151227942675
592325,2024,L,0.2863035785732647
677956,2024,L,0.3213174220780327
605244,2024,L,0.28593033661941597
670276,2024,L,0.26770585935582125
673962,2024,L,0.3754100799358964
695238,2024,L,0.28655786204011874
671289,2024,L,0.3273771998826603
680757,2024,L,0.3125924019929828
669137,2024,L,0.3213174220780327
676116,2024,L,0.3081185630073174
682641,2024,L,0.32850192215808
676801,2024,L,0.32793115251450095
605131,2024,L,0.3066821268777262
662139,2024,L,0.295287749018685
663897,2024,L,0.276646522573029
675961,2024,L,0.2791323096286339
608671,2024,L,0.2599695704517791
669326,2024,L,0.3213174220780327
656484,2024,L,0.3002260185274292
543685,2024,L,0.36416111572395693
643446,2024,L,0.30780728810550356
608385,2024,L,0.31976566784168986
668952,2024,L,0.2963527997578545
666176,2024,L,0.31664276715462397
670156,2024,L,0.2961334914353025
680779,2024,L,0.3399849918084538
690291,2024,L,0.28655786204011874
678489,2024,L,0.3213174220780327
681460,2024,L,0.3213174220780327
676551,2024,L,0.1806975121797128
518934,2024,L,0.36798428559796487
608369,2024,L,0.3527685023650125
543510,2024,L,0.3195438735184511
596146,2024,L,0.3127964269359716
672701,2024,L,0.2567328493806035
679845,2024,L,0.31883387485121983
642086,2024,L,0.29859620958393757
694355,2024,L,0.3213174220780327
669200,2024,L,0.10612775161264562
669134,2024,L,0.33127237566181206
669369,2024,L,0.2615560388302496
656577,2024,L,0.2939174768677862
642731,2024,L,0.31933085526253063
666152,2024,L,0.2534701523300212
641856,2024,L,0.28518235566011163
686469,2024,L,0.3466471308173243
645305,2024,L,0.2867820255740643
669743,2024,L,0.32568784507081244
575929,2024,L,0.3326826397563439
609280,2024,L,0.3272439835298803
656413,2024,L,0.30572285240961666
678225,2024,L,0.29217858827090276
623520,2024,L,0.3471834047937382
595879,2024,L,0.3255555520675396
672724,2024,L,0.29716150437746713
656180,2024,L,0.34652984302072287
647351,2024,L,0.32357330301948495
669222,2024,L,0.32622903792225244
694175,2024,L,0.3213174220780327
663905,2024,L,0.2826080504233414
686527,2024,L,0.29619281023152705
600869,2024,L,0.32698702159023707
673490,2024,L,0.3237048875627169
672012,2024,L,0.28655786204011874
663647,2024,L,0.3622819402135884
663586,2024,L,0.38404903338841173
676632,2024,L,0.26432750056782633
678554,2024,L,0.30702362807986033
677950,2024,L,0.28000486097232435
592178,2024,L,0.3442346862044534
665966,2024,L,0.3213174220780327
669357,2024,L,0.3327935125251389
668723,2024,L,0.2789763509579896
669208,2024,L,0.3213174220780327
623912,2024,L,0.33658228405672713
656883,2024,L,0.3464203212850088
686894,2024,L,0.3164590850310392
670224,2024,L,0.28655786204011874
624503,2024,L,0.30463564109784586
650859,2024,L,0.31037206348609253
805373,2024,L,0.3213174220780327
681584,2024,L,0.32073548032863386
695391,2024,L,0.3213174220780327
543063,2024,L,0.2845015929545095
687799,2024,L,0.2932013373530293
682988,2024,L,0.3213174220780327
642197,2024,L,0.3213174220780327
641432,2024,L,0.31190210982524647
592696,2024,L,0.2840308151796009
681546,2024,L,0.2989045247057881
613564,2024,L,0.26911524900837913
621466,2024,L,0.28530626621320854
671221,2024,L,0.31067571874333194
605204,2024,L,0.344546189517986
527038,2024,L,0.32417882587689967
663330,2024,L,0.3273487036792191
592885,2024,L,0.33269806380169487
660636,2024,L,0.3099716803071066
665856,2024,L,0.3213174220780327
649557,2024,L,0.3279213337555753
669374,2024,L,0.3334017635925271
622761,2024,L,0.3187706113082273
656248,2024,L,0.32809932400919983
624512,2024,L,0.26072100297703604
621458,2024,L,0.30365854949156035
642851,2024,L,0.2865671990299704
621512,2024,L,0.2855076606330014
669261,2024,L,0.3181036462569723
664901,2024,L,0.30103079517880266
665561,2024,L,0.25908037037143583
672744,2024,L,0.27084696910855693
668800,2024,L,0.30576938048117963
666182,2024,L,0.4220727235410007
681962,2024,L,0.2673383680606354
658668,2024,L,0.32030597948021344
605361,2024,L,0.28764623847458615
663550,2024,L,0.21808181487286102
593934,2024,L,0.38745446108991505
672356,2024,L,0.33546382108783457
608841,2024,L,0.35955334373752124
455117,2024,L,0.2925480343252206
668731,2024,L,0.2666067125858981
670097,2024,L,0.30043668886889874
673995,2024,L,0.3213174220780327
621311,2024,L,0.25938376679473085
641313,2024,L,0.3089377875669624
682119,2024,L,0.3213174220780327
677942,2024,L,0.3213174220780327
664954,2024,L,0.2733297674277771
571466,2024,L,0.25740961269824736
669450,2024,L,0.30143607297326036
657088,2024,L,0.31794096222215157
641511,2024,L,0.2846942443351705
666703,2024,L,0.2838845621610963
671286,2024,L,0.3213174220780327
676369,2024,L,0.3428661000063611
666915,2024,L,0.35834492036583476
676701,2024,L,0.2965307457655009
660707,2024,L,0.2992206816348702
691182,2024,L,0.3213174220780327
669087,2024,L,0.3223144277571375
693049,2024,L,0.2936329379874691
543228,2024,L,0.3152976641221876
664874,2024,L,0.28578919053387947
605119,2024,L,0.3395016825330778
640492,2024,L,0.31779161280591195
547989,2024,L,0.37542733901041453
686554,2024,L,0.28655786204011874
643265,2024,L,0.37155880857786633
677347,2024,L,0.30259933828344615
657061,2024,L,0.2725795370125745
668752,2024,L,0.28655786204011874
674441,2024,L,0.28655786204011874
621545,2024,L,0.2394145511988247
680911,2024,L,0.32534302048721286
553882,2024,L,0.28879083198050365
683146,2024,L,0.3087737655898076
667428,2024,L,0.3213174220780327
663611,2024,L,0.322018146561382
663630,2024,L,0.3107393335574224
660670,2024,L,0.40666913983288944
645801,2024,L,0.2999430427181913
664314,2024,L,0.2467933248693933
669699,2024,L,0.18916107419853448
665923,2024,L,0.26708996711724015
542364,2024,L,0.28258661970805704
596129,2024,L,0.3096034190417762
592348,2024,L,0.30684805741419185
621563,2024,L,0.2775790192046786
664059,2024,L,0.2915325197199089
666165,2024,L,0.2708751947205254
694497,2024,L,0.2818983733796113
501303,2024,L,0.28696156013146623
808982,2024,L,0.28655786204011874
644433,2024,L,0.2731318538919765
687952,2024,L,0.37380643446833717
608596,2024,L,0.31933968678028657
666135,2024,L,0.30484332584302026
545361,2024,L,0.40362312738263517
543305,2024,L,0.31764197789102383
666211,2024,L,0.2550436406614644
670223,2024,L,0.29329336103669457
541645,2024,L,0.33039360703442244
622569,2024,L,0.32362771680977953
669352,2024,L,0.2579623942335027
664058,2024,L,0.30079074211174217
688363,2024,L,0.28655786204011874
650907,2024,L,0.33664722830831273
607054,2024,L,0.2713909299982571
676946,2024,L,0.28089415223032826
665120,2024,L,0.30218638172262136
669392,2024,L,0.27904333836830675
668853,2024,L,0.28655786204011874
518595,2024,R,0.31819611669591635
657656,2024,R,0.3176150425188137
642201,2024,R,0.2801505055522761
621566,2024,R,0.4112350398163256
657193,2024,R,0.29954994370766497
578428,2024,R,0.2787657178087195
596019,2024,R,0.34379221499226326
516782,2024,R,0.31318373212782635
682626,2024,R,0.33835322572240806
542303,2024,R,0.35728508025588024
645277,2024,R,0.32290775853622866
671739,2024,R,0.3658851297198075
672284,2024,R,0.34380964643587314
570482,2024,R,0.33384076106749305
607043,2024,R,0.35271791922017515
668901,2024,R,0.3340791029283735
621438,2024,R,0.3263405288678848
502110,2024,R,0.37647101422622425
624413,2024,R,0.3770070472652933
606115,2024,R,0.28326997169196916
624585,2024,R,0.34717903283861545
664056,2024,R,0.2840767212624497
682668,2024,R,0.3020098625467594
620443,2024,R,0.3089583700111811
669221,2024,R,0.3547096170299277
444482,2024,R,0.3433436259496228
630105,2024,R,0.3404614529179358
665487,2024,R,0.36262317418541773
553993,2024,R,0.3293344071507054
545341,2024,R,0.33197806187163303
572233,2024,R,0.35312036364145444
666971,2024,R,0.33973404423728426
682998,2024,R,0.3677131932389374
456781,2024,R,0.3282293146813788
663604,2024,R,0.3020098625467594
642180,2024,R,0.2859396146776785
606466,2024,R,0.3389564976878271
672695,2024,R,0.30531072348533694
672515,2024,R,0.3460025494562568
664983,2024,R,0.30468900199093935
553869,2024,R,0.300973551841217
605113,2024,R,0.26854094251946986
701538,2024,R,0.3266752173850921
650333,2024,R,0.3613519320293255
592669,2024,R,0.3194274122833838
677951,2024,R,0.3578191805436234
502054,2024,R,0.34828665549866533
664728,2024,R,0.3234084267983235
672580,2024,R,0.3544507486948349
666023,2024,R,0.3212346148591811
669004,2024,R,0.3656616001353286
493329,2024,R,0.3229708468069288
686681,2024,R,0.3425093970651755
680700,2024,R,0.3252638827042312
686482,2024,R,0.3266752173850921
676609,2024,R,0.251474472521366
666185,2024,R,0.3130092309847835
686765,2024,R,0.3266752173850921
677800,2024,R,0.3580033786564231
657136,2024,R,0.30299936322116733
671213,2024,R,0.3785985443340875
676356,2024,R,0.24393143581065357
666139,2024,R,0.35434689659451607
666624,2024,R,0.30670853736637693
666018,2024,R,0.32308110662116407
691406,2024,R,0.3552598304026281
665839,2024,R,0.3271873432748083
681508,2024,R,0.3266752173850921
678882,2024,R,0.3015922049483491
687093,2024,R,0.2984059578742558
680776,2024,R,0.3481770864949099
683737,2024,R,0.35648283704884237
673548,2024,R,0.3663329313929503
663538,2024,R,0.3252432520017372
664023,2024,R,0.34155236790225213
670770,2024,R,0.31481833563644024
668715,2024,R,0.3214443565418767
663886,2024,R,0.32748433060825016
682829,2024,R,0.3421616093107254
663697,2024,R,0.3194929663047857
571912,2024,R,0.27720088725274333
676679,2024,R,0.3020098625467594
643565,2024,R,0.3445695969214315
542194,2024,R,0.29526312646906977
682622,2024,R,0.3200836724325846
641584,2024,R,0.31695458929931686
664034,2024,R,0.3409669093503692
691718,2024,R,0.2771109250308346
670623,2024,R,0.3299352810090136
682634,2024,R,0.3020098625467594
668845,2024,R,0.3020098625467594
595909,2024,R,0.3294527310085282
656541,2024,R,0.31888814695357687
666134,2024,R,0.3574434271686967
571771,2024,R,0.31697907964861965
669242,2024,R,0.30469394444875425
571970,2024,R,0.3723249032681206
669911,2024,R,0.3074920103158309
641857,2024,R,0.3601063390394209
678662,2024,R,0.31685264551589587
606192,2024,R,0.3477941203938933
681546,2024,R,0.34248660429715244
660271,2024,R,0.41906948289823126
605131,2024,R,0.2943044866512905
681624,2024,R,0.3020098625467594
621035,2024,R,0.31604114065509875
687597,2024,R,0.3020098625467594
691011,2024,R,0.3266752173850921
605141,2024,R,0.3569681934505123
453568,2024,R,0.3328331810006151
681481,2024,R,0.3449221105404416
678009,2024,R,0.3553610409402877
656716,2024,R,0.3277239911836148
676070,2024,R,0.266687299172967
666150,2024,R,0.32377667008918976
686676,2024,R,0.266251946295187
700242,2024,R,0.3266752173850921
679529,2024,R,0.36064141070552147
690291,2024,R,0.3266752173850921
672761,2024,R,0.3266752173850921
682985,2024,R,0.3821427475622721
663837,2024,R,0.3415495616454256
682868,2024,R,0.3020098625467594
672820,2024,R,0.3075122016446806
683734,2024,R,0.34521262595238095
676113,2024,R,0.3266752173850921
673357,2024,R,0.34797107905139846
668670,2024,R,0.29136863728342766
678246,2024,R,0.32762804340731605
690993,2024,R,0.3266752173850921
694359,2024,R,0.3266752173850921
672569,2024,R,0.3266752173850921
642136,2024,R,0.33465698979813285
592273,2024,R,0.30669288316029664
607680,2024,R,0.29067373040535044
665750,2024,R,0.3320147291743293
641680,2024,R,0.3385606536280252
663993,2024,R,0.3971779333093645
694671,2024,R,0.3020098625467594
669701,2024,R,0.3241505111391848
543760,2024,R,0.3270842046273863
677649,2024,R,0.3146941998402566
687957,2024,R,0.3266752173850921
676572,2024,R,0.3020098625467594
605346,2024,R,0.1926775101334077
621493,2024,R,0.34151609138499994
608671,2024,R,0.29588910288705306
683021,2024,R,0.2986064503809369
686555,2024,R,0.3266752173850921
669003,2024,R,0.32134111606520216
641343,2024,R,0.3278164914756244
655316,2024,R,0.32168362387570176
694192,2024,R,0.3020098625467594
668930,2024,R,0.31513650329189685
687401,2024,R,0.3016234381851456
596142,2024,R,0.3292773767793211
663368,2024,R,0.2993794426237502
543877,2024,R,0.3018708681784295
622534,2024,R,0.30741385729494775
571657,2024,R,0.2974479249803343
467793,2024,R,0.3446606431347838
676059,2024,R,0.3427600663371782
702616,2024,R,0.3266752173850921
543510,2024,R,0.2970642258422221
656896,2024,R,0.3412764015425807
668904,2024,R,0.35580465573398556
686797,2024,R,0.3266752173850921
668885,2024,R,0.3020098625467594
666397,2024,R,0.34748054065379225
596103,2024,R,0.3125060132324135
677008,2024,R,0.3386141165508735
663624,2024,R,0.35932208744886346
681297,2024,R,0.3455799886047772
668939,2024,R,0.37762090626589473
656775,2024,R,0.3357721548235727
656811,2024,R,0.36518042656291183
680577,2024,R,0.3266752173850921
683002,2024,R,0.3947260085829864
602104,2024,R,0.3281461156754613
665833,2024,R,0.3623282459188033
668804,2024,R,0.364293021726804
693304,2024,R,0.29277998960542
683011,2024,R,0.326144049309402
657077,2024,R,0.35719018761733495
542932,2024,R,0.3186714087361397
691176,2024,R,0.31489828290109634
669224,2024,R,0.3750327478033048
663757,2024,R,0.3368435431784241
650402,2024,R,0.332358141320426
678894,2024,R,0.28261481473786443
695257,2024,R,0.3020098625467594
694377,2024,R,0.3020098625467594
669707,2024,R,0.2824570363793259
624431,2024,R,0.29235040099039944
641943,2024,R,0.3338040431446407
663698,2024,R,0.2966455022097511
700250,2024,R,0.3266752173850921
663609,2024,R,0.3373523227991929
676475,2024,R,0.36342580187975476
680977,2024,R,0.3615254257078403
665877,2024,R,0.2947561083690492
666464,2024,R,0.31335756179305585
682641,2024,R,0.31239500179597796
687529,2024,R,0.3266752173850921
686780,2024,R,0.3020098625467594
695336,2024,R,0.3020098625467594
691023,2024,R,0.32484565042432495
592200,2024,R,0.29138778657342307
689172,2024,R,0.2918145160141719
666149,2024,R,0.29409714026641576
624424,2024,R,0.35031585999502424
669477,2024,R,0.31392468708494176
672279,2024,R,0.28257753668276486
663457,2024,R,0.36456412373941816
622268,2024,R,0.3043248626334699
664774,2024,R,0.34900493416697326
573262,2024,R,0.3545837977291782
502671,2024,R,0.3587302935918273
656305,2024,R,0.3549705260953204
572761,2024,R,0.3632091086099626
680474,2024,R,0.3020098625467594
668832,2024,R,0.3266752173850921
687231,2024,R,0.3020098625467594
680869,2024,R,0.3178704640430319
664913,2024,R,0.34828425633100923
691016,2024,R,0.32903502080023717
667670,2024,R,0.34993869305386704
668709,2024,R,0.3262241186081081
669397,2024,R,0.27879276635924194
660844,2024,R,0.3266752173850921
645302,2024,R,0.28236748769585573
668942,2024,R,0.3218571887555121
641487,2024,R,0.3407150337334853
593871,2024,R,0.3428291516261304
663662,2024,R,0.3042130096336048
457759,2024,R,0.35165635487715086
670042,2024,R,0.3395959526063816
668227,2024,R,0.3349570330646934
663728,2024,R,0.34729613481331234
677594,2024,R,0.3561695607072868
663527,2024,R,0.32889874901300414
694388,2024,R,0.3266752173850921
672642,2024,R,0.3266752173850921
680718,2024,R,0.3266752173850921
676914,2024,R,0.31068203603941813
676391,2024,R,0.2982946981873927
687462,2024,R,0.2917607856503004
682729,2024,R,0.3266752173850921
665489,2024,R,0.3738398771555144
623168,2024,R,0.26514966056430395
681393,2024,R,0.3020098625467594
669364,2024,R,0.298357674658043
669394,2024,R,0.32364987292474207
663743,2024,R,0.32499596406190134
665052,2024,R,0.3266752173850921
672640,2024,R,0.3323025675796545
667472,2024,R,0.34841820504996207
660821,2024,R,0.3675340341474582
681146,2024,R,0.3040629249952394
660766,2024,R,0.30827078982226674
695578,2024,R,0.3266752173850921
671277,2024,R,0.32429098758205027
671117,2024,R,0.3266752173850921
696285,2024,R,0.29842838662880106
686452,2024,R,0.29190598590181027
671083,2024,R,0.2931574267027856
656941,2024,R,0.3862042034136639
596117,2024,R,0.2621446354607997
624641,2024,R,0.2889113357038704
665019,2024,R,0.3340744481893626
669016,2024,R,0.3680373469039088
664761,2024,R,0.3505734972008461
681082,2024,R,0.33566179323722267
642215,2024,R,0.2776538905401322
607208,2024,R,0.32866704632356
686611,2024,R,0.3020098625467594
677588,2024,R,0.31677744847193173
683083,2024,R,0.3266752173850921
608336,2024,R,0.38948967706140963
592206,2024,R,0.32979311693608165
592518,2024,R,0.36950612284832285
595777,2024,R,0.31998264259962805
593428,2024,R,0.3239092437918547
592626,2024,R,0.35980620546159225
521692,2024,R,0.34010005993505976
624428,2024,R,0.3251791978603477
641658,2024,R,0.2736585744159071
543257,2024,R,0.3246732553951081
657557,2024,R,0.31064244098844745
680118,2024,R,0.30647901769393787
663853,2024,R,0.31010981008830973
641933,2024,R,0.3373105289900385
596115,2024,R,0.3314127383835672
664040,2024,R,0.3683794560202864
650490,2024,R,0.3813595896681635
670764,2024,R,0.305949965536397
666163,2024,R,0.3124994530126969
643376,2024,R,0.33188447402655025
642350,2024,R,0.301237921200917
665804,2024,R,0.30971296371064944
621020,2024,R,0.3278995670901076
669289,2024,R,0.30942311800293226
621550,2024,R,0.33769354768635296
641355,2024,R,0.35322670161522945
677587,2024,R,0.2505522625979455
678877,2024,R,0.3020098625467594
666310,2024,R,0.3423935938590155
518792,2024,R,0.32244333993053637
701305,2024,R,0.3020098625467594
572138,2024,R,0.32024761524922984
665926,2024,R,0.29932062780585317
657041,2024,R,0.32214188866559673
647304,2024,R,0.3631152256888898
608070,2024,R,0.353958762711948
605170,2024,R,0.34020050283345266
663656,2024,R,0.4114522886401591
665161,2024,R,0.30881726871778725
700932,2024,R,0.3266752173850921
686823,2024,R,0.32033485542502815
666197,2024,R,0.2717365237596237
676694,2024,R,0.3051888076439001
643289,2024,R,0.3033016052384955
669257,2024,R,0.35721430103774016
666158,2024,R,0.33559113828771114
696100,2024,R,0.31513691093063134
595281,2024,R,0.2981700040520972
628451,2024,R,0.30533873880533385
669234,2024,R,0.3020098625467594
693307,2024,R,0.3020098625467594
643217,2024,R,0.3466280179167075
642020,2024,R,0.29169223665564964
681351,2024,R,0.3178280674129178
608348,2024,R,0.3071764859942469
680716,2024,R,0.26558283923817994
666969,2024,R,0.34554273916072253
656555,2024,R,0.3481799819015544
642715,2024,R,0.3229157992333524
661388,2024,R,0.33086057881311187
680777,2024,R,0.31909065937585207
623993,2024,R,0.35166934138471845
643396,2024,R,0.30324297693761015
518735,2024,R,0.3333604907924293
665862,2024,R,0.3494743561707393
519317,2024,R,0.3537854416634285
592450,2024,R,0.4071770032037213
665742,2024,R,0.4068465420920333
665828,2024,R,0.31715185742404595
519203,2024,R,0.3675307472857496
691026,2024,R,0.3067943747304496
671218,2024,R,0.30929040787942286
672275,2024,R,0.3309078838028362
592192,2024,R,0.3199857004815735
571745,2024,R,0.31929416428059176
669127,2024,R,0.31947225037500254
671732,2024,R,0.32530938583335667
805779,2024,R,0.3020098625467594
664238,2024,R,0.3103146755495566
672386,2024,R,0.3661110192017755
664770,2024,R,0.35230381752156903
543807,2024,R,0.347680525693708
640902,2024,R,0.3020098625467594
691594,2024,R,0.3020098625467594
592663,2024,R,0.33572199920100254
660688,2024,R,0.3331221252895158
677950,2024,R,0.32009649751803765
656976,2024,R,0.33889496200245983
543309,2024,R,0.317867777620295
807799,2024,R,0.35538535142285144
666181,2024,R,0.33047719829809014
680757,2024,R,0.33759310317397584
682177,2024,R,0.3266752173850921
608324,2024,R,0.33555437312998027
514888,2024,R,0.30127526545121247
673237,2024,R,0.33871948633277327
663898,2024,R,0.3331802022826152
607732,2024,R,0.3001516114897269
686668,2024,R,0.282872501135797
657757,2024,R,0.3393098018262602
670032,2024,R,0.2958879030440566
622110,2024,R,0.30863070247634905
608385,2024,R,0.3557872559980285
621439,2024,R,0.3212049011394703
621043,2024,R,0.3484444596562798
650559,2024,R,0.35280104210587704
457705,2024,R,0.3387829033529336
671056,2024,R,0.33611255820873803
571448,2024,R,0.325718688078324
660644,2024,R,0.30044141298550414
669065,2024,R,0.3516021884215946
677870,2024,R,0.3020098625467594
669720,2024,R,0.3112084512873823
545121,2024,R,0.2983678689305335
656448,2024,R,0.3168920145812773
547180,2024,R,0.4061382407621164
666160,2024,R,0.3025755879371369
687263,2024,R,0.31522878732773285
687363,2024,R,0.3266752173850921
518692,2024,R,0.40697219687236136
650489,2024,R,0.2939714472800376
663616,2024,R,0.3489599515107883
656537,2024,R,0.2721849283597314
606992,2024,R,0.30606520899045536
686217,2024,R,0.29143327559007576
694384,2024,R,0.3065880478473854
694362,2024,R,0.3020098625467594
694376,2024,R,0.3020098625467594
641598,2024,R,0.3385032331350775
500743,2024,R,0.29763898067919836
679822,2024,R,0.3020098625467594
621028,2024,R,0.2920519228084527
605137,2024,R,0.3589147770774313
664702,2024,R,0.3115438876134938
642708,2024,R,0.2952380011854863
682657,2024,R,0.3266752173850921
669304,2024,R,0.31335287504626
670242,2024,R,0.3742199629617028
679032,2024,R,0.2642267204463675
645444,2024,R,0.2773582712054946
670156,2024,R,0.33301863891734373
702358,2024,R,0.3020098625467594
642133,2024,R,0.370968616862066
670541,2024,R,0.44493979275456697
676116,2024,R,0.3504546569980139
595978,2024,R,0.26341731606074886
665782,2024,R,0.3020098625467594
669288,2024,R,0.28674958673449735
670869,2024,R,0.29494622120597386
656582,2024,R,0.3069764089606252
663967,2024,R,0.25315400857460263
676439,2024,R,0.3266752173850921
670276,2024,R,0.2969610775844063
681807,2024,R,0.29129279426331256
691723,2024,R,0.3020098625467594
646240,2024,R,0.39071196798008495
665953,2024,R,0.3020098625467594
682928,2024,R,0.3253280807794971
682617,2024,R,0.290107875334421
665506,2024,R,0.2796359001264852
677956,2024,R,0.3020098625467594
593160,2024,R,0.305831044650023
677941,2024,R,0.2522834504945696
641779,2024,R,0.3250601227785953
668853,2024,R,0.3266752173850921
673962,2024,R,0.3494685344912469
641645,2024,R,0.3321826422071095
649966,2024,R,0.30544519496762573
572191,2024,R,0.295831491141508
666182,2024,R,0.39805616826954104
594807,2024,R,0.3173320235794979
624415,2024,R,0.335445567114168
667452,2024,R,0.3094235825816909
650391,2024,R,0.34052731361293703
661531,2024,R,0.2416504409215923
680728,2024,R,0.3266752173850921
695238,2024,R,0.3266752173850921
592325,2024,R,0.3304472733445391
605244,2024,R,0.2691491556842237
662139,2024,R,0.33451167909170276
608701,2024,R,0.3285841432712503
669137,2024,R,0.3020098625467594
669326,2024,R,0.3020098625467594
682073,2024,R,0.319954518841982
621466,2024,R,0.32486109899566296
663897,2024,R,0.2608978849238085
675961,2024,R,0.26617690056781285
665155,2024,R,0.32934080592538406
676801,2024,R,0.31610486182305036
671289,2024,R,0.3143011020213301
668952,2024,R,0.2772545442351313
656484,2024,R,0.33113746875908806
669200,2024,R,0.11491329186364563
669134,2024,R,0.3161730228451893
543685,2024,R,0.35375682762395183
666176,2024,R,0.3020985503450839
641856,2024,R,0.32116474421672314
678489,2024,R,0.3266752173850921
680779,2024,R,0.32375673547608447
643446,2024,R,0.33845342969123415
668752,2024,R,0.3266752173850921
608369,2024,R,0.39711805394967875
642086,2024,R,0.33706769828055566
596146,2024,R,0.35739139494893357
672701,2024,R,0.2884953449250828
645305,2024,R,0.27087582884250255
656577,2024,R,0.2798643299022218
686469,2024,R,0.3869817008761289
642731,2024,R,0.30196497953556706
666152,2024,R,0.2896436691751837
595284,2024,R,0.30293784307910343
681460,2024,R,0.3266752173850921
518934,2024,R,0.3524176299761245
694355,2024,R,0.3020098625467594
678225,2024,R,0.3343794417165199
686527,2024,R,0.3390150091060012
575929,2024,R,0.31424238380477065
647351,2024,R,0.31924387273872157
609280,2024,R,0.31056795397901654
542963,2024,R,0.24355965778211314
656413,2024,R,0.29331492233389045
595879,2024,R,0.30061995641549827
670224,2024,R,0.3266752173850921
669743,2024,R,0.31280215719866017
663550,2024,R,0.26672759998237316
672724,2024,R,0.28250554652331844
669369,2024,R,0.27310921799775606
672012,2024,R,0.3266752173850921
669357,2024,R,0.3802333110570978
600869,2024,R,0.32586326340685556
673490,2024,R,0.30978581353699763
694175,2024,R,0.3020098625467594
663586,2024,R,0.3666806148435742
663905,2024,R,0.32375499301874655
677942,2024,R,0.3020098625467594
663647,2024,R,0.34174442005790434
676632,2024,R,0.3089657951335277
668731,2024,R,0.3085823256797315
641432,2024,R,0.34016878452619187
678554,2024,R,0.2914318848357451
656180,2024,R,0.3251733647517908
592178,2024,R,0.32446327711432194
543063,2024,R,0.32177833172521664
665966,2024,R,0.3020098625467594
668723,2024,R,0.2619432139417901
623912,2024,R,0.31816404231488077
656883,2024,R,0.3401684873022654
592696,2024,R,0.3169933605998293
687799,2024,R,0.3286235743242533
669222,2024,R,0.30987125207201516
613564,2024,R,0.3042659649141218
624503,2024,R,0.34327954036985336
650859,2024,R,0.30685778830773985
657088,2024,R,0.3565920412995123
687066,2024,R,0.3020098625467594
805373,2024,R,0.3020098625467594
695391,2024,R,0.3020098625467594
642197,2024,R,0.3020098625467594
669261,2024,R,0.36346586568382305
682988,2024,R,0.3020098625467594
623520,2024,R,0.3249573443933527
681584,2024,R,0.30380745195056225
642851,2024,R,0.27195640996585635
679845,2024,R,0.29876026916723025
668800,2024,R,0.2870742669815244
670097,2024,R,0.2912130220083994
621512,2024,R,0.2708897904508739
624512,2024,R,0.29323082350520496
671221,2024,R,0.3186461695542001
592885,2024,R,0.37507292352878185
622761,2024,R,0.29992246096821
649557,2024,R,0.309653676496455
660636,2024,R,0.29233358478270205
663330,2024,R,0.31260300568576155
669374,2024,R,0.3232069086322582
656248,2024,R,0.3088387109913657
455117,2024,R,0.2763150037096371
527038,2024,R,0.31402441267125825
672744,2024,R,0.2599762329034628
664901,2024,R,0.28854105137799374
665561,2024,R,0.2597297889901865
664954,2024,R,0.3039011191632824
621458,2024,R,0.3551218040967895
681962,2024,R,0.25098216909440335
621311,2024,R,0.30257054445570636
605361,2024,R,0.3232129859457662
672356,2024,R,0.3196468975906772
593934,2024,R,0.36717448196213526
669208,2024,R,0.3020098625467594
608841,2024,R,0.34335671969212833
658668,2024,R,0.3038696932478227
680769,2024,R,0.3266752173850921
666703,2024,R,0.26539675140788144
571466,2024,R,0.2898526948509857
673995,2024,R,0.3020098625467594
641313,2024,R,0.2953408165633294
660707,2024,R,0.2756680591594729
605204,2024,R,0.3309157128132311
682119,2024,R,0.3020098625467594
641511,2024,R,0.2687830067942424
671286,2024,R,0.3020098625467594
676701,2024,R,0.28071866863785677
670092,2024,R,0.3266752173850921
676369,2024,R,0.32104592791875164
640492,2024,R,0.3023165093126955
682619,2024,R,0.3020098625467594
693049,2024,R,0.3431549214713222
669450,2024,R,0.3097395284734203
691182,2024,R,0.3266752173850921
674441,2024,R,0.3266752173850921
675659,2024,R,0.3266752173850921
669087,2024,R,0.29500939853300434
666915,2024,R,0.33781514878793006
679881,2024,R,0.2802067475084277
657061,2024,R,0.28135448116459355
543228,2024,R,0.30302888415440293
686554,2024,R,0.3266752173850921
596129,2024,R,0.3508490527702975
547989,2024,R,0.3589743075777813
666135,2024,R,0.34122220055399627
643265,2024,R,0.35455606074805046
683146,2024,R,0.3574571547475077
605119,2024,R,0.3226609350378959
677347,2024,R,0.2900312285311144
667428,2024,R,0.3020098625467594
621545,2024,R,0.22981933751596842
664874,2024,R,0.27377755833846196
663611,2024,R,0.31387173197073936
553882,2024,R,0.3156536749453905
645801,2024,R,0.3363703439074927
680911,2024,R,0.3081019781337197
664314,2024,R,0.28609288671455657
694497,2024,R,0.3292348947185126
663630,2024,R,0.295044031885285
660670,2024,R,0.3936577041336841
644433,2024,R,0.25457756219112465
665923,2024,R,0.25282163473637775
666165,2024,R,0.3181241028167787
668843,2024,R,0.30419291197639803
669699,2024,R,0.22307448960539897
676896,2024,R,0.3020098625467594
542364,2024,R,0.31519453367543687
621563,2024,R,0.31447541999687173
664059,2024,R,0.2971010109184312
592348,2024,R,0.31539188917176103
808982,2024,R,0.3266752173850921
687952,2024,R,0.3583298495012356
501303,2024,R,0.2938849599695132
670223,2024,R,0.3452548580952197
608596,2024,R,0.30109454853229306
686894,2024,R,0.29603692265866427
688363,2024,R,0.3266752173850921
545361,2024,R,0.39648783218721084
650907,2024,R,0.32438350706364444
543305,2024,R,0.3147705868934769
622569,2024,R,0.3088605821998869
666211,2024,R,0.29694733954754265
664058,2024,R,0.2881759644632763
669352,2024,R,0.2438412982480156
541645,2024,R,0.31703330147748954
665856,2024,R,0.3020098625467594
607054,2024,R,0.3075681651367017
676946,2024,R,0.26360771517191006
675915,2024,R,0.3020098625467594
665120,2024,R,0.35003633413101154
643393,2024,R,0.2973161346896527
660162,2024,R,0.34389687399352126
669392,2024,R,0.26740271958965767
