stage,config,seed,status,seconds,best_val_loss,reference,best_epoch,lr,warmup_steps,data_dir,finished_at
screen,log,0,ok,873.0,1.07581,1.07581,17,0.001,0,,2026-08-03 23:36
screen,log,1,ok,435.5,1.07582,1.07582,9,0.001,0,,2026-08-03 23:43
screen,rps,0,ok,879.9,0.93410,1.19737,20,0.001,0,,2026-08-03 23:58
screen,rps,1,ok,773.6,0.93360,1.19693,15,0.001,0,,2026-08-04 00:11
early,baseline,0,ok,785.9,1.07581,1.07581,17,0.001,0,,2026-08-04 00:24
early,baseline,1,ok,503.2,1.07582,1.07582,9,0.001,0,,2026-08-04 00:33
early,baseline,2,ok,906.7,1.07630,1.07630,20,0.001,0,,2026-08-04 00:48
early,baseline,3,ok,559.7,1.07624,1.07624,11,0.001,0,,2026-08-04 00:57
early,baseline,4,ok,695.9,1.07534,1.07534,14,0.001,0,,2026-08-04 01:09
presplit,baseline,0,ok,1227.9,1.07581,1.07581,17,0.001,0,,2026-08-04 08:44
presplit,baseline,1,ok,543.5,1.07582,1.07582,9,0.001,0,,2026-08-04 08:53
presplit,baseline,2,ok,1249.6,1.07630,1.07630,20,0.001,0,,2026-08-04 09:14
presplit,baseline,3,ok,1328.5,1.07624,1.07624,11,0.001,0,,2026-08-04 09:36
presplit,baseline,4,ok,1271.4,1.07534,1.07534,14,0.001,0,,2026-08-04 09:58
presplit,dim16,0,ok,903.8,1.07622,1.07622,17,0.001,0,,2026-08-04 10:13
presplit,dim16,1,ok,836.3,1.07666,1.07666,17,0.001,0,,2026-08-04 10:27
presplit,dim16,2,ok,969.5,1.07630,1.07630,20,0.001,0,,2026-08-04 10:43
presplit,dim16,3,ok,717.8,1.07618,1.07618,15,0.001,0,,2026-08-04 10:55
presplit,dim16,4,ok,751.4,1.07632,1.07632,16,0.001,0,,2026-08-04 11:07
presplit,dim64,0,ok,834.0,1.07573,1.07573,17,0.001,0,,2026-08-04 11:21
presplit,dim64,1,ok,510.7,1.07553,1.07553,9,0.001,0,,2026-08-04 11:30
presplit,dim64,2,ok,639.7,1.07563,1.07563,12,0.001,0,,2026-08-04 11:40
presplit,dim64,3,ok,634.7,1.07576,1.07576,11,0.001,0,,2026-08-04 11:51
presplit,dim64,4,ok,666.2,1.07580,1.07580,13,0.001,0,,2026-08-04 12:02
presplit,bilinear,0,ok,763.9,1.07590,1.07590,17,0.001,0,,2026-08-04 12:15
presplit,bilinear,1,ok,478.8,1.07600,1.07600,9,0.001,0,,2026-08-04 12:23
presplit,bilinear,2,ok,705.4,1.07610,1.07610,16,0.001,0,,2026-08-04 12:34
presplit,bilinear,3,ok,558.4,1.07590,1.07590,11,0.001,0,,2026-08-04 12:44
presplit,bilinear,4,ok,1111.5,1.07602,1.07602,11,0.001,0,,2026-08-04 13:02
presplit,meanweight,0,ok,1416.7,9.66974,1.07750,11,0.001,0,,2026-08-04 13:26
presplit,meanweight,1,ok,1071.4,9.66939,1.07716,14,0.001,0,,2026-08-04 13:44
presplit,meanweight,2,ok,1208.7,9.66964,1.07749,12,0.001,0,,2026-08-04 14:04
presplit,meanweight,3,ok,830.9,9.67173,1.07759,14,0.001,0,,2026-08-04 14:18
presplit,meanweight,4,ok,1655.3,9.66833,1.07717,13,0.001,0,,2026-08-04 14:45
presplit,invfreq,0,ok,2506.0,1.03447,1.10640,17,0.001,0,,2026-08-04 15:27
presplit,invfreq,1,ok,1927.1,1.03430,1.10538,13,0.001,0,,2026-08-04 15:59
presplit,invfreq,2,ok,875.0,1.03425,1.10556,12,0.001,0,,2026-08-04 16:14
presplit,invfreq,3,ok,801.1,1.03493,1.10521,11,0.001,0,,2026-08-05 01:16
presplit,invfreq,4,ok,831.8,1.03410,1.10460,15,0.001,0,,2026-08-05 01:30
splithead,baseline,0,ok,1148.0,1.02644,1.02644,17,0.001,0,data/processed/phase_d_split,2026-08-08 17:54
splithead,baseline,1,ok,1099.4,1.02656,1.02656,20,0.001,0,data/processed/phase_d_split,2026-08-08 18:12
splithead,baseline,2,ok,753.9,1.02733,1.02733,17,0.001,0,data/processed/phase_d_split,2026-08-08 18:25
splithead,baseline,3,ok,1073.2,1.02656,1.02656,17,0.001,0,data/processed/phase_d_split,2026-08-08 18:43
splithead,baseline,4,ok,883.0,1.02642,1.02642,13,0.001,0,data/processed/phase_d_split,2026-08-08 18:57
splithead,dim16,0,ok,1032.3,1.02724,1.02724,17,0.001,0,data/processed/phase_d_split,2026-08-08 19:14
splithead,dim16,1,ok,1158.6,1.02746,1.02746,19,0.001,0,data/processed/phase_d_split,2026-08-08 19:34
splithead,dim16,2,ok,1973.6,1.02697,1.02697,25,0.001,0,data/processed/phase_d_split,2026-08-08 20:07
splithead,dim16,3,ok,1130.1,1.02758,1.02758,11,0.001,0,data/processed/phase_d_split,2026-08-08 20:26
splithead,dim16,4,ok,1054.1,1.02733,1.02733,14,0.001,0,data/processed/phase_d_split,2026-08-08 20:43
splithead,dim64,0,ok,1057.8,1.02694,1.02694,17,0.001,0,data/processed/phase_d_split,2026-08-08 21:01
splithead,dim64,1,ok,763.4,1.02675,1.02675,9,0.001,0,data/processed/phase_d_split,2026-08-08 21:13
splithead,dim64,2,ok,938.9,1.02660,1.02660,12,0.001,0,data/processed/phase_d_split,2026-08-08 21:29
splithead,dim64,3,ok,765.9,1.02672,1.02672,11,0.001,0,data/processed/phase_d_split,2026-08-08 21:42
splithead,dim64,4,ok,613.9,1.02677,1.02677,9,0.001,0,data/processed/phase_d_split,2026-08-08 21:52
splithead,bilinear,0,ok,983.7,1.02687,1.02687,17,0.001,0,data/processed/phase_d_split,2026-08-08 22:08
splithead,bilinear,1,ok,828.1,1.02699,1.02699,15,0.001,0,data/processed/phase_d_split,2026-08-08 22:22
splithead,bilinear,2,ok,884.2,1.02691,1.02691,12,0.001,0,data/processed/phase_d_split,2026-08-08 22:37
splithead,bilinear,3,ok,933.9,1.02704,1.02704,15,0.001,0,data/processed/phase_d_split,2026-08-08 22:53
splithead,bilinear,4,ok,1017.8,1.02690,1.02690,16,0.001,0,data/processed/phase_d_split,2026-08-08 23:10
splithead,meanweight,0,ok,1073.8,10.42682,1.02788,17,0.001,0,data/processed/phase_d_split,2026-08-08 23:27
splithead,meanweight,1,ok,1327.7,10.42813,1.02792,14,0.001,0,data/processed/phase_d_split,2026-08-08 23:50
splithead,meanweight,2,ok,2596.6,10.42867,1.02806,12,0.001,0,data/processed/phase_d_split,2026-08-09 00:33
splithead,meanweight,3,ok,3203.1,10.42760,1.02801,14,0.001,0,data/processed/phase_d_split,2026-08-09 01:26
splithead,meanweight,4,ok,2349.4,10.42726,1.02797,9,0.001,0,data/processed/phase_d_split,2026-08-09 02:05
splithead,invfreq,0,ok,4347.4,0.99167,1.05245,20,0.001,0,data/processed/phase_d_split,2026-08-09 03:18
splithead,invfreq,1,ok,4142.9,0.99168,1.05223,27,0.001,0,data/processed/phase_d_split,2026-08-09 04:27
splithead,invfreq,2,ok,1358.5,0.99167,1.05206,20,0.001,0,data/processed/phase_d_split,2026-08-09 04:50
splithead,invfreq,3,ok,539.8,0.99176,1.05083,11,0.001,0,data/processed/phase_d_split,2026-08-09 04:59
splithead,invfreq,4,ok,831.5,0.99171,1.05196,15,0.001,0,data/processed/phase_d_split,2026-08-09 05:12
splithead,nospray,0,ok,772.5,0.81507,0.81507,15,0.001,0,data/processed/phase_d_split,2026-08-09 05:25
splithead,nospray,1,ok,984.0,0.81492,0.81492,20,0.001,0,data/processed/phase_d_split,2026-08-09 05:42
splithead,nospray,2,ok,646.0,0.81511,0.81511,12,0.001,0,data/processed/phase_d_split,2026-08-09 05:52
splithead,nospray,3,ok,626.9,0.81532,0.81532,11,0.001,0,data/processed/phase_d_split,2026-08-09 06:03
splithead,nospray,4,ok,742.9,0.81455,0.81455,14,0.001,0,data/processed/phase_d_split,2026-08-09 06:15
splithead,block,0,ok,740.0,1.02821,1.02821,17,0.001,0,data/processed/phase_d_split_noblock,2026-08-09 06:28
splithead,block,1,ok,689.6,1.02849,1.02849,14,0.001,0,data/processed/phase_d_split_noblock,2026-08-09 06:39
splithead,block,2,ok,610.2,1.02832,1.02832,12,0.001,0,data/processed/phase_d_split_noblock,2026-08-09 06:49
splithead,block,3,ok,689.5,1.02825,1.02825,14,0.001,0,data/processed/phase_d_split_noblock,2026-08-09 07:01
splithead,block,4,ok,748.5,1.02820,1.02820,14,0.001,0,data/processed/phase_d_split_noblock,2026-08-09 07:13
rebuild,baseline,0,ok,3226.8,1.02584,1.02584,17,0.001,0,data/processed/phase_d5,2026-08-12 19:34
rebuild,baseline,1,ok,2436.4,1.02585,1.02585,17,0.001,0,data/processed/phase_d5,2026-08-12 20:15
rebuild,baseline,2,ok,1732.9,1.02578,1.02578,12,0.001,0,data/processed/phase_d5,2026-08-12 20:44
rebuild,baseline,3,ok,998.0,1.02563,1.02563,14,0.001,0,data/processed/phase_d5,2026-08-12 21:00
rebuild,baseline,4,ok,546.3,1.02590,1.02590,11,0.001,0,data/processed/phase_d5,2026-08-12 21:09
rebuild,dim16,0,ok,6024.2,1.02619,1.02619,17,0.001,0,data/processed/phase_d5,2026-08-12 22:50
rebuild,dim16,1,ok,5370.7,1.02652,1.02652,19,0.001,0,data/processed/phase_d5,2026-08-13 00:19
rebuild,dim16,2,ok,3353.8,1.02661,1.02661,12,0.001,0,data/processed/phase_d5,2026-08-13 01:15
rebuild,dim16,3,ok,8318.4,1.02669,1.02669,19,0.001,0,data/processed/phase_d5,2026-08-13 03:34
rebuild,dim16,4,ok,5608.4,1.02666,1.02666,15,0.001,0,data/processed/phase_d5,2026-08-13 05:07
rebuild,dim64,0,ok,4055.9,1.02656,1.02656,9,0.001,0,data/processed/phase_d5,2026-08-13 06:15
rebuild,dim64,1,ok,4551.1,1.02585,1.02585,9,0.001,0,data/processed/phase_d5,2026-08-13 07:31
rebuild,dim64,2,ok,6641.2,1.02613,1.02613,16,0.001,0,data/processed/phase_d5,2026-08-13 09:21
rebuild,dim64,3,ok,5516.8,1.02583,1.02583,11,0.001,0,data/processed/phase_d5,2026-08-13 10:53
rebuild,dim64,4,ok,433.0,1.02597,1.02597,11,0.001,0,data/processed/phase_d5,2026-08-13 21:14
rebuild,bilinear,0,ok,1612.9,1.02606,1.02606,15,0.001,0,data/processed/phase_d5,2026-08-13 21:41
rebuild,bilinear,1,ok,1656.7,1.02600,1.02600,9,0.001,0,data/processed/phase_d5,2026-08-13 22:09
rebuild,bilinear,2,ok,32635.6,1.02609,1.02609,12,0.001,0,data/processed/phase_d5,2026-08-14 07:13
rebuild,bilinear,3,ok,685.3,1.02597,1.02597,11,0.001,0,data/processed/phase_d5,2026-08-14 11:46
rebuild,bilinear,4,ok,570.1,1.02603,1.02603,11,0.001,0,data/processed/phase_d5,2026-08-14 11:55
rebuild,meanweight,0,ok,2712.9,10.42097,1.02743,15,0.001,0,data/processed/phase_d5,2026-08-14 12:40
rebuild,meanweight,1,ok,1583.1,10.41656,1.02723,9,0.001,0,data/processed/phase_d5,2026-08-14 13:07
rebuild,meanweight,2,ok,1996.4,10.42128,1.02743,12,0.001,0,data/processed/phase_d5,2026-08-14 13:40
rebuild,meanweight,3,ok,2175.6,10.41667,1.02700,14,0.001,0,data/processed/phase_d5,2026-08-14 14:16
rebuild,meanweight,4,ok,2087.1,10.41606,1.02709,13,0.001,0,data/processed/phase_d5,2026-08-14 14:51
rebuild,invfreq,0,ok,4845.5,0.99095,1.05178,17,0.001,0,data/processed/phase_d5,2026-08-14 16:12
rebuild,invfreq,1,ok,2735.0,0.99099,1.05207,14,0.001,0,data/processed/phase_d5,2026-08-14 16:57
rebuild,invfreq,2,ok,888.7,0.99086,1.05130,20,0.001,0,data/processed/phase_d5,2026-08-14 17:12
rebuild,invfreq,3,ok,736.5,0.99087,1.05140,17,0.001,0,data/processed/phase_d5,2026-08-14 17:24
rebuild,invfreq,4,ok,635.9,0.99096,1.05189,15,0.001,0,data/processed/phase_d5,2026-08-14 17:35
rebuild,nospray,0,ok,545.8,0.81405,0.81405,10,0.001,0,data/processed/phase_d5,2026-08-14 17:44
rebuild,nospray,1,ok,1053.2,0.81395,0.81395,20,0.001,0,data/processed/phase_d5,2026-08-14 18:02
rebuild,nospray,2,ok,439.8,0.81444,0.81444,13,0.001,0,data/processed/phase_d5,2026-08-14 18:09
rebuild,nospray,3,ok,539.9,0.81411,0.81411,11,0.001,0,data/processed/phase_d5,2026-08-14 18:18
rebuild,nospray,4,ok,533.4,0.81377,0.81377,11,0.001,0,data/processed/phase_d5,2026-08-14 18:27
rebuild,block,0,ok,689.9,1.02757,1.02757,17,0.001,0,data/processed/phase_d5_noblock,2026-08-14 18:38
rebuild,block,1,ok,1062.3,1.02761,1.02761,20,0.001,0,data/processed/phase_d5_noblock,2026-08-14 18:56
rebuild,block,2,ok,615.9,1.02749,1.02749,12,0.001,0,data/processed/phase_d5_noblock,2026-08-14 19:06
rebuild,block,3,ok,747.7,1.02742,1.02742,14,0.001,0,data/processed/phase_d5_noblock,2026-08-14 19:19
rebuild,block,4,ok,776.6,1.02765,1.02765,13,0.001,0,data/processed/phase_d5_noblock,2026-08-14 19:32
selection,lr3e4,0,ok,1085.7,1.02743,1.02743,19,0.0003,0,data/processed/phase_d5,2026-08-24 19:41
selection,lr3e4,1,ok,1542.4,1.02641,1.02641,27,0.0003,0,data/processed/phase_d5,2026-08-24 20:07
selection,lr1e3,0,ok,1387.9,1.02584,1.02584,17,0.001,0,data/processed/phase_d5,2026-08-24 20:30
selection,lr1e3,1,ok,990.1,1.02585,1.02585,17,0.001,0,data/processed/phase_d5,2026-08-24 20:46
selection,lr3e3,0,ok,465.8,1.02623,1.02623,8,0.003,0,data/processed/phase_d5,2026-08-24 20:54
selection,lr3e3,1,ok,534.1,1.02603,1.02603,9,0.003,0,data/processed/phase_d5,2026-08-24 21:03
selection,lr3e4_warm,0,ok,794.3,1.02731,1.02731,19,0.0003,719,data/processed/phase_d5,2026-08-24 21:16
selection,lr3e4_warm,1,ok,1185.1,1.02657,1.02657,27,0.0003,719,data/processed/phase_d5,2026-08-24 21:36
selection,lr1e3_warm,0,ok,1203.9,1.02567,1.02567,17,0.001,719,data/processed/phase_d5,2026-08-24 21:56
selection,lr1e3_warm,1,ok,1258.6,1.02585,1.02585,18,0.001,719,data/processed/phase_d5,2026-08-24 22:17
selection,lr3e3_warm,0,ok,705.8,1.02629,1.02629,9,0.003,719,data/processed/phase_d5,2026-08-24 22:29
selection,lr3e3_warm,1,ok,653.0,1.02571,1.02571,9,0.003,719,data/processed/phase_d5,2026-08-24 22:40
selection,lr1e3_warm2k,0,ok,1701.7,1.02564,1.02564,17,0.001,2000,data/processed/phase_d5,2026-09-01 13:00
selection,lr1e3_warm2k,1,ok,7360.0,1.02596,1.02596,18,0.001,2000,data/processed/phase_d5,2026-09-01 15:03
embedding_sgd,sgd_lr1e-2,0,ok,1519.2,1.02475,1.02475,20,0.001,0,data/processed/phase_d5,2026-09-02 20:24
embedding_sgd,sgd_lr1e-1,0,ok,1022.8,1.02420,1.02420,17,0.001,0,data/processed/phase_d5,2026-09-02 20:41
embedding_sgd,sgd_lr1,0,ok,2325.1,1.02376,1.02376,23,0.001,0,data/processed/phase_d5,2026-09-02 21:19
embedding_sgd,sgd_lr1,1,ok,3249.7,1.02387,1.02387,20,0.001,0,data/processed/phase_d5,2026-09-02 22:16
embedding_sgd,sgd_lr1,2,ok,1767.2,1.02393,1.02393,20,0.001,0,data/processed/phase_d5,2026-09-02 22:46
embedding_sgd,sgd_lr1,3,ok,1677.2,1.02379,1.02379,22,0.001,0,data/processed/phase_d5,2026-09-02 23:14
embedding_sgd,sgd_lr1,4,ok,1788.3,1.02397,1.02397,23,0.001,0,data/processed/phase_d5,2026-09-02 23:43
