batter,in_e5,in_f5,in_intersection,denom_L,denom_R,stand,stratum,pooled_denom,post_selection_descriptive
444482,True,True,True,26.0,234.0,L,high,260,True
453568,True,True,True,114.0,383.0,L,high,497,True
455117,True,True,True,43.0,101.0,R,high,144,True
456781,True,True,True,118.0,191.0,R,high,309,True
457705,True,True,True,141.0,373.0,R,high,514,True
457759,True,True,True,139.0,398.0,R,high,537,True
467793,True,True,True,161.0,430.0,L,high,591,True
493329,True,True,True,27.0,38.0,R,high,65,True
500743,True,True,True,114.0,221.0,R,high,335,True
501303,False,True,False,,,,,28,True
502054,True,True,True,119.0,359.0,R,high,478,True
502110,True,True,True,138.0,353.0,R,high,491,True
502671,True,True,True,163.0,485.0,R,high,648,True
514888,True,True,True,169.0,511.0,R,high,680,True
516782,True,True,True,112.0,254.0,R,high,366,True
518595,True,True,True,77.0,264.0,R,high,341,True
518692,True,True,True,223.0,406.0,L,high,629,True
518735,True,True,True,59.0,181.0,L,high,240,True
518792,True,True,True,22.0,233.0,L,high,255,True
518934,True,True,True,85.0,142.0,R,high,227,True
519203,True,True,True,97.0,278.0,L,high,375,True
519317,True,True,True,138.0,319.0,R,high,457,True
521692,True,True,True,154.0,488.0,R,high,642,True
527038,True,True,True,107.0,134.0,R,high,241,True
541645,True,True,True,39.0,12.0,R,high,51,True
542194,True,True,True,51.0,94.0,R,medium,145,True
542303,True,True,True,162.0,523.0,R,high,685,True
542364,False,True,False,,,,,17,True
542932,True,True,True,29.0,44.0,R,medium,73,True
543063,True,True,True,11.0,69.0,L,high,80,True
543228,True,True,True,17.0,78.0,R,high,95,True
543257,True,True,True,126.0,119.0,R,high,245,True
543305,True,True,True,17.0,46.0,L,high,63,True
543309,True,True,True,85.0,177.0,R,medium,262,True
543510,True,True,True,84.0,149.0,R,high,233,True
543685,True,True,True,34.0,204.0,R,high,238,True
543760,True,True,True,173.0,543.0,R,high,716,True
543807,True,True,True,145.0,468.0,R,high,613,True
543877,True,True,True,94.0,216.0,R,high,310,True
545121,True,True,True,127.0,171.0,L,medium,298,True
545341,True,True,True,184.0,95.0,R,high,279,True
545361,True,True,True,17.0,108.0,R,high,125,True
547180,True,True,True,224.0,395.0,L,high,619,True
547989,True,True,True,37.0,83.0,R,high,120,True
553869,True,True,True,101.0,248.0,R,high,349,True
553882,False,True,False,,,,,68,True
553993,True,True,True,194.0,446.0,R,high,640,True
570482,True,True,True,106.0,354.0,R,high,460,True
571448,True,True,True,154.0,478.0,R,high,632,True
571466,True,True,True,32.0,62.0,L,high,94,True
571657,True,True,True,117.0,124.0,R,high,241,True
571745,True,True,True,145.0,278.0,R,high,423,True
571771,True,True,True,144.0,248.0,R,high,392,True
571912,True,True,True,47.0,106.0,R,medium,153,True
571970,True,True,True,76.0,214.0,L,high,290,True
572138,True,True,True,82.0,323.0,L,low,405,True
572191,True,True,True,103.0,193.0,R,high,296,True
572233,True,True,True,156.0,392.0,R,high,548,True
572761,True,True,True,19.0,137.0,L,high,156,True
573262,True,True,True,95.0,377.0,L,high,472,True
575929,True,True,True,89.0,267.0,R,high,356,True
578428,True,True,True,100.0,190.0,R,high,290,True
592178,True,True,True,40.0,115.0,R,high,155,True
592192,True,True,True,127.0,333.0,R,high,460,True
592200,True,True,True,49.0,74.0,R,high,123,True
592206,True,True,True,168.0,489.0,R,high,657,True
592273,True,True,True,80.0,280.0,R,high,360,True
592325,True,True,True,18.0,80.0,L,high,98,True
592348,False,True,False,,,,,32,True
592450,True,True,True,175.0,508.0,R,high,683,True
592518,True,True,True,142.0,495.0,R,high,637,True
592626,True,True,True,42.0,399.0,L,high,441,True
592663,True,True,True,122.0,290.0,R,high,412,True
592669,True,True,True,126.0,298.0,R,high,424,True
592696,True,True,True,33.0,284.0,L,high,317,True
592885,True,True,True,98.0,212.0,L,high,310,True
593160,True,True,True,120.0,211.0,R,high,331,True
593428,True,True,True,108.0,355.0,R,high,463,True
593871,True,True,True,130.0,336.0,L,high,466,True
593934,True,True,True,21.0,74.0,R,high,95,True
594807,True,True,True,123.0,207.0,R,high,330,True
595281,True,True,True,56.0,218.0,L,high,274,True
595777,True,True,True,171.0,488.0,L,high,659,True
595879,True,True,True,65.0,223.0,R,high,288,True
595909,True,True,True,41.0,303.0,L,medium,344,True
595978,True,True,True,64.0,79.0,R,high,143,True
596019,True,True,True,170.0,519.0,L,high,689,True
596103,True,True,True,142.0,70.0,R,high,212,True
596115,True,True,True,19.0,85.0,R,high,104,True
596117,True,True,True,58.0,128.0,L,low,186,True
596129,False,True,False,,,,,79,True
596142,True,True,True,119.0,161.0,R,high,280,True
596146,True,True,True,82.0,316.0,L,high,398,True
600869,True,True,True,147.0,315.0,L,high,462,True
602104,True,True,True,83.0,218.0,R,medium,301,True
605113,True,True,True,87.0,138.0,R,high,225,True
605131,True,True,True,42.0,112.0,R,high,154,True
605137,True,True,True,196.0,401.0,L,high,597,True
605141,True,True,True,160.0,354.0,R,high,514,True
605170,True,True,True,64.0,209.0,L,medium,273,True
605204,True,True,True,55.0,102.0,R,high,157,True
605346,True,True,True,19.0,51.0,R,low,70,True
605361,True,True,True,34.0,128.0,L,low,162,True
606115,True,True,True,146.0,454.0,R,high,600,True
606192,True,True,True,168.0,480.0,R,high,648,True
606466,True,True,True,206.0,370.0,L,high,576,True
606992,True,True,True,22.0,47.0,R,medium,69,True
607043,True,True,True,170.0,492.0,L,high,662,True
607054,False,True,False,,,,,26,True
607208,True,True,True,168.0,371.0,R,high,539,True
607680,True,True,True,125.0,188.0,R,high,313,True
607732,True,True,True,100.0,179.0,R,medium,279,True
608070,True,True,True,174.0,495.0,L,high,669,True
608324,True,True,True,180.0,453.0,R,high,633,True
608336,True,True,True,64.0,196.0,L,high,260,True
608348,True,True,True,49.0,264.0,R,high,313,True
608369,True,True,True,152.0,370.0,L,high,522,True
608385,True,True,True,104.0,400.0,L,high,504,True
608596,True,True,True,16.0,22.0,R,high,38,True
608671,True,True,True,13.0,194.0,L,medium,207,True
608701,True,True,True,143.0,161.0,R,high,304,True
608841,True,True,True,96.0,216.0,R,medium,312,True
609280,True,True,True,61.0,258.0,R,medium,319,True
613564,False,True,False,,,,,30,True
620443,True,True,True,43.0,87.0,R,medium,130,True
621020,True,True,True,123.0,468.0,R,high,591,True
621028,True,True,True,128.0,176.0,R,high,304,True
621035,True,True,True,97.0,148.0,R,high,245,True
621043,True,True,True,86.0,276.0,R,high,362,True
621311,False,True,False,,,,,62,True
621438,True,True,True,111.0,232.0,R,medium,343,True
621439,True,True,True,103.0,284.0,R,high,387,True
621458,False,True,False,,,,,10,True
621466,True,True,True,15.0,179.0,L,medium,194,True
621493,True,True,True,130.0,533.0,R,high,663,True
621512,True,True,True,48.0,89.0,R,medium,137,True
621545,True,True,True,22.0,16.0,R,low,38,True
621550,True,True,True,103.0,70.0,R,medium,173,True
621563,False,True,False,,,,,37,True
621566,True,True,True,187.0,493.0,L,high,680,True
622110,False,True,False,,,,,10,True
622268,False,True,False,,,,,25,True
622534,True,True,True,171.0,171.0,R,high,342,True
622569,True,True,True,22.0,42.0,R,medium,64,True
622761,True,True,True,90.0,116.0,R,medium,206,True
623168,False,True,False,,,,,16,True
623520,True,True,True,32.0,16.0,R,medium,48,True
623912,True,True,True,96.0,150.0,R,high,246,True
623993,True,True,True,178.0,484.0,L,high,662,True
624413,True,True,True,178.0,513.0,R,high,691,True
624415,True,True,True,32.0,188.0,L,medium,220,True
624424,True,True,True,106.0,381.0,L,high,487,True
624428,True,True,True,31.0,260.0,L,high,291,True
624431,True,True,True,103.0,130.0,R,medium,233,True
624503,True,True,True,28.0,247.0,L,medium,275,True
624512,True,True,True,20.0,137.0,L,medium,157,True
624585,True,True,True,155.0,416.0,R,high,571,True
624641,True,True,True,121.0,151.0,R,medium,272,True
628451,True,True,True,154.0,90.0,R,medium,244,True
630105,True,True,True,170.0,482.0,L,high,652,True
640492,True,True,True,43.0,35.0,R,medium,78,True
640902,True,True,True,11.0,29.0,R,low,40,True
641313,True,True,True,90.0,151.0,R,high,241,True
641343,True,True,True,35.0,310.0,L,medium,345,True
641355,True,True,True,167.0,395.0,L,high,562,True
641432,True,True,True,31.0,222.0,L,medium,253,True
641487,True,True,True,143.0,308.0,L,high,451,True
641511,False,True,False,,,,,18,True
641584,True,True,True,56.0,326.0,L,medium,382,True
641598,True,True,True,156.0,274.0,R,high,430,True
641645,True,True,True,19.0,167.0,L,medium,186,True
641658,True,True,True,124.0,105.0,R,high,229,True
641680,True,True,True,117.0,374.0,L,medium,491,True
641779,True,True,True,13.0,15.0,R,low,28,True
641856,False,True,False,,,,,28,True
641857,True,True,True,196.0,443.0,L,high,639,True
641933,True,True,True,152.0,316.0,R,medium,468,True
641943,True,True,True,12.0,66.0,L,low,78,True
642020,True,True,True,24.0,52.0,R,low,76,True
642086,True,True,True,50.0,257.0,L,high,307,True
642133,True,True,True,46.0,375.0,L,medium,421,True
642136,True,True,True,41.0,145.0,L,low,186,True
642180,True,True,True,20.0,131.0,L,medium,151,True
642197,True,True,True,33.0,14.0,R,low,47,True
642201,True,True,True,11.0,31.0,R,medium,42,True
642215,True,True,True,51.0,47.0,R,low,98,True
642350,True,True,True,111.0,333.0,R,medium,444,True
642708,True,True,True,126.0,220.0,R,high,346,True
642715,True,True,True,177.0,508.0,R,high,685,True
642731,True,True,True,96.0,285.0,R,medium,381,True
642851,True,True,True,10.0,10.0,R,medium,20,True
643217,True,True,True,126.0,395.0,L,high,521,True
643265,True,True,True,43.0,73.0,R,high,116,True
643289,True,True,True,125.0,300.0,R,medium,425,True
643376,True,True,True,94.0,230.0,R,medium,324,True
643393,False,True,False,,,,,10,True
643396,True,True,True,134.0,359.0,R,high,493,True
643446,True,True,True,116.0,354.0,L,high,470,True
643565,True,True,True,69.0,281.0,L,medium,350,True
644433,True,True,True,13.0,41.0,R,low,54,True
645277,True,True,True,109.0,326.0,L,high,435,True
645302,True,True,True,100.0,189.0,R,high,289,True
645305,True,True,True,29.0,61.0,R,low,90,True
645444,True,True,True,36.0,71.0,L,low,107,True
645801,True,True,True,18.0,44.0,L,low,62,True
646240,True,True,True,223.0,364.0,L,high,587,True
647304,True,True,True,173.0,452.0,L,medium,625,True
647351,True,True,True,79.0,282.0,L,medium,361,True
649557,False,True,False,,,,,34,True
649966,True,True,True,55.0,54.0,R,medium,109,True
650333,True,True,True,203.0,464.0,L,high,667,True
650391,True,True,True,94.0,254.0,R,medium,348,True
650402,True,True,True,169.0,494.0,R,high,663,True
650489,True,True,True,163.0,471.0,L,medium,634,True
650490,True,True,True,139.0,482.0,R,high,621,True
650559,True,True,True,188.0,432.0,R,medium,620,True
650859,True,True,True,58.0,245.0,L,high,303,True
650907,True,True,True,25.0,23.0,R,low,48,True
655316,True,True,True,70.0,72.0,R,low,142,True
656180,True,True,True,54.0,75.0,R,medium,129,True
656248,True,True,True,35.0,72.0,R,low,107,True
656305,True,True,True,162.0,482.0,R,high,644,True
656413,True,True,True,123.0,108.0,R,medium,231,True
656484,False,True,False,,,,,31,True
656537,True,True,True,66.0,104.0,R,low,170,True
656541,True,True,True,42.0,111.0,L,medium,153,True
656555,True,True,True,129.0,385.0,R,high,514,True
656577,True,True,True,57.0,97.0,R,low,154,True
656582,True,True,True,169.0,246.0,R,medium,415,True
656716,True,True,True,33.0,292.0,L,medium,325,True
656775,True,True,True,101.0,391.0,L,high,492,True
656811,True,True,True,44.0,448.0,L,medium,492,True
656883,False,True,False,,,,,15,True
656896,True,True,True,128.0,173.0,R,medium,301,True
656941,True,True,True,248.0,440.0,L,high,688,True
656976,True,True,True,23.0,135.0,L,medium,158,True
657041,True,True,True,144.0,383.0,R,high,527,True
657061,True,True,True,22.0,35.0,L,medium,57,True
657077,True,True,True,190.0,429.0,L,high,619,True
657088,False,True,False,,,,,35,True
657136,True,True,True,151.0,334.0,R,medium,485,True
657193,False,True,False,,,,,11,True
657557,True,True,True,123.0,359.0,R,high,482,True
657656,True,True,True,102.0,207.0,R,high,309,True
657757,True,True,True,92.0,407.0,L,low,499,True
658668,True,True,True,90.0,106.0,R,medium,196,True
660162,False,True,False,,,,,45,True
660271,True,True,True,249.0,469.0,L,high,718,True
660644,True,True,True,70.0,204.0,L,low,274,True
660670,True,True,True,52.0,170.0,R,high,222,True
660688,True,True,True,132.0,353.0,L,medium,485,True
660707,True,True,True,62.0,185.0,R,medium,247,True
660766,True,True,True,87.0,161.0,R,low,248,True
660821,True,True,True,114.0,420.0,L,medium,534,True
660844,True,True,True,32.0,52.0,L,low,84,True
661388,True,True,True,166.0,508.0,R,medium,674,True
661531,True,True,True,25.0,45.0,R,low,70,True
662139,True,True,True,104.0,407.0,L,medium,511,True
663330,True,True,True,25.0,21.0,R,low,46,True
663368,True,True,True,156.0,277.0,L,low,433,True
663457,True,True,True,109.0,293.0,L,medium,402,True
663527,True,True,True,127.0,151.0,R,medium,278,True
663538,True,True,True,137.0,503.0,R,medium,640,True
663550,False,True,False,,,,,91,True
663586,True,True,True,117.0,352.0,R,high,469,True
663604,False,True,False,,,,,12,True
663609,True,True,True,22.0,27.0,R,low,49,True
663611,True,True,True,31.0,62.0,R,medium,93,True
663616,True,True,True,23.0,376.0,L,medium,399,True
663624,True,True,True,143.0,364.0,R,high,507,True
663630,False,True,False,,,,,15,True
663647,True,True,True,94.0,301.0,R,high,395,True
663656,True,True,True,123.0,210.0,L,high,333,True
663662,True,True,True,86.0,100.0,R,low,186,True
663697,True,True,True,174.0,461.0,R,medium,635,True
663698,True,True,True,74.0,208.0,R,medium,282,True
663728,True,True,True,170.0,454.0,L,medium,624,True
663743,True,True,True,102.0,226.0,R,medium,328,True
663757,True,True,True,41.0,165.0,L,high,206,True
663837,True,True,True,151.0,415.0,R,medium,566,True
663853,True,True,True,130.0,86.0,R,low,216,True
663886,True,True,True,136.0,377.0,R,medium,513,True
663897,True,True,True,19.0,32.0,R,medium,51,True
663898,True,True,True,143.0,394.0,R,medium,537,True
663905,False,True,False,,,,,32,True
663967,False,True,False,,,,,31,True
663993,True,True,True,144.0,420.0,L,high,564,True
664023,True,True,True,161.0,495.0,L,high,656,True
664034,True,True,True,134.0,401.0,R,high,535,True
664040,True,True,True,72.0,351.0,L,high,423,True
664056,True,True,True,152.0,284.0,R,high,436,True
664059,False,True,False,,,,,16,True
664238,True,True,True,175.0,264.0,R,high,439,True
664314,True,True,True,14.0,96.0,L,low,110,True
664728,True,True,True,67.0,351.0,L,medium,418,True
664761,True,True,True,178.0,426.0,R,high,604,True
664770,True,True,True,14.0,75.0,L,low,89,True
664774,True,True,True,42.0,353.0,L,medium,395,True
664874,True,True,True,16.0,26.0,R,medium,42,True
664901,True,True,True,52.0,88.0,R,medium,140,True
664913,True,True,True,28.0,372.0,L,medium,400,True
664954,False,True,False,,,,,17,True
664983,True,True,True,147.0,342.0,L,medium,489,True
665019,True,True,True,21.0,99.0,L,low,120,True
665052,True,True,True,21.0,68.0,L,low,89,True
665120,False,True,False,,,,,60,True
665161,True,True,True,165.0,481.0,R,medium,646,True
665487,True,True,True,118.0,320.0,R,medium,438,True
665489,True,True,True,134.0,551.0,R,high,685,True
665506,True,True,True,130.0,53.0,R,medium,183,True
665561,True,True,True,23.0,32.0,L,low,55,True
665742,True,True,True,226.0,485.0,L,high,711,True
665750,True,True,True,100.0,426.0,L,medium,526,True
665782,True,True,True,14.0,17.0,R,low,31,True
665804,True,True,True,92.0,266.0,R,low,358,True
665828,True,True,True,83.0,241.0,L,low,324,True
665833,True,True,True,154.0,440.0,L,medium,594,True
665839,True,True,True,35.0,187.0,L,low,222,True
665862,True,True,True,210.0,406.0,L,medium,616,True
665877,True,True,True,42.0,37.0,R,low,79,True
665923,True,True,True,36.0,27.0,R,medium,63,True
665926,True,True,True,172.0,457.0,L,medium,629,True
665953,True,True,True,45.0,87.0,R,low,132,True
665966,False,True,False,,,,,15,True
666018,True,True,True,19.0,124.0,L,low,143,True
666023,True,True,True,120.0,246.0,R,low,366,True
666134,True,True,True,92.0,202.0,L,medium,294,True
666135,False,True,False,,,,,178,True
666139,True,True,True,50.0,333.0,L,medium,383,True
666149,True,True,True,116.0,225.0,R,low,341,True
666150,True,True,True,58.0,179.0,L,low,237,True
666152,True,True,True,50.0,267.0,L,low,317,True
666158,True,True,True,50.0,437.0,L,medium,487,True
666160,True,True,True,35.0,383.0,L,low,418,True
666163,True,True,True,41.0,287.0,L,low,328,True
666165,False,True,False,,,,,37,True
666176,True,True,True,104.0,345.0,R,medium,449,True
666181,True,True,True,70.0,317.0,L,low,387,True
666182,True,True,True,62.0,273.0,R,high,335,True
666185,True,True,True,116.0,149.0,L,medium,265,True
666197,False,True,False,,,,,25,True
666310,True,True,True,76.0,310.0,L,low,386,True
666397,True,True,True,33.0,268.0,L,low,301,True
666464,True,True,True,44.0,75.0,R,low,119,True
666624,True,True,True,125.0,483.0,R,medium,608,True
666703,True,True,True,36.0,20.0,R,low,56,True
666915,True,True,True,39.0,53.0,R,medium,92,True
666969,True,True,True,160.0,475.0,R,high,635,True
666971,True,True,True,172.0,380.0,R,high,552,True
667452,True,True,True,91.0,98.0,R,low,189,True
667472,True,True,True,66.0,42.0,R,low,108,True
667670,True,True,True,135.0,475.0,R,medium,610,True
668227,True,True,True,181.0,467.0,R,high,648,True
668670,True,True,True,93.0,243.0,R,medium,336,True
668709,True,True,True,124.0,515.0,L,medium,639,True
668715,True,True,True,171.0,484.0,R,medium,655,True
668723,True,True,True,22.0,26.0,R,low,48,True
668731,False,True,False,,,,,82,True
668800,True,True,True,27.0,66.0,R,medium,93,True
668804,True,True,True,202.0,487.0,L,high,689,True
668832,True,True,True,10.0,146.0,L,low,156,True
668845,True,True,True,33.0,64.0,R,low,97,True
668853,False,True,False,,,,,50,True
668885,True,True,True,79.0,176.0,R,low,255,True
668901,True,True,True,139.0,315.0,R,low,454,True
668904,True,True,True,100.0,223.0,R,low,323,True
668930,True,True,True,128.0,485.0,L,low,613,True
668939,True,True,True,181.0,454.0,L,medium,635,True
668942,True,True,True,67.0,405.0,L,medium,472,True
668952,True,True,True,19.0,46.0,R,low,65,True
669003,True,True,True,35.0,187.0,L,low,222,True
669004,True,True,True,74.0,375.0,L,medium,449,True
669016,True,True,True,89.0,386.0,L,medium,475,True
669065,True,True,True,43.0,166.0,L,low,209,True
669127,True,True,True,142.0,390.0,R,medium,532,True
669134,True,True,True,75.0,224.0,R,low,299,True
669137,True,True,True,16.0,23.0,R,low,39,True
669200,True,True,True,11.0,43.0,R,low,54,True
669208,True,True,True,34.0,35.0,R,low,69,True
669221,True,True,True,69.0,194.0,R,high,263,True
669222,True,True,True,73.0,191.0,R,medium,264,True
669224,True,True,True,77.0,336.0,L,low,413,True
669234,True,True,True,61.0,169.0,R,low,230,True
669242,True,True,True,36.0,117.0,L,high,153,True
669257,True,True,True,148.0,390.0,R,high,538,True
669261,True,True,True,37.0,237.0,L,medium,274,True
669289,True,True,True,127.0,259.0,R,medium,386,True
669304,True,True,True,140.0,288.0,R,medium,428,True
669326,False,True,False,,,,,12,True
669352,False,True,False,,,,,18,True
669357,True,True,True,113.0,288.0,L,low,401,True
669364,True,True,True,93.0,208.0,L,low,301,True
669369,True,True,True,35.0,35.0,R,low,70,True
669374,False,True,False,,,,,27,True
669394,True,True,True,183.0,394.0,R,medium,577,True
669397,True,True,True,39.0,63.0,R,medium,102,True
669477,True,True,True,49.0,64.0,R,medium,113,True
669699,False,True,False,,,,,67,True
669701,True,True,True,139.0,450.0,L,low,589,True
669707,True,True,True,122.0,324.0,R,low,446,True
669720,True,True,True,88.0,165.0,R,high,253,True
669743,True,True,True,36.0,77.0,R,medium,113,True
669911,True,True,True,146.0,309.0,L,low,455,True
670032,True,True,True,64.0,375.0,L,high,439,True
670042,True,True,True,81.0,372.0,L,low,453,True
670092,False,True,False,,,,,29,True
670097,True,True,True,25.0,60.0,R,medium,85,True
670156,True,True,True,16.0,90.0,L,low,106,True
670223,False,True,False,,,,,27,True
670224,False,True,False,,,,,15,True
670242,True,True,True,44.0,217.0,L,low,261,True
670276,False,True,False,,,,,27,True
670541,True,True,True,208.0,411.0,L,high,619,True
670623,True,True,True,159.0,480.0,R,medium,639,True
670764,True,True,True,56.0,196.0,L,medium,252,True
670770,True,True,True,80.0,259.0,L,medium,339,True
670869,False,True,False,,,,,16,True
671056,True,True,True,84.0,174.0,R,low,258,True
671083,True,True,True,14.0,12.0,R,low,26,True
671117,False,True,False,,,,,14,True
671213,True,True,True,61.0,178.0,L,medium,239,True
671218,True,True,True,121.0,395.0,R,low,516,True
671221,False,True,False,,,,,19,True
671277,True,True,True,114.0,412.0,L,medium,526,True
671286,True,True,True,25.0,15.0,R,low,40,True
671289,True,True,True,134.0,245.0,R,low,379,True
671732,True,True,True,89.0,362.0,L,low,451,True
671739,True,True,True,146.0,323.0,L,medium,469,True
672012,False,True,False,,,,,57,True
672275,True,True,True,97.0,350.0,L,low,447,True
672279,True,True,True,101.0,222.0,L,low,323,True
672284,True,True,True,72.0,375.0,L,medium,447,True
672356,True,True,True,65.0,96.0,R,medium,161,True
672386,True,True,True,100.0,285.0,R,medium,385,True
672515,True,True,True,119.0,231.0,R,medium,350,True
672569,True,True,True,10.0,38.0,L,low,48,True
672580,True,True,True,158.0,464.0,R,medium,622,True
672640,True,True,True,135.0,296.0,R,low,431,True
672642,True,True,True,11.0,34.0,L,low,45,True
672695,True,True,True,116.0,265.0,L,medium,381,True
672724,False,True,False,,,,,11,True
672744,False,True,False,,,,,28,True
672761,True,True,True,96.0,327.0,L,low,423,True
672820,True,True,True,119.0,247.0,R,low,366,True
673237,True,True,True,169.0,449.0,R,low,618,True
673357,True,True,True,106.0,316.0,R,medium,422,True
673490,True,True,True,129.0,333.0,R,high,462,True
673548,True,True,True,136.0,446.0,R,medium,582,True
673962,True,True,True,37.0,151.0,R,medium,188,True
673995,True,True,True,37.0,12.0,R,low,49,True
674441,False,True,False,,,,,64,True
675961,True,True,True,27.0,64.0,R,low,91,True
676059,True,True,True,109.0,337.0,R,low,446,True
676070,True,True,True,30.0,42.0,R,low,72,True
676113,True,True,True,23.0,52.0,L,low,75,True
676116,True,True,True,18.0,92.0,L,low,110,True
676356,True,True,True,99.0,260.0,R,low,359,True
676369,True,True,True,70.0,160.0,R,medium,230,True
676391,True,True,True,142.0,307.0,R,medium,449,True
676439,False,True,False,,,,,14,True
676475,True,True,True,140.0,452.0,L,low,592,True
676572,True,True,True,18.0,56.0,R,low,74,True
676609,True,True,True,122.0,357.0,R,medium,479,True
676632,False,True,False,,,,,74,True
676679,False,True,False,,,,,14,True
676694,True,True,True,146.0,364.0,R,medium,510,True
676701,True,True,True,22.0,44.0,R,medium,66,True
676801,True,True,True,89.0,177.0,R,medium,266,True
676914,True,True,True,138.0,316.0,R,low,454,True
677008,True,True,True,16.0,96.0,L,low,112,True
677347,True,True,True,26.0,32.0,R,low,58,True
677587,True,True,True,124.0,315.0,L,low,439,True
677588,True,True,True,48.0,120.0,L,low,168,True
677594,True,True,True,164.0,448.0,R,medium,612,True
677649,True,True,True,92.0,193.0,R,medium,285,True
677800,True,True,True,67.0,380.0,L,low,447,True
677870,True,True,True,61.0,149.0,R,low,210,True
677941,True,True,True,12.0,26.0,R,low,38,True
677942,True,True,True,83.0,101.0,R,low,184,True
677950,True,True,True,25.0,77.0,L,medium,102,True
677951,True,True,True,142.0,558.0,R,medium,700,True
677956,True,True,True,20.0,31.0,R,low,51,True
678009,True,True,True,61.0,236.0,L,low,297,True
678225,False,True,False,,,,,81,True
678246,True,True,True,92.0,145.0,R,medium,237,True
678489,False,True,False,,,,,17,True
678554,True,True,True,50.0,81.0,R,low,131,True
678662,True,True,True,207.0,481.0,R,medium,688,True
678877,True,True,True,63.0,135.0,R,low,198,True
678882,True,True,True,150.0,418.0,R,low,568,True
678894,False,True,False,,,,,10,True
679032,True,True,True,103.0,252.0,R,low,355,True
679529,True,True,True,89.0,291.0,R,medium,380,True
679822,True,True,True,18.0,26.0,R,low,44,True
679845,True,True,True,52.0,118.0,R,low,170,True
679881,False,True,False,,,,,10,True
680118,True,True,True,69.0,61.0,R,low,130,True
680474,True,True,True,103.0,351.0,R,low,454,True
680577,False,True,False,,,,,14,True
680700,True,True,True,31.0,282.0,L,low,313,True
680716,True,True,True,15.0,24.0,R,low,39,True
680718,True,True,True,37.0,187.0,L,low,224,True
680728,True,True,True,18.0,69.0,L,low,87,True
680737,False,True,False,,,,,10,True
680757,True,True,True,158.0,380.0,L,medium,538,True
680776,True,True,True,229.0,504.0,L,medium,733,True
680777,True,True,True,141.0,323.0,R,medium,464,True
680779,True,True,True,29.0,91.0,R,low,120,True
680869,True,True,True,125.0,419.0,R,low,544,True
680911,False,True,False,,,,,27,True
680977,True,True,True,194.0,458.0,L,medium,652,True
681082,True,True,True,129.0,441.0,L,medium,570,True
681146,True,True,True,99.0,172.0,R,low,271,True
681297,True,True,True,146.0,413.0,L,low,559,True
681351,True,True,True,111.0,410.0,R,low,521,True
681393,True,True,True,63.0,131.0,R,low,194,True
681460,True,True,True,30.0,90.0,L,low,120,True
681481,True,True,True,31.0,261.0,L,low,292,True
681508,False,True,False,,,,,23,True
681546,True,True,True,17.0,139.0,L,medium,156,True
681584,True,True,True,20.0,17.0,R,medium,37,True
681624,True,True,True,106.0,336.0,R,low,442,True
681807,True,True,True,161.0,225.0,R,low,386,True
682073,True,True,True,41.0,17.0,R,low,58,True
682119,False,True,False,,,,,11,True
682177,True,True,True,36.0,185.0,L,low,221,True
682617,True,True,True,25.0,56.0,R,low,81,True
682622,True,True,True,45.0,197.0,R,low,242,True
682626,True,True,True,82.0,260.0,R,medium,342,True
682634,False,True,False,,,,,10,True
682641,True,True,True,50.0,105.0,R,low,155,True
682657,True,True,True,44.0,124.0,L,low,168,True
682668,True,True,True,16.0,24.0,R,low,40,True
682729,True,True,True,28.0,38.0,L,low,66,True
682829,True,True,True,215.0,477.0,L,medium,692,True
682868,True,True,True,41.0,66.0,R,low,107,True
682928,True,True,True,188.0,410.0,L,medium,598,True
682985,True,True,True,151.0,429.0,L,medium,580,True
682988,True,True,True,17.0,32.0,R,low,49,True
682998,True,True,True,206.0,475.0,L,medium,681,True
683002,True,True,True,217.0,501.0,L,medium,718,True
683011,True,True,True,189.0,496.0,R,medium,685,True
683021,True,True,True,44.0,79.0,R,low,123,True
683083,True,True,True,30.0,43.0,L,low,73,True
683146,True,True,True,36.0,133.0,L,low,169,True
683734,True,True,True,156.0,463.0,R,medium,619,True
683737,True,True,True,100.0,466.0,L,low,566,True
686217,True,True,True,92.0,427.0,L,low,519,True
686452,True,True,True,17.0,45.0,L,low,62,True
686469,True,True,True,122.0,430.0,L,medium,552,True
686482,False,True,False,,,,,37,True
686527,True,True,True,14.0,172.0,L,low,186,True
686554,False,True,False,,,,,103,True
686555,False,True,False,,,,,19,True
686611,True,True,True,42.0,90.0,R,low,132,True
686668,True,True,True,164.0,434.0,R,medium,598,True
686676,True,True,True,104.0,290.0,R,low,394,True
686681,True,True,True,64.0,289.0,L,medium,353,True
686765,True,True,True,19.0,67.0,L,low,86,True
686780,True,True,True,82.0,135.0,R,low,217,True
686797,True,True,True,52.0,131.0,L,low,183,True
686823,True,True,True,35.0,316.0,L,low,351,True
686894,True,True,True,18.0,10.0,R,medium,28,True
687093,True,True,True,24.0,90.0,R,low,114,True
687231,True,True,True,49.0,85.0,R,low,134,True
687263,True,True,True,115.0,482.0,R,low,597,True
687363,True,True,True,42.0,113.0,L,low,155,True
687401,True,True,True,152.0,356.0,R,low,508,True
687462,True,True,True,81.0,298.0,L,low,379,True
687529,True,True,True,26.0,104.0,L,low,130,True
687597,True,True,True,55.0,128.0,R,low,183,True
687952,True,True,True,38.0,85.0,R,low,123,True
688363,False,True,False,,,,,32,True
689172,True,True,True,59.0,211.0,L,low,270,True
690291,True,True,True,12.0,82.0,L,low,94,True
690993,True,True,True,88.0,466.0,L,low,554,True
691011,True,True,True,18.0,35.0,L,low,53,True
691016,True,True,True,22.0,190.0,L,low,212,True
691023,True,True,True,56.0,122.0,R,medium,178,True
691026,True,True,True,194.0,439.0,R,low,633,True
691176,True,True,True,23.0,44.0,L,low,67,True
691182,False,True,False,,,,,36,True
691406,True,True,True,27.0,148.0,R,low,175,True
691594,True,True,True,20.0,16.0,R,low,36,True
691718,True,True,True,91.0,309.0,L,low,400,True
691723,True,True,True,17.0,29.0,R,low,46,True
693049,False,True,False,,,,,38,True
693304,True,True,True,97.0,288.0,R,low,385,True
693307,True,True,True,25.0,62.0,R,low,87,True
694175,True,True,True,10.0,11.0,R,low,21,True
694192,True,True,True,173.0,395.0,R,low,568,True
694359,True,True,True,10.0,96.0,L,low,106,True
694362,True,True,True,18.0,11.0,R,low,29,True
694376,True,True,True,14.0,32.0,R,low,46,True
694377,False,True,False,,,,,42,True
694384,True,True,True,139.0,464.0,L,low,603,True
694388,True,True,True,50.0,211.0,L,low,261,True
694497,True,True,True,29.0,133.0,L,low,162,True
694671,True,True,True,112.0,442.0,R,low,554,True
695238,True,True,True,22.0,64.0,L,low,86,True
695257,True,True,True,10.0,39.0,R,low,49,True
695336,True,True,True,15.0,37.0,R,low,52,True
695391,True,True,True,34.0,89.0,R,low,123,True
695578,True,True,True,125.0,210.0,L,low,335,True
696100,True,True,True,92.0,132.0,R,low,224,True
696285,True,True,True,159.0,353.0,R,low,512,True
700242,True,True,True,29.0,90.0,L,low,119,True
700250,True,True,True,45.0,133.0,L,low,178,True
700932,True,True,True,20.0,136.0,L,low,156,True
701305,True,True,True,22.0,43.0,R,low,65,True
701538,True,True,True,156.0,432.0,L,low,588,True
702358,True,True,True,75.0,134.0,R,low,209,True
702616,True,True,True,46.0,162.0,L,low,208,True
805373,False,True,False,,,,,32,True
805779,True,True,True,22.0,80.0,R,low,102,True
807799,True,True,True,108.0,313.0,L,medium,421,True
808982,True,True,True,46.0,112.0,L,low,158,True
