ev_bin,la_bin,train_mass,obs_mass,conditional_contribution
0,0,0.012654156287636071,0.015038835191864832,-0.00038017590680200736
0,1,0.004160400579608659,0.0034006586712669105,-2.959815711271503e-05
0,2,0.0023085213862518005,0.002170808811998052,2.9969235779084676e-05
0,3,0.0012307192589108504,0.0011060394707518594,-9.194372808067683e-06
0,4,0.001046164100119592,0.0009409589527291937,3.7466539912303156e-06
0,5,0.0010113622701760972,0.0010565153153450596,-2.507556111893702e-05
0,6,0.0010461641001195917,0.001040007263542793,-2.6456448898367516e-05
0,7,0.0007139648142953261,0.0006355599943872624,3.213797862505585e-05
0,8,0.0005030446328196021,0.000445717398661197,-3.268259957988167e-05
0,9,0.0007382206351650344,0.0007181002533985951,-7.140751224168296e-06
0,10,0.0008141519004962951,0.0007923864865087947,1.5377887730382035e-05
0,11,0.0007983328868856159,0.0006768301238929288,-3.0191407576380496e-05
0,12,0.0005958495126689207,0.0005117496058702633,-4.278736020469655e-05
0,13,0.0008985199730865848,0.0007346083052008617,2.7697866164147218e-05
0,14,0.0009291033994005648,0.0007758784347065282,5.2635837684706885e-05
0,15,0.0006295967417050366,0.0005612737612770629,-8.071422618611599e-07
0,16,0.0008932469685496917,0.0008088945383110612,2.7023730849641045e-05
0,17,0.0009090659821603711,0.0007098462274974619,5.3222345971968535e-05
0,18,0.0011558425944869684,0.00100699115993826,-7.173624553311009e-06
0,19,0.0010197990774351263,0.0008749267455201274,-3.994886536041793e-06
0,20,0.0009554684220850303,0.0008749267455201274,6.43768381794373e-07
0,21,0.0014163290186094875,0.001370168299588124,8.41310767176474e-05
0,22,0.0017327092908230738,0.0017581075169413882,-1.0795809907641443e-05
0,23,0.0017126718735828799,0.002880655039495514,-6.2857555141469545e-06
1,0,0.0068496328934241416,0.008113707460814013,-0.0003416530068192109
1,1,0.004409286393750014,0.0038298680181258404,-7.1502468842824855e-06
1,2,0.003162748121228484,0.0030787516611227124,2.112500795584302e-06
1,3,0.001704235066323851,0.0016012810248198558,9.218653755267532e-06
1,4,0.0016704878372877353,0.0016755672579300556,-4.846405725261479e-05
1,5,0.0014363664358496816,0.0013288981700824577,1.016924483225677e-05
1,6,0.0013287971432970622,0.0014031844031926572,5.702575305689759e-06
1,7,0.001026126682879398,0.001040007263542793,-5.7523295631611827e-05
1,8,0.0006738899798149386,0.0006603220720906622,-2.0274825498099706e-05
1,9,0.0009639052293440594,0.000891434797322394,-4.3442696696541585e-06
1,10,0.0010187444765277476,0.0008831807714212608,7.076733978044168e-06
1,11,0.0010103076692687186,0.0009739750563337267,3.9614180084046915e-05
1,12,0.0006833813879813463,0.000594289864881596,5.3585746486207046e-05
1,13,0.0010820205309704648,0.000949212978630327,1.0006032539428162e-05
1,14,0.0010430002973974557,0.0010152451858393933,0.00011802716781517315
1,15,0.0007044734061289186,0.0008336566160144611,2.4779497919988106e-05
1,16,0.000983942646584253,0.0010069911599382597,2.7069139691843e-05
1,17,0.0009997616601949324,0.0008914347973223941,-8.357547847672983e-06
1,18,0.0013266879414823049,0.0009987371340371266,-4.592797312853478e-05
1,19,0.0012032996353190063,0.0013536602477858574,-2.0097380414036563e-05
1,20,0.0010925665400442512,0.0009574670045314603,-4.488352821166223e-05
1,21,0.001732709290823074,0.001659059206127789,0.00012905496080628233
1,22,0.0021334576356269496,0.0019149340090629202,1.2609326839978881e-05
1,23,0.0028031292118123733,0.004069234769258706,-8.441741462241732e-06
2,0,0.0041002883278880775,0.004927653462976567,-0.000233656790606051
2,1,0.0032966824364655685,0.0028228768581875807,-2.077805987900434e-05
2,2,0.0030129947923807194,0.0025670020552524494,6.0702805870219334e-05
2,3,0.001904609238725789,0.0016755672579300556,2.613799307141328e-05
2,4,0.0018223503679502566,0.0016508051802266556,4.786707690258717e-05
2,5,0.0018244595697650139,0.002113030630690119,6.424084623330155e-05
2,6,0.001810749757969092,0.001840647775952721,-5.627207814999969e-06
2,7,0.0013604351705184207,0.001238103885169992,3.85849520215467e-05
2,8,0.0009153935876046427,0.0009079428491246607,3.0250635427778134e-05
2,9,0.001187480621708327,0.0011225475225541256,2.3725805259971646e-05
2,10,0.0012729032952059952,0.0011225475225541258,4.813959409565892e-05
2,11,0.0012359922634477436,0.0011225475225541258,-2.0112025122848632e-05
2,12,0.0007930598823487228,0.0008171485642121945,6.072365318677963e-05
2,13,0.0011853714198935697,0.0010812773930484593,8.708816342812686e-05
2,14,0.0011632248008386185,0.0009904831081359933,0.00010490431610463364
2,15,0.0008162611023110524,0.0007098462274974619,1.8489479404307788e-05
2,16,0.0011558425944869681,0.0011638176520597922,-7.504853190821344e-06
2,17,0.0011358051772467743,0.00098222908223486,-1.7762940545312637e-05
2,18,0.0014057830095357015,0.0015187407658085231,-5.92854335268969e-05
2,19,0.001435311834942303,0.001279374014675658,-8.996679451125244e-05
2,20,0.0011969720298747346,0.0011060394707518592,-8.883485569011405e-05
2,21,0.0018434423860978289,0.0019149340090629204,-3.620110121021982e-05
2,22,0.0020248337421669518,0.0021873168638003185,9.479429092280798e-05
2,23,0.0028664052662550907,0.004259077364984772,5.622344836200201e-06
3,0,0.0032196965702269284,0.0037473277591145077,-0.0001085763794621333
3,1,0.002755672170980336,0.002253349071009385,4.6278921414517825e-05
3,2,0.0025289329758939327,0.0021212846565912525,2.2884463188365253e-05
3,3,0.001668378635472978,0.0016838212838311886,1.7141286929315787e-05
3,4,0.0018803534178560809,0.0015600108953141897,4.597839375832229e-05
3,5,0.0019921411140382144,0.0017003293356334555,5.233627883587432e-05
3,6,0.0019278104586881188,0.0018158856982493214,7.627610441257276e-05
3,7,0.0015365535220506505,0.0014609625845005902,5.8711630228437716e-06
3,8,0.0010060892656392042,0.0008419106419155944,4.6902042086444755e-05
3,9,0.001465895261256283,0.0014279464808960572,1.5935481427250888e-05
3,10,0.0013899639959250223,0.0014196924549949239,2.6798071094148983e-05
3,11,0.0014036738077209442,0.0012711199887745247,1.682121818070608e-05
3,12,0.000878482555846391,0.0008831807714212608,6.130273594428772e-05
3,13,0.001367817376870071,0.0013206441441813244,8.317794062537354e-06
3,14,0.0013794179868512361,0.0013866763513903906,4.007386213704484e-05
3,15,0.0008679365467726049,0.0008914347973223941,-1.1456746871439515e-05
3,16,0.0013530529641667703,0.001361914273686991,-7.543677462930422e-05
3,17,0.0012475928734289083,0.0013536602477858576,-0.0001088843523174145
3,18,0.0016631056309360849,0.001700329335633455,-8.149298099014462e-05
3,19,0.0015924473701417173,0.0014196924549949239,-1.5631340758403096e-05
3,20,0.0013477799596298774,0.0011968337556643254,3.74146738515001e-05
3,21,0.002021669939444816,0.0018489018018538544,-0.0001237222091201416
3,22,0.0023391048125657806,0.0020469984234810527,-1.3043040545911877e-05
3,23,0.0029676469533634385,0.00440764983120517,-4.777084191592895e-06
4,0,0.0026438844747982025,0.0031612919201340454,-7.819932830565061e-05
4,1,0.0026343930666317943,0.002368905433625251,7.630761855283813e-05
4,2,0.002193569887347531,0.0019314420608651873,4.613396948083376e-05
4,3,0.001484878077589098,0.001279374014675658,1.8820092903415134e-05
4,4,0.0016662694336582206,0.001667313232028922,6.962188478152204e-05
4,5,0.0017875485380067619,0.0015600108953141897,5.306018831565511e-06
4,6,0.0017706749234887042,0.0016260431025232557,2.7682997518070227e-05
4,7,0.0014194928213316234,0.0013123901182801913,3.620529165943602e-05
4,8,0.0009723420366030884,0.00100699115993826,2.476077940005558e-05
4,9,0.0015439357284023007,0.0015269947917096564,4.9563214136737794e-05
4,10,0.00159033816832696,0.0014362005067971905,8.967521887433521e-06
4,11,0.00149858788938502,0.001361914273686991,-2.1430016922246885e-05
4,12,0.001031399687416291,0.0008584186937178608,5.3841860873167675e-05
4,13,0.0014922602839407481,0.0016260431025232557,1.8911270200275344e-05
4,14,0.0014796050730522048,0.0014609625845005904,-1.2023158148593017e-05
4,15,0.0009723420366030882,0.001097785444850726,-3.539432823149482e-05
4,16,0.0014015646059061869,0.0014692166104017235,-1.485539015330681e-05
4,17,0.0013298517442044406,0.0011225475225541258,-0.00011925462437672633
4,18,0.0017168902772123947,0.001576518947116456,4.968714562266795e-05
4,19,0.001617757791918804,0.0016590592061277885,2.7658987438952624e-07
4,20,0.0014827688757743408,0.0014692166104017235,-2.081106974956863e-06
4,21,0.002229426318198404,0.0020965225788878526,-1.667975810415991e-05
4,22,0.00253842438406034,0.00249271582214225,-5.132510759193189e-05
4,23,0.003136383098544018,0.004275585416787037,1.6743747465334454e-06
5,0,0.002092328200239184,0.0024514456926365835,-1.0032113551263747e-05
5,1,0.0025436973885972335,0.0023936675113286504,3.2017152029652825e-05
5,2,0.00210287420931297,0.001906679983161787,-1.4939789275320923e-05
5,3,0.0014026192068135655,0.001271119988774525,1.1843627577157659e-05
5,4,0.0014943694857555054,0.0011720716779609255,6.923817788986917e-06
5,5,0.0015776829574384165,0.0011638176520597922,3.1607259256525994e-05
5,6,0.001665214832750842,0.0015930269989187227,8.36567724615687e-05
5,7,0.001507024696644049,0.0013536602477858576,3.2205851489339345e-05
5,8,0.0009997616601949324,0.000949212978630327,1.899756420050397e-05
5,9,0.0015534271365687084,0.001370168299588124,6.845915460547282e-05
5,10,0.001520734508439971,0.0015352488176107895,4.4277317234579476e-05
5,11,0.0015470995311244367,0.0013454062218847243,1.4978548921683184e-05
5,12,0.0009913248529359036,0.0007841324606076614,7.596042927006944e-05
5,13,0.0014954240866628843,0.0015022327140062565,1.0108122512168788e-05
5,14,0.0016029933792155034,0.00148572466220399,-1.1156539799211656e-05
5,15,0.0010430002973974557,0.0010152451858393933,-4.83099387835974e-05
5,16,0.00149858788938502,0.0016177890766221224,-0.00012321809857731756
5,17,0.0014258204267758954,0.0015847729730175892,-4.5379067466872286e-05
5,18,0.0018107497579690915,0.001543502843511923,0.00010447485241114806
5,19,0.0017611835153222967,0.001576518947116456,2.9396710711911653e-05
5,20,0.0015354989211432716,0.001609535050720989,2.2371271665245034e-05
5,21,0.0024150360778970414,0.0021625547860969186,-2.125009080307361e-05
5,22,0.0027514537673508214,0.0027485906250773818,-1.8294792492093387e-05
5,23,0.0032049321575236284,0.004820351126261834,1.9604876709071382e-05
6,0,0.0016304130028073475,0.002146046734294652,-4.395203337392045e-05
6,1,0.0023085213862518005,0.0021130306306901187,4.36983604267318e-06
6,2,0.0021092018147572415,0.0018158856982493211,-5.451492030053764e-06
6,3,0.001415274417702109,0.0012381038851699915,1.618702718505536e-05
6,4,0.0015249529120694857,0.001328898170082458,2.4563993707517417e-06
6,5,0.0015122977011809422,0.0015269947917096564,2.6985764041839487e-06
6,6,0.0016451774155106483,0.0015187407658085231,5.9509216453578554e-05
6,7,0.0013889093950176434,0.0013206441441813244,-9.856953740174862e-06
6,8,0.000964959830251438,0.0009574670045314602,5.830228009441599e-05
6,9,0.001442694041293953,0.0012381038851699915,-2.606849563585421e-05
6,10,0.00149858788938502,0.0013619142736869907,-3.153062004886396e-05
6,11,0.0014595676558120112,0.0014031844031926572,4.536815305931982e-05
6,12,0.0010124168710834759,0.001040007263542793,3.905436852705853e-06
6,13,0.0014732774676079331,0.0015352488176107897,-2.2067205552069947e-05
6,14,0.0014469124449234677,0.0014692166104017235,-7.238045384877677e-05
6,15,0.0009554684220850305,0.0009327049268280604,-9.780522387620793e-05
6,16,0.0014890964812186124,0.0013536602477858576,-2.0910245353619144e-05
6,17,0.0013952370004619154,0.0012876280405767914,-1.4205420111548357e-05
6,18,0.0019151552477995751,0.0017085833615345886,-5.45558215755812e-06
6,19,0.001726381685378802,0.001749853491040255,-7.1499155473676925e-06
6,20,0.0015977203746786106,0.0014692166104017233,-5.9196166733747704e-06
6,21,0.0024814759350618946,0.002368905433625251,3.403097098699631e-05
6,22,0.0029064801007354785,0.0027568446509785146,4.3820418826755454e-05
6,23,0.0031100180758595526,0.004993685670185634,-1.1149680654559404e-05
7,0,0.0012918861115388104,0.0017663615428425215,-2.088076158496159e-05
7,1,0.0023696882388797606,0.002203824915602585,0.00010449241246940622
7,2,0.00232434039986248,0.002195570889701452,5.82100644018577e-05
7,3,0.001456403853089875,0.001304136092379058,-1.66994863217525e-05
7,4,0.0015217891093473497,0.0014031844031926572,5.6787315752941084e-05
7,5,0.0016314676037147264,0.0014939786881051232,-6.714478058733272e-05
7,6,0.0017337638917304524,0.0017003293356334553,3.0803719757057824e-05
7,7,0.0013751995832217215,0.0012628659628733914,-3.775449442451036e-05
7,8,0.000990270252028525,0.0008336566160144611,6.809115186878137e-05
7,9,0.0014205474222390023,0.0014279464808960572,6.707406710797334e-05
7,10,0.0014469124449234677,0.001279374014675658,6.674666476354349e-05
7,11,0.0016304130028073475,0.001543502843511923,7.146008527686174e-05
7,12,0.0011347505763393958,0.0009079428491246606,5.7822107172322e-05
7,13,0.0015639731456424943,0.0013866763513903906,-1.6817274272028685e-05
7,14,0.0016008841774007463,0.0013454062218847243,-5.367877433028006e-05
7,15,0.0010451094992122132,0.0009822290822348602,-5.8317514713855485e-05
7,16,0.0016399044109737552,0.001361914273686991,6.002691888626637e-07
7,17,0.001548154132031815,0.0015104867399073898,3.0268187068709263e-05
7,18,0.002068072379369475,0.0018241397241504545,1.4215277394856822e-05
7,19,0.0018613706015232654,0.0019479501126674537,1.8400878009835667e-05
7,20,0.0017917669416362765,0.0017911236205459214,1.078757353633845e-05
7,21,0.00271454273559257,0.002880655039495514,2.6620415141123442e-06
7,22,0.0031690757266727553,0.0030457355575181796,4.8327849779737815e-05
7,23,0.00339476032085178,0.005579721509166097,-1.226673387309205e-05
8,0,0.000934376403937458,0.0013619142736869907,-1.4370759246370892e-05
8,1,0.0020997104065908338,0.0020057282939753866,-8.109512314618922e-05
8,2,0.0021534950528671435,0.001898425957260654,3.116911140706235e-05
8,3,0.0014332026331275456,0.0010812773930484595,7.148652665343617e-05
8,4,0.0015006970911997774,0.001543502843511923,2.641918887946292e-05
8,5,0.0016546688236770558,0.0015104867399073898,5.371013356162373e-05
8,6,0.0015787375583457954,0.0015269947917096564,7.982048556298025e-05
8,7,0.0012918861115388104,0.0013454062218847245,6.188332962754912e-05
8,8,0.0009164481885120214,0.0009492129786303269,1.0552551249165132e-05
8,9,0.0013910185968324007,0.0012958820664779247,7.717253937527128e-06
8,10,0.0014637860594415256,0.0012628659628733914,-1.1836681429874367e-05
8,11,0.0014521854494603608,0.0014031844031926572,-3.918169458206282e-06
8,12,0.00100925306836134,0.0009079428491246606,1.3820614511196538e-05
8,13,0.0015196799075325924,0.0013866763513903906,-1.4929893617547725e-05
8,14,0.0014342572340349242,0.001345406221884724,-0.0001398915100393719
8,15,0.001031399687416291,0.0008254025901133278,-8.219973614930317e-05
8,16,0.0015945565719564744,0.0013866763513903906,5.9798418258050894e-05
8,17,0.0015418265265875436,0.001427946480896057,6.250439882256316e-05
8,18,0.0019963595176677286,0.0019066799831617873,3.862741937354728e-05
8,19,0.0018328963770240427,0.001906679983161787,-3.50852404420153e-05
8,20,0.0017654019189518111,0.0014527085585994569,-5.025875605665947e-05
8,21,0.002623847057558008,0.002608272184758116,1.0753281032803467e-05
8,22,0.0029528825406601377,0.003351134515860111,-1.865778725185189e-05
8,23,0.002869569068977227,0.004836859178064101,-9.519207826072501e-06
9,0,0.000756148850590471,0.0010565153153450596,-2.1000302089375794e-05
9,1,0.002065963177554718,0.00203874439757992,6.6607896150972105e-06
9,2,0.0023064121844370436,0.002080014527085586,0.00011958678306190382
9,3,0.0015333897193285145,0.0013123901182801913,8.885562444224245e-05
9,4,0.001624085397363076,0.0015187407658085231,1.1316582573838435e-05
9,5,0.0017284908871935596,0.0015022327140062565,-3.80514598680759e-05
9,6,0.001790712340728898,0.0017993776464470545,0.00011533379195305068
9,7,0.0015059700957366705,0.0013701682995881242,8.419231437347853e-06
9,8,0.0010271812837867765,0.0010730233671473262,2.28805150133962e-05
9,9,0.0015249529120694855,0.0011885797297631919,-4.5326916562370874e-05
9,10,0.0015766283565310378,0.0015187407658085231,-8.657462281217062e-06
9,11,0.00159033816832696,0.0015517568694130564,7.732989087545817e-05
9,12,0.0010619831137302711,0.0009987371340371266,-2.478526669696695e-05
9,13,0.0017379822953599668,0.0015104867399073898,-7.168096557473561e-05
9,14,0.0017168902772123945,0.0020469984234810527,-0.00011543418537621074
9,15,0.0010904573382294939,0.0009904831081359933,2.7825598416081125e-05
9,16,0.0017137264744902588,0.0016260431025232557,5.037398764676756e-05
9,17,0.0016863068508984145,0.001725091413336855,7.128722779100285e-05
9,18,0.002341214014380538,0.002113030630690119,0.0001047428353770781
9,19,0.0021503312501450077,0.0020057282939753866,-3.52167853792413e-06
9,20,0.001960503086816856,0.0019231880349640537,2.6062368783100935e-08
9,21,0.002889606486217421,0.002913671143100047,1.8056734812633858e-05
9,22,0.0032112597629679004,0.0030952597129249794,-3.0669748178377224e-06
9,23,0.002797856207275481,0.004432411908908571,1.3516482630225573e-05
10,0,0.0005494470727442614,0.0006025438907827292,-2.2710205235390763e-05
10,1,0.0016093209846597752,0.0017415994651391216,2.2779388502432265e-05
10,2,0.0020786183884432615,0.002071760501184453,7.527987072885795e-05
10,3,0.0013889093950176434,0.001213341807466592,2.9193569409324914e-05
10,4,0.0015112431002735635,0.0015269947917096564,5.2673312653170655e-05
10,5,0.0016103755855671536,0.0015269947917096564,6.628794021424101e-05
10,6,0.001573464553808902,0.0016260431025232557,2.617686912417926e-05
10,7,0.0013140327305937614,0.0012050877815654585,-2.8303302027171698e-05
10,8,0.0009122297848825069,0.0008749267455201274,-3.583177372485604e-05
10,9,0.0013994554040914296,0.0012298498592688582,-6.520355152080459e-05
10,10,0.0014300388304054096,0.001370168299588124,2.665780145155907e-06
10,11,0.0015217891093473497,0.0013866763513903906,0.00018345080480541376
10,12,0.0010546009073786207,0.0010317532376416597,1.5503760484963496e-05
10,13,0.0015945565719564744,0.0014114384290937905,-9.891507068520913e-05
10,14,0.001573464553808902,0.0012298498592688584,7.496215984359054e-05
10,15,0.0010366726919531842,0.0009739750563337268,7.872931037626826e-05
10,16,0.0015703007510867663,0.0012546119369722581,5.909189104050716e-05
10,17,0.0015840105628826882,0.0014196924549949239,6.728350530741108e-05
10,18,0.0021471674474228715,0.001873663879557254,-3.250555769560946e-05
10,19,0.0020206153385374376,0.0018323937500515878,4.014938062659685e-05
10,20,0.004020138658927303,0.001700329335633455,2.0848472610590384e-06
10,21,0.002616464851206358,0.002550494003450183,3.9660017975344484e-06
10,22,0.00283687644084849,0.003029227505715913,-5.600029990343649e-06
10,23,0.002235753923642676,0.0036400254223997756,-2.1034141541376568e-06
11,0,0.0004155127575071766,0.0004374633727600637,2.937667732257475e-05
11,1,0.0012528658779658013,0.0014527085585994569,9.367663801049948e-06
11,2,0.0017886031389141408,0.0018076316723481878,3.845032668313413e-05
11,3,0.005857253439580859,0.0014114384290937905,0.003157138417501358
11,4,0.0017400914971747242,0.0012463579110711248,0.0001771972203232919
11,5,0.0015534271365687082,0.0016095350507209893,-2.0145560150771546e-05
11,6,0.0015850651637900669,0.0013866763513903906,2.9066408947438944e-05
11,7,0.0012908315106314318,0.0012381038851699917,-4.413486502611153e-06
11,8,0.0009122297848825069,0.000685084149794062,-8.005933398216912e-06
11,9,0.0013351247487413337,0.0011473096002575255,4.953436339466838e-05
11,10,0.001393127798647158,0.0012876280405767914,-2.9480618031546847e-05
11,11,0.0013572713677962847,0.0012958820664779244,0.00010780119538592542
11,12,0.0009639052293440594,0.0010895314189495926,-1.4279332987771684e-05
11,13,0.0017675111207665682,0.0012958820664779244,-3.273889574554287e-05
11,14,0.0017474737035263746,0.0014279464808960572,-3.510788357559623e-05
11,15,0.0010145260728982332,0.0008501646678167275,2.844056195594613e-05
11,16,0.0014975332884776414,0.001452708558599457,1.0105151251400675e-05
11,17,0.0014996424902923987,0.001394930377291524,8.553919023917308e-05
11,18,0.0019457386741135551,0.0019562041385685867,0.00013158210964045366
11,19,0.0019056638396331674,0.001659059206127789,0.00010652758513323684
11,20,0.0016873614518057932,0.0015517568694130564,8.331792374089989e-06
11,21,0.0024709299259881084,0.00251747789984565,-5.499589691586234e-06
11,22,0.0023507054225469456,0.0024514456926365835,2.0502708609662316e-05
11,23,0.0018181319643207421,0.002814622832286448,8.17182609457124e-06
12,0,0.0003807109275636821,0.00042095532095779716,2.0036601831135914e-05
12,1,0.0014110560140725946,0.0016425511543255223,4.84206593728027e-05
12,2,0.0021619318601261723,0.002129538682492386,6.434424609755551e-05
12,3,0.0015840105628826882,0.0015600108953141895,-2.3680389992287545e-06
12,4,0.001836060179746179,0.0016673132320289218,1.742722947478093e-05
12,5,0.0019204282523364682,0.00198922024217312,1.1892595594543778e-05
12,6,0.0019742128986127783,0.0017333454392379883,-3.840092724005201e-05
12,7,0.0016145939891966683,0.0016590592061277887,-5.467695828181072e-05
12,8,0.0011642794017459974,0.0010812773930484593,-7.311693840697181e-05
12,9,0.0016314676037147264,0.0013041360923790578,6.755452993592958e-05
12,10,0.0016609964291213278,0.0016177890766221224,-5.387005175413166e-06
12,11,0.0017643473180444325,0.0015847729730175894,0.00011963207910834497
12,12,0.001257084281595316,0.0011885797297631919,-8.99195572321554e-06
12,13,0.0018012583498026842,0.0014362005067971903,-9.408002365545689e-05
12,14,0.0018371147806535574,0.0018736638795572543,4.657594588255906e-05
12,15,0.0012739578961133737,0.0011473096002575255,5.1457662234894105e-05
12,16,0.0019162098487069538,0.0017993776464470545,6.918034469078992e-05
12,17,0.0019594484859094775,0.0018323937500515875,7.298132351711635e-05
12,18,0.0024466741051184,0.0023689054336252504,0.0001813962286816451
12,19,0.002241026928179569,0.0020717605011844526,0.00015540709822085418
12,20,0.002010069329463651,0.0019974742680742533,6.220652960651761e-05
12,21,0.0028674598671624696,0.003053989583419313,1.8287040675237788e-05
12,22,0.002633338465724416,0.0032851023086510446,1.9634602690264474e-05
12,23,0.0017474737035263746,0.003029227505715913,4.820932794859679e-06
13,0,0.00024255820869708279,0.000297144932440798,-7.139132263932988e-06
13,1,0.0010894027373221152,0.0013123901182801913,6.085897899315501e-06
13,2,0.0018360601797461787,0.0017333454392379883,4.300248089174655e-05
13,3,0.0015112431002735635,0.00148572466220399,-6.267839155270625e-05
13,4,0.001678924644546764,0.0017168373874357219,-1.8194076839566403e-05
13,5,0.001890899426929867,0.0018571558277549875,6.9200964262402655e-06
13,6,0.0018476607897273435,0.0018654098536561208,-6.711839420721704e-05
13,7,0.0015692461501793876,0.0014114384290937905,3.598944682670018e-05
13,8,0.0010693653200819213,0.0008006405124099279,-1.7772960222432547e-05
13,9,0.0016145939891966683,0.001543502843511923,8.017552161965975e-05
13,10,0.0017306000890083164,0.0014279464808960572,-2.902496436966532e-05
13,11,0.0016198669937335613,0.0014031844031926572,5.373227661872449e-05
13,12,0.0010851843336926008,0.0011390555743563922,-2.5462561483618925e-05
13,13,0.0017717295243960826,0.0016177890766221224,-0.0001347314716701208
13,14,0.0017495829053411317,0.0015022327140062565,-8.176627879351326e-06
13,15,0.0012191186489296855,0.0010647693412461927,4.2044098885256075e-05
13,16,0.001799149147987927,0.00201398231987652,7.958303513962232e-05
13,17,0.0018118043588764704,0.0017993776464470545,0.00015583778766386412
13,18,0.002422418284248692,0.002203824915602585,0.0003386321468456502
13,19,0.002115529420201513,0.002187316863800319,0.00010140670244944084
13,20,0.0018371147806535574,0.0018654098536561208,-4.38788688943102e-06
13,21,0.002390780257027333,0.002864146987693247,5.4169584815435694e-08
13,22,0.0021355668374417073,0.002253349071009385,-6.163676011429415e-06
13,23,0.0012602480843174517,0.0020635064752833193,-1.6450456162610918e-07
14,0,0.00020564717693883104,0.00023936675113286505,-1.149033278644599e-05
14,1,0.0010851843336926008,0.0012050877815654585,-1.3658834967567018e-05
14,2,0.0019478478759283125,0.0019396960867663203,-3.867176421507479e-05
14,3,0.0015861197646974455,0.0016425511543255223,1.1797771198510856e-05
14,4,0.0019119914450774394,0.0020057282939753866,9.463662737486139e-05
14,5,0.002213607304587725,0.0018819179054583874,7.547812336779115e-05
14,6,0.0022041158964213174,0.002080014527085586,-3.163892361349123e-05
14,7,0.001887735624207731,0.0017415994651391216,4.1727167122952794e-05
14,8,0.0012697394924838592,0.0011225475225541256,-1.922573390962147e-05
14,9,0.0019889773113160787,0.0019974742680742533,-1.709068092428789e-05
14,10,0.001979485903149671,0.0017333454392379883,1.5484649551172346e-05
14,11,0.0020332705494259806,0.0017168373874357217,3.6676528748021745e-05
14,12,0.001289776909724053,0.0010482612894439263,-4.160384811850732e-05
14,13,0.0020575263702956887,0.0018406477759527209,-1.969023440016497e-05
14,14,0.0020533079666661745,0.0020965225788878526,6.860324682483757e-05
14,15,0.0013730903814069642,0.0014362005067971905,0.00012162583627285418
14,16,0.002082836792072776,0.0020882685529867192,0.0002598981878431691
14,17,0.002125020828367921,0.002104776604788986,0.00015498729077597728
14,18,0.002688177712908104,0.0028063688063853145,0.0003651870234561324
14,19,0.0023074667853444225,0.002344143355921851,0.0002177362270218562
14,20,0.0019752674995201567,0.0020882685529867192,8.765315201063141e-05
14,21,0.002508895558653739,0.0027485906250773813,4.515751305020432e-05
14,22,0.002062799374832582,0.002608272184758116,1.4276654175413814e-05
14,23,0.0010472187010269703,0.0018241397241504542,-6.957673857218106e-06
15,0,0.0001782275533469869,0.00016508051802266557,-9.406145904202722e-06
15,1,0.0008426261249955179,0.0009079428491246606,2.0510849745402415e-05
15,2,0.001646232016418027,0.001634297128424389,-7.638876459828576e-06
15,3,0.001435311834942303,0.0014692166104017233,6.532842685355636e-06
15,4,0.001848715390634722,0.0021460467342946524,1.1039308871790495e-05
15,5,0.0021123656174793773,0.0020635064752833193,4.5609996847302705e-05
15,6,0.0022758287581230636,0.0020882685529867192,2.0769589955808683e-05
15,7,0.0018118043588764704,0.0018076316723481878,-4.443519997483871e-05
15,8,0.0012950499142609462,0.001221595833367725,-1.7450808002211018e-05
15,9,0.0019868681095013213,0.0018819179054583874,9.538017835611652e-05
15,10,0.0019784313022422925,0.0018241397241504542,0.00012089628001655934
15,11,0.0020459257603145245,0.0019727121903708534,0.0001402317984317832
15,12,0.0013287971432970622,0.0011473096002575255,-8.331815983659084e-06
15,13,0.002062799374832582,0.0017993776464470543,-8.958679981683153e-05
15,14,0.0021081472138498626,0.0019974742680742533,-2.634979838271031e-05
15,15,0.0013962916013692938,0.0012628659628733914,0.0002502508177222606
15,16,0.002090218998424426,0.001906679983161787,0.00034856167861375585
15,17,0.002165095662848308,0.0018406477759527209,0.00019166347678052637
15,18,0.0025932636312440286,0.0025752560811535827,0.00039531769586742457
15,19,0.0022927023726411217,0.0023523973818229842,0.0002607812489676008
15,20,0.001760128914414918,0.0019149340090629206,1.2907474250543879e-05
15,21,0.002175641671922094,0.0024514456926365835,9.157941821441091e-05
15,22,0.001581901361067931,0.0018489018018538542,-5.929522714233482e-06
15,23,0.0007614218551273642,0.001130801548455259,1.01328609046666e-05
16,0,0.00010756929255261932,0.0001898425957260654,4.377848605785716e-06
16,1,0.0007635310569421214,0.0009244509009269271,3.5331103975555473e-06
16,2,0.0014353118349423027,0.0017003293356334553,4.5597557662044625e-06
16,3,0.001449021646738225,0.0015517568694130561,-7.069410293480522e-05
16,4,0.0019035546378184105,0.0018076316723481876,2.972593208622616e-05
16,5,0.0022948115744558786,0.002113030630690119,4.2416865556254134e-05
16,6,0.002475148329617623,0.0024844617962411168,5.652848212459718e-06
16,7,0.002068072379369475,0.0018819179054583874,6.655888786074058e-05
16,8,0.0014479670458308462,0.001304136092379058,4.474122248639735e-05
16,9,0.0021809146764589877,0.002170808811998052,2.9603064453065194e-05
16,10,0.0022188803091246177,0.002055252449382186,0.00011557268274438655
16,11,0.0021566588555892788,0.0021377927083935187,2.822700075708586e-05
16,12,0.0014669498621636616,0.0013123901182801913,-6.02274978014416e-05
16,13,0.0022610643454197632,0.002030490371678786,-6.2057535896301265e-06
16,14,0.00232434039986248,0.0020882685529867197,0.00014155741638436774
16,15,0.001484878077589098,0.0013454062218847243,0.00020527116150995377
16,16,0.002137676039256464,0.002129538682492386,0.00025401053782307247
16,17,0.0020005779212972433,0.002088268552986719,0.00026788607307354456
16,18,0.0026523212820572313,0.0026330342624615154,0.00046743285784586167
16,19,0.0021956790891622885,0.0021460467342946524,9.897458692835045e-05
16,20,0.0017168902772123945,0.0017828695946447881,8.235937875627542e-05
16,21,0.001940465669576662,0.002022236345777653,1.1731727403217013e-06
16,22,0.0012750124970207523,0.0017168373874357217,-7.816368140631054e-07
16,23,0.0005494470727442614,0.0009574670045314603,-1.614578359717589e-05
17,0,8.436807259028966e-05,0.00015682649212153227,6.983067235507784e-06
17,1,0.0006042863199279497,0.0007923864865087947,3.3633624044731e-05
17,2,0.0012127910434854138,0.0014031844031926572,8.564539426067486e-05
17,3,0.0012718486942986168,0.0012050877815654587,3.5242176743002496e-05
17,4,0.0016915798554353078,0.001725091413336855,-3.6877683953550025e-05
17,5,0.0021482220483302504,0.0018571558277549875,-2.251383214088489e-06
17,6,0.002266337349956656,0.002558748029351316,8.162020617890932e-05
17,7,0.0019837043067791856,0.0018901719313595207,8.947524440465868e-06
17,8,0.0014732774676079331,0.00151048673990739,-2.265768774930889e-05
17,9,0.002086000594794912,0.0017911236205459212,8.251999649073524e-05
17,10,0.0021429490437933573,0.0018571558277549875,8.40904907568005e-05
17,11,0.002151385851052386,0.0018654098536561208,2.4792132189239727e-05
17,12,0.0014184382204242448,0.0013784223254892573,-7.00305916918584e-05
17,13,0.002377070445231411,0.00198922024217312,1.924259668104443e-05
17,14,0.0022842655653820924,0.002203824915602585,0.00021560855945966696
17,15,0.0013583259687036634,0.0014114384290937905,0.0002203585363266922
17,16,0.0020986558056834553,0.002030490371678786,0.000539438502595505
17,17,0.00207967298935064,0.002286365174613918,0.00043887755637955235
17,18,0.002314848991696072,0.0025092238739445167,0.00041470540587357934
17,19,0.001990031912223457,0.0021460467342946524,0.00030326720771658023
17,20,0.0014585130549046323,0.0013536602477858576,0.00018286996570859865
17,21,0.0015513179347539509,0.0017828695946447881,-8.025484458370855e-06
17,22,0.0008974653721792061,0.0011720716779609255,-1.0447444878186888e-05
17,23,0.0003680557166751386,0.0006603220720906623,9.283272110925647e-06
18,0,6.854905897961035e-05,9.904831081359934e-05,3.6951522073021288e-06
18,1,0.0005536654763737759,0.0005612737612770629,-1.1956173988683069e-05
18,2,0.0012243916534665786,0.001394930377291524,-6.262116681884161e-07
18,3,0.0012423198688920152,0.001279374014675658,-2.858185407233447e-05
18,4,0.001751692107155889,0.0019479501126674537,4.021030840539383e-05
18,5,0.0022568459417902486,0.0021377927083935187,-2.4068405351850566e-05
18,6,0.0027229795428515987,0.0026330342624615154,0.0001292877796712184
18,7,0.0022695011526787916,0.0022120789415037184,7.616336580914197e-05
18,8,0.0015945565719564744,0.0013454062218847243,-3.7424122021598635e-05
18,9,0.0023812888488609256,0.002344143355921851,0.00012671288319277896
18,10,0.002471984526895487,0.0023028732264161844,-2.2882955083228737e-05
18,11,0.0025215507695422823,0.0020552524493821864,8.522224735288963e-05
18,12,0.0016314676037147264,0.0014692166104017233,-7.062308020616176e-05
18,13,0.002527878374986554,0.0024762077703399834,9.47959189997301e-05
18,14,0.0024445649033036426,0.002393667511328651,0.000383851578682759
18,15,0.0015523725356613297,0.0015022327140062565,0.00033380782519280274
18,16,0.0022811017626599567,0.0022533490710093845,0.0005944574965103329
18,17,0.0021988428918844243,0.0021790628378991856,0.0006988742406250955
18,18,0.00257639001672597,0.0026660503660660487,0.0005877854955527382
18,19,0.002030106746703845,0.002129538682492386,0.00042535199240980643
18,20,0.0014448032431087104,0.001667313232028922,0.00016194377401263784
18,21,0.0014163290186094875,0.0015847729730175894,5.637249084832563e-05
18,22,0.0007424390387945489,0.0009409589527291937,1.0447586475300895e-05
18,23,0.0002299029978085393,0.00042095532095779716,5.084077040779057e-07
19,0,5.694844899844552e-05,9.079428491246605e-05,5.026869125648911e-06
19,1,0.0004872256192089228,0.000594289864881596,3.426133446816652e-06
19,2,0.0011779892135419193,0.0013041360923790578,-2.8210546645562315e-05
19,3,0.0011558425944869681,0.001188579729763192,2.031405706431128e-05
19,4,0.0016894706536205503,0.0017993776464470543,7.92964967212097e-05
19,5,0.0023760158443240325,0.0022203329674048517,-4.003690036030713e-05
19,6,0.0029054254998280996,0.002690812443769448,-7.045327287635996e-06
19,7,0.002453001710562672,0.002410175563130917,-3.461812093643227e-05
19,8,0.0017675111207665684,0.0015269947917096564,5.672970619449553e-05
19,9,0.0026565396856867455,0.0024101755631309174,2.8454172256643447e-05
19,10,0.0027556721709803356,0.0027403365991762484,-8.519473020303818e-06
19,11,0.002674467901112182,0.002476207770339983,2.808096967254029e-05
19,12,0.001846606188819965,0.001873663879557254,-3.8019188586256626e-05
19,13,0.00284425864720014,0.002641288288362649,-0.00011389284016534063
19,14,0.0027155973364999483,0.0027733527027807812,0.0003820708173392204
19,15,0.0017506375062485103,0.0018654098536561208,0.00021594332888252854
19,16,0.002432964293322478,0.00256700205525245,0.0004624940502306008
19,17,0.002290593170826364,0.0022450950451082517,0.0006188838679198495
19,18,0.002642829873890823,0.0025917641329558493,0.0004355735446344162
19,19,0.0019647214904463706,0.0018901719313595207,0.00034836720915093
19,20,0.0012750124970207525,0.0016755672579300553,0.00015225923847436105
19,21,0.001175880011727162,0.0013784223254892573,7.612289495546485e-05
19,22,0.0005631568845401835,0.000685084149794062,1.1288704362723943e-05
19,23,0.00013077051251494896,0.0002888909065396647,4.6864460166778427e-07
20,0,4.7457040832037936e-05,4.952415540679967e-05,1.2208213172794232e-06
20,1,0.00036278271213824553,0.00047873350226573016,-1.1016112537916907e-05
20,2,0.000953359220270273,0.0012628659628733914,3.438111738880021e-05
20,3,0.0009343764039374579,0.0010565153153450596,2.684124126885807e-05
20,4,0.0015270621138842428,0.0014527085585994569,1.245751845023434e-05
20,5,0.0020680723793694753,0.001898425957260654,-6.015460582541823e-05
20,6,0.002616464851206358,0.002459699718537717,-0.00012699203557456283
20,7,0.0024445649033036426,0.0023111272523173177,-8.686628357371286e-05
20,8,0.0017189994790271516,0.0016838212838311886,3.603318205078978e-05
20,9,0.0026649764929457744,0.002558748029351316,6.941285257397575e-05
20,10,0.0027619997764246076,0.0025422399775490495,9.864297104949702e-05
20,11,0.0027366893546475206,0.002476207770339983,1.5003460797367357e-05
20,12,0.0018276233724871496,0.0015930269989187227,-1.6737083369054803e-05
20,13,0.0026597034884088813,0.002608272184758116,0.00018508878104244727
20,14,0.0026575942865941244,0.002674304391967182,0.0002805598367741931
20,15,0.00165150502095492,0.0017746155687436548,0.0004348740599133756
20,16,0.0023253950007698586,0.0025257319257467833,0.0005592676578827608
20,17,0.0021366214383490858,0.002022236345777653,0.0002310459209964292
20,18,0.002413981476989663,0.0024184295890320503,0.000497775741128472
20,19,0.0016198669937335613,0.0017415994651391218,0.0002560988932754759
20,20,0.0009765604402326028,0.0013206441441813246,7.840133050327223e-06
20,21,0.0008173157032184311,0.0008088945383110612,1.0868833462783451e-05
20,22,0.00037543792302678896,0.0003631771396498643,-9.130013089494587e-06
20,23,9.069567803456138e-05,0.00011555636261586589,-1.9875763645316974e-07
21,0,2.6365022684465518e-05,6.603220720906622e-05,-2.507362169595021e-06
21,1,0.00030794346495455725,0.0006273059684861292,-1.2588392655889774e-05
21,2,0.0008141519004962952,0.0010234992117405264,8.6937234669278e-06
21,3,0.0009059021794382352,0.0009079428491246606,2.198383766887457e-05
21,4,0.0013720357804995855,0.0012711199887745247,8.383397872878704e-06
21,5,0.0021397852410712215,0.0017911236205459212,4.26265502293691e-05
21,6,0.0028579684589960623,0.002558748029351316,0.00014296213399715246
21,7,0.00253842438406034,0.0024762077703399834,4.2601207416293106e-05
21,8,0.0019615576877242344,0.0019974742680742533,-3.3876054794464504e-05
21,9,0.003111072676766931,0.0030209734798147796,2.8020763501219624e-05
21,10,0.0030509604250463494,0.003078751661122713,5.4404790311225374e-05
21,11,0.003141656103080911,0.0028558929617921143,-5.000950155651012e-05
21,12,0.002091273599331805,0.0020635064752833193,-1.4264765752675378e-05
21,13,0.0030267046041766417,0.003144783868331779,0.00024576991004188783
21,14,0.0029634285497339243,0.002798114780484181,0.00044291139973758043
21,15,0.00180442215252482,0.0017581075169413882,0.00036100646018962445
21,16,0.0026080280439473294,0.0027073204955717148,0.0005188270547478726
21,17,0.0021060380120351057,0.002344143355921851,0.000240352011688576
21,18,0.0023338318080288875,0.0023606514077241176,0.0004401319506461134
21,19,0.0015724099529015236,0.0017085833615345886,0.0001753266546356699
21,20,0.0009048475785308565,0.0011060394707518592,8.854905862834e-07
21,21,0.0006675623743706669,0.0008914347973223941,5.939042632044546e-05
21,22,0.000261541025029898,0.0003879392173532641,-1.806362514752462e-06
21,23,3.691103175825173e-05,0.00010730233671473262,-1.0502615160863894e-06
22,0,2.952882540660138e-05,4.952415540679967e-05,-2.988838117596801e-06
22,1,0.0002636502268446552,0.00046222545046346354,-6.19230081731408e-07
22,2,0.0006992004015920254,0.0010565153153450596,2.8712832080178697e-05
22,3,0.0007688040614790145,0.000742862331101995,-1.7049007077943912e-05
22,4,0.001276067097928131,0.0012876280405767914,-1.4591819556728075e-05
22,5,0.0020417073566850095,0.0018241397241504542,1.5471341422469464e-05
22,6,0.002830548835404218,0.002880655039495514,5.0430208020562246e-05
22,7,0.0026660310938531532,0.0027238285473739814,-9.252831805519334e-05
22,8,0.001897227032374139,0.001997474268074253,-1.6829884816017368e-05
22,9,0.0032597714047073166,0.0032025620496397116,0.00013326638542063892
22,10,0.0034495995680354683,0.00345018282667371,8.521649932005966e-05
22,11,0.003575097076013524,0.0036152633446963757,-7.218814327060176e-05
22,12,0.0022990299780853932,0.002360651407724117,-8.841652473202629e-05
22,13,0.0033662860963525575,0.0037143116555099754,0.00010404064904582509
22,14,0.003185949341190813,0.0033676425676623773,0.0005200744715414973
22,15,0.0019193736514290897,0.0019562041385685867,0.00032924023365682713
22,16,0.0025932636312440286,0.0029797033503091135,0.00034498265088088226
22,17,0.0021345122365343284,0.002368905433625251,0.000130913139506316
22,18,0.002129239231997435,0.0024596997185377164,0.00022642405525696702
22,19,0.0012581388825026944,0.0015352488176107897,3.3847922223491715e-05
22,20,0.0006970911997772682,0.0008336566160144611,5.469552448342882e-06
22,21,0.00042500416567358416,0.000594289864881596,9.262820368686578e-05
22,22,0.00014026192068135657,0.00011555636261586589,2.6948916373087357e-06
22,23,2.741962359184414e-05,3.301610360453311e-05,-1.7554129988230925e-06
23,0,1.8982816332815174e-05,2.4762077703399834e-05,1.3500825369903812e-06
23,1,0.00021513858510523862,0.00034666908784759766,-1.4073782061903385e-05
23,2,0.0006232691362607649,0.0009327049268280604,6.848249211025214e-05
23,3,0.0006148323290017358,0.0007181002533985951,3.6965207479321886e-05
23,4,0.000964959830251438,0.0009244509009269271,4.9912363350265876e-05
23,5,0.0017474737035263746,0.001634297128424389,5.389919560544581e-05
23,6,0.0027546175700729576,0.0025422399775490495,6.579266454857892e-05
23,7,0.0027598905746098502,0.002600018158856982,7.788965334243074e-06
23,8,0.0021534950528671435,0.0020635064752833193,5.80194606029142e-05
23,9,0.0035170940261077003,0.0037225656814111083,-0.00012078382334408994
23,10,0.0037385602166572105,0.004036218665654173,8.989562300134495e-05
23,11,0.004055995089778176,0.004622254504634635,-8.781161298420004e-06
23,12,0.0026417752729834447,0.0028393849099898477,1.6304625139189107e-05
23,13,0.0038292558946917713,0.004036218665654173,0.00037240411815873145
23,14,0.0034358897562395464,0.003598755292894109,0.0005010226542885473
23,15,0.0020838913929801545,0.0022863651746139178,0.00021949864653540848
23,16,0.002574280814911213,0.003144783868331779,7.02038569380259e-05
23,17,0.0019130460459848178,0.0022698571228116516,-1.4467620758032238e-05
23,18,0.0016609964291213275,0.0017415994651391216,5.770223397333932e-05
23,19,0.0007983328868856159,0.0010895314189495928,9.66664005573696e-06
23,20,0.00036383731304562414,0.000445717398661197,-6.13281634318289e-05
23,21,0.0001782275533469869,0.0002146046734294652,-3.6433285467814895e-05
23,22,5.905765081320276e-05,8.254025901133278e-06,3.7624718731294956e-06
23,23,5.273004536893104e-06,2.4762077703399834e-05,-4.5181116197053914e-07
