batter,delta_obs,delta_pred,denom_L,denom_R,prior_pa,stand,weight,stratum,delta_route_a
444482,-0.019829059829059803,-0.040371628876771704,26.0,234.0,846.0,L,46.8,high,-0.02646739235162382
453568,-0.013989464522926098,-0.034024046485488235,114.0,383.0,1619.0,L,175.7022132796781,high,-0.02646739235162382
455117,-0.11582684780105919,0.014542855136339683,43.0,101.0,880.0,R,60.31944444444444,high,0.014940144761076635
456781,0.04071346170911355,0.0171400727597269,118.0,191.0,583.0,R,145.87702265372167,high,0.014940144761076635
457705,-0.01830310117315992,0.013218056757154761,141.0,373.0,1282.0,R,204.64202334630352,high,0.014940144761076635
457759,0.004019124398973339,0.012095406640809103,139.0,398.0,1360.0,R,206.0409683426443,high,0.014940144761076635
467793,0.09202468582984258,-0.0045534770043930695,161.0,430.0,1624.0,L,234.28087986463623,high,-0.02646739235162382
493329,-0.16428460038986356,0.011738755192003403,27.0,38.0,1103.0,R,31.56923076923077,high,0.014940144761076635
500743,-0.03549511788521076,0.017997102514254792,114.0,221.0,921.0,R,150.41194029850746,high,0.014940144761076635
502054,-0.00022328597177034837,0.01876932733687453,119.0,359.0,1084.0,R,178.74895397489541,high,0.014940144761076635
502110,0.06526382559428501,0.017892345073926785,138.0,353.0,1231.0,R,198.42769857433808,high,0.014940144761076635
502671,0.06892223135791536,0.01757722769925474,163.0,485.0,1250.0,R,243.99691358024688,high,0.014940144761076635
514888,0.09787928299308701,0.019991817468501927,169.0,511.0,1374.0,R,253.99705882352944,high,0.014940144761076635
516782,0.07960201068616424,0.013834141779144382,112.0,254.0,1076.0,R,155.45355191256832,high,0.014940144761076635
518595,0.08286255411255411,0.01896501962635533,77.0,264.0,612.0,R,119.2258064516129,high,0.014940144761076635
518692,-0.056037122534184525,-0.03858520496280238,223.0,406.0,1584.0,L,287.879173290938,high,-0.02646739235162382
518735,-0.06405599775259857,-0.010065301413864414,59.0,181.0,896.0,L,88.99166666666667,high,-0.02646739235162382
518792,-0.09495747171283653,-0.03389982663880459,22.0,233.0,847.0,L,40.20392156862745,high,-0.02646739235162382
518934,-0.05678848384424193,0.015456942163563692,85.0,142.0,1375.0,R,106.34361233480176,high,0.014940144761076635
519203,-0.042830230660832136,-0.0361689632454682,97.0,278.0,1352.0,L,143.81866666666667,high,-0.02646739235162382
519317,-0.042315001590113976,0.022207954399637908,138.0,319.0,884.0,R,192.65645514223195,high,0.014940144761076635
521692,0.027704997870981518,0.00863343191631627,154.0,488.0,1103.0,R,234.11838006230528,high,0.014940144761076635
527038,0.0038234063328219103,0.00934032011348751,107.0,134.0,1178.0,R,118.98755186721993,high,0.014940144761076635
541645,0.16625641025641028,0.008790691748059687,39.0,12.0,951.0,R,18.352941176470587,high,0.014940144761076635
542194,0.05038130997079682,0.016811879150543718,51.0,94.0,301.0,R,66.12413793103448,medium,0.014940144761076635
542303,-0.0015848853952741826,0.020965857416757605,162.0,523.0,987.0,R,247.37518248175184,high,0.014940144761076635
542932,-0.06385815047021942,0.012514025031632514,29.0,44.0,437.0,R,34.95890410958904,medium,0.014940144761076635
543063,0.013433465085638974,-0.0321270492301442,11.0,69.0,1232.0,L,18.975,high,-0.02646739235162382
543228,-0.11213951734539972,0.010789803271755438,17.0,78.0,890.0,R,27.915789473684214,high,0.014940144761076635
543257,0.08152100840336135,-0.011851949237119741,126.0,119.0,1040.0,R,122.40000000000002,high,0.014940144761076635
543305,0.09412148337595908,0.002811294911846174,17.0,46.0,898.0,L,24.825396825396826,high,-0.02646739235162382
543309,-0.0032597540711200024,0.01896093190118403,85.0,177.0,272.0,R,114.8473282442748,medium,0.014940144761076635
543510,-0.024994886545222084,0.018449250561164865,84.0,149.0,947.0,R,107.43347639484979,high,0.014940144761076635
543685,-0.0017009803921568811,0.011496805247937003,34.0,204.0,896.0,R,58.28571428571428,high,0.014940144761076635
543760,0.04179084299385777,0.014248742721322538,173.0,543.0,1517.0,R,262.3994413407821,high,0.014940144761076635
543807,-0.03817179487179484,0.011959099962168984,145.0,468.0,1275.0,R,221.40293637846656,high,0.014940144761076635
543877,-0.014421788810086683,0.014821777508659317,94.0,216.0,742.0,R,130.99354838709678,high,0.014940144761076635
545121,0.02064525486945712,-0.0024760807710454413,127.0,171.0,321.0,L,145.751677852349,medium,-0.02646739235162382
545341,0.05317322654462242,0.01716450847603679,184.0,95.0,1238.0,R,125.30465949820787,high,0.014940144761076635
545361,-0.17537962962962964,0.009824328733267995,17.0,108.0,1080.0,R,29.376,high,0.014940144761076635
547180,0.013524898282097741,-0.04473159102545449,224.0,395.0,1479.0,L,285.8804523424879,high,-0.02646739235162382
547989,0.012475415174210358,0.011365253338554482,37.0,83.0,1279.0,R,51.18333333333334,high,0.014940144761076635
553869,-0.04060495847971901,0.01727903109424811,101.0,248.0,664.0,R,143.54154727793696,high,0.014940144761076635
553993,0.008579238130460853,0.014204166073736701,194.0,446.0,1236.0,R,270.3875,high,0.014940144761076635
570482,-0.09597836051593645,0.013796217272661393,106.0,354.0,679.0,R,163.1478260869565,high,0.014940144761076635
571448,-0.04632092593598869,0.015374210156629986,154.0,478.0,1320.0,R,232.94936708860757,high,0.014940144761076635
571466,-0.1533508064516129,-0.03035112507687271,32.0,62.0,551.0,L,42.212765957446805,high,-0.02646739235162382
571657,0.07942631651502619,0.009497442617209972,117.0,124.0,551.0,R,120.39834024896265,high,0.014940144761076635
571745,-0.086326668320516,0.02184309588341221,145.0,278.0,754.0,R,190.59101654846336,high,0.014940144761076635
571771,0.016937724014336908,0.019445155682905224,144.0,248.0,1342.0,R,182.20408163265307,high,0.014940144761076635
571912,0.07937193898032918,0.014538096133438205,47.0,106.0,306.0,R,65.12418300653594,medium,0.014940144761076635
571970,-0.05577361042793899,-0.034627013906426474,76.0,214.0,861.0,L,112.1655172413793,high,-0.02646739235162382
572138,-0.13241010345087967,-0.028787462258887397,82.0,323.0,36.0,L,130.79506172839504,low,-0.02646739235162382
572191,0.0370420544292972,0.014569858847723383,103.0,193.0,888.0,R,134.31756756756758,high,0.014940144761076635
572233,-0.018590986394557807,0.012175038333571364,156.0,392.0,751.0,R,223.18248175182484,high,0.014940144761076635
572761,0.0036646177487514864,-0.03547932929984349,19.0,137.0,918.0,L,33.371794871794876,high,-0.02646739235162382
573262,-0.024592852156917477,-0.03237564769094736,95.0,377.0,512.0,L,151.7584745762712,high,-0.02646739235162382
575929,0.013044943820224697,0.014399670084656868,89.0,267.0,850.0,R,133.5,high,0.014940144761076635
578428,0.10692157894736842,0.012870956829172775,100.0,190.0,930.0,R,131.03448275862067,high,0.014940144761076635
592178,-0.17826847826086956,0.017093798795018766,40.0,115.0,1031.0,R,59.354838709677416,high,0.014940144761076635
592192,0.04160627556690544,0.014033236736646193,127.0,333.0,1197.0,R,183.87391304347827,high,0.014940144761076635
592200,0.006531163816878127,0.014434363285886986,49.0,74.0,461.0,R,58.95934959349594,high,0.014940144761076635
592206,0.040357215892491916,0.015237331570866042,168.0,489.0,1196.0,R,250.08219178082194,high,0.014940144761076635
592273,-0.03800714285714285,0.017841607145000493,80.0,280.0,829.0,R,124.44444444444443,high,0.014940144761076635
592325,0.005975000000000008,-0.04206592980187479,18.0,80.0,513.0,L,29.38775510204082,high,-0.02646739235162382
592450,0.0327116985376828,0.022715066937325723,175.0,508.0,874.0,R,260.3221083455344,high,0.014940144761076635
592518,0.0021167875942523784,0.016473402965227812,142.0,495.0,1423.0,R,220.69073783359497,high,0.014940144761076635
592626,-0.04545488721804508,-0.042022350424748,42.0,399.0,596.0,L,76.0,high,-0.02646739235162382
592663,0.02204578858111933,0.014334156815188293,122.0,290.0,1110.0,R,171.74757281553397,high,0.014940144761076635
592669,0.005902205177372999,0.01830362935306662,126.0,298.0,978.0,R,177.11320754716982,high,0.014940144761076635
592696,-0.03807586427656845,-0.031075355705764307,33.0,284.0,1001.0,L,59.12933753943217,high,-0.02646739235162382
592885,0.00106266846361186,-0.03979070517392019,98.0,212.0,1425.0,L,134.03870967741935,high,-0.02646739235162382
593160,-0.013158333333333272,0.01236027763479769,120.0,211.0,1171.0,R,152.99093655589124,high,0.014940144761076635
593428,-0.021760511215440814,0.017355242270057303,108.0,355.0,1349.0,R,165.61555075593952,high,0.014940144761076635
593871,0.003349954212454209,-0.004452078759785871,130.0,336.0,1080.0,L,187.46781115879827,high,-0.02646739235162382
593934,0.05437129987129985,0.017216087192460316,21.0,74.0,767.0,R,32.71578947368421,high,0.014940144761076635
594807,0.18212595734652998,0.01244121855228597,123.0,207.0,839.0,R,154.3090909090909,high,0.014940144761076635
595281,-0.05037532765399738,-0.0343125994189627,56.0,218.0,921.0,L,89.1094890510949,high,-0.02646739235162382
595777,0.015397576934138624,-0.0031387613194793773,171.0,488.0,892.0,L,253.25644916540213,high,-0.02646739235162382
595879,-0.04903311486719561,0.016842213321666633,65.0,223.0,1017.0,R,100.65972222222223,high,0.014940144761076635
595909,-0.2374330676970136,-0.03741959428955299,41.0,303.0,261.0,L,72.22674418604652,medium,-0.02646739235162382
595978,0.07088706487341773,0.012954995847877904,64.0,79.0,618.0,R,70.71328671328672,high,0.014940144761076635
596019,0.008957372775699857,0.002550328951974712,170.0,519.0,1669.0,L,256.11030478955007,high,-0.02646739235162382
596103,-0.04761046277665998,0.018239054050559922,142.0,70.0,696.0,R,93.77358490566039,high,0.014940144761076635
596115,-0.14985944272445823,0.012944996076967696,19.0,85.0,1010.0,R,31.05769230769231,high,0.014940144761076635
596117,0.01221147629310343,-0.020708449746118213,58.0,128.0,76.0,L,79.82795698924731,low,-0.02646739235162382
596142,0.005755571793934933,0.017891680846971014,119.0,161.0,766.0,R,136.85,high,0.014940144761076635
596146,0.016756406298240212,-0.039799600284108005,82.0,316.0,997.0,L,130.2110552763819,high,-0.02646739235162382
600869,-0.016354648526077098,-0.0008648539823004064,147.0,315.0,783.0,L,200.45454545454547,high,-0.02646739235162382
602104,0.04911805018238086,0.01299517858004201,83.0,218.0,391.0,R,120.22591362126245,medium,0.014940144761076635
605113,0.09100599700149928,0.014527444021694202,87.0,138.0,968.0,R,106.72,high,0.014940144761076635
605131,0.12094047619047621,0.013845399421868243,42.0,112.0,586.0,R,61.0909090909091,high,0.014940144761076635
605137,-0.015915530052420024,-0.014810068530087706,196.0,401.0,1122.0,L,263.3031825795645,high,-0.02646739235162382
605141,-0.010454837570621489,0.01629282611048266,160.0,354.0,1350.0,R,220.38910505836574,high,0.014940144761076635
605170,0.04170005980861241,-0.011917293850879807,64.0,209.0,401.0,L,97.99267399267399,medium,-0.02646739235162382
605204,0.003979322638146154,0.0132367708519317,55.0,102.0,706.0,R,71.46496815286625,high,0.014940144761076635
605346,-0.0232755417956656,0.0019096172497409247,19.0,51.0,2.0,R,27.685714285714287,low,0.014940144761076635
605361,-0.045394761029411757,-0.03280847722387692,34.0,128.0,51.0,L,53.7283950617284,low,-0.02646739235162382
606115,-0.013280791744614051,0.015530361156745387,146.0,454.0,661.0,R,220.9466666666667,high,0.014940144761076635
606192,0.041426488095238134,0.014199471039836542,168.0,480.0,838.0,R,248.8888888888889,high,0.014940144761076635
606466,0.0893612175282078,0.004184996847313105,206.0,370.0,1229.0,L,264.65277777777777,high,-0.02646739235162382
606992,0.1649864603481625,0.012572514324725559,22.0,47.0,344.0,R,29.97101449275362,medium,0.014940144761076635
607043,-0.0024960784313725615,-0.03250591697795252,170.0,492.0,904.0,L,252.68882175226585,high,-0.02646739235162382
607208,0.0465504267744834,0.0182488924245493,168.0,371.0,1107.0,R,231.27272727272728,high,0.014940144761076635
607680,0.12115502127659575,0.015287388879506092,125.0,188.0,1105.0,R,150.15974440894567,high,0.014940144761076635
607732,0.06593441340782125,0.015285535360181235,100.0,179.0,381.0,R,128.31541218637994,medium,0.014940144761076635
608070,0.1059459073493556,0.0017849222404398013,174.0,495.0,1543.0,L,257.4887892376682,high,-0.02646739235162382
608324,-0.03567637969094922,0.012907950240556632,180.0,453.0,1255.0,R,257.6303317535545,high,0.014940144761076635
608336,-0.13827423469387753,-0.036954661366483565,64.0,196.0,870.0,L,96.4923076923077,high,-0.02646739235162382
608348,0.06308851267779847,0.012114072821790223,49.0,264.0,483.0,R,82.65814696485623,high,0.014940144761076635
608369,-0.10229839971550492,-0.037311108977102936,152.0,370.0,1260.0,L,215.47892720306513,high,-0.02646739235162382
608385,-0.04210230769230777,-0.03538704114082131,104.0,400.0,458.0,L,165.07936507936506,high,-0.02646739235162382
608596,-0.11165909090909093,0.01356561593757899,16.0,22.0,468.0,R,18.526315789473685,high,0.014940144761076635
608671,-0.2495463917525773,-0.03488329395646522,13.0,194.0,277.0,L,24.367149758454108,medium,-0.02646739235162382
608701,0.07958267819137388,0.017461008251433485,143.0,161.0,501.0,R,151.4671052631579,high,0.014940144761076635
608841,-0.06888078703703704,0.014325995741140629,96.0,216.0,263.0,R,132.92307692307693,medium,0.014940144761076635
609280,0.15672105731350872,0.014775556817540614,61.0,258.0,366.0,R,98.67084639498432,medium,0.014940144761076635
620443,0.03590617481956693,0.011742320590172384,43.0,87.0,323.0,R,57.55384615384615,medium,0.014940144761076635
621020,0.0934956743798207,0.01424716176199059,123.0,468.0,868.0,R,194.80203045685275,high,0.014940144761076635
621028,0.015138494318181817,0.015424981571091012,128.0,176.0,574.0,R,148.21052631578948,high,0.014940144761076635
621035,-0.033275215937587144,0.0145569861437011,97.0,148.0,1102.0,R,117.1918367346939,high,0.014940144761076635
621043,0.024531260532524413,0.01899367640482219,86.0,276.0,1190.0,R,131.13812154696132,high,0.014940144761076635
621438,0.002942917054986005,0.015291879969904831,111.0,232.0,321.0,R,150.15743440233237,medium,0.014940144761076635
621439,0.0063662655544920455,0.013500064946360413,103.0,284.0,703.0,R,151.1731266149871,high,0.014940144761076635
621466,-0.16273109869646182,-0.035463188613555574,15.0,179.0,160.0,L,27.68041237113402,medium,-0.02646739235162382
621493,0.06187410881801131,0.017713356593911767,130.0,533.0,458.0,R,209.01960784313724,high,0.014940144761076635
621512,-0.10774648876404497,0.010190030616941848,48.0,89.0,251.0,R,62.36496350364965,medium,0.014940144761076635
621545,-0.0225397727272727,0.009265022526335098,22.0,16.0,41.0,R,18.526315789473685,low,0.014940144761076635
621550,0.005645908460471527,0.011387349853642814,103.0,70.0,418.0,R,83.35260115606937,medium,0.014940144761076635
621566,0.02323179052185137,-0.039754950970095904,187.0,493.0,1147.0,L,271.15000000000003,high,-0.02646739235162382
622534,0.06998245614035084,0.015116146853455581,171.0,171.0,871.0,R,171.0,high,0.014940144761076635
622569,0.041915584415584406,0.01540594093607367,22.0,42.0,190.0,R,28.875,medium,0.014940144761076635
622761,0.09928754789272026,0.015152524494794317,90.0,116.0,387.0,R,101.35922330097088,medium,0.014940144761076635
623520,-0.0025937500000000058,0.016326470397623694,32.0,16.0,338.0,R,21.333333333333332,medium,0.014940144761076635
623912,0.03313250000000001,0.013083309709594704,96.0,150.0,497.0,R,117.07317073170732,high,0.014940144761076635
623993,-0.01260007893026277,-0.006897932150179142,178.0,484.0,718.0,L,260.27794561933536,high,-0.02646739235162382
624413,0.009679961451694141,0.01803494618325613,178.0,513.0,794.0,R,264.29522431259045,high,0.014940144761076635
624415,-0.03882978723404257,-0.032453483667802874,32.0,188.0,401.0,L,54.69090909090909,medium,-0.02646739235162382
624424,0.06407165849551827,-0.03817282325881399,106.0,381.0,895.0,L,165.85626283367557,high,-0.02646739235162382
624428,-0.08238647642679897,-0.026577603505589575,31.0,260.0,757.0,L,55.39518900343643,high,-0.02646739235162382
624431,-0.009002613890963407,0.020832067228092388,103.0,130.0,293.0,R,114.93562231759657,medium,0.014940144761076635
624503,-0.02276503759398496,-0.033898529755747975,28.0,247.0,147.0,L,50.298181818181824,medium,-0.02646739235162382
624512,-0.03651897810218982,-0.02825985898174821,20.0,137.0,159.0,L,34.904458598726116,medium,-0.02646739235162382
624585,0.06352200682382136,0.0185320911264803,155.0,416.0,831.0,R,225.8493870402802,high,0.014940144761076635
624641,0.08712270811668765,0.0077815210410763225,121.0,151.0,291.0,R,134.34558823529412,medium,0.014940144761076635
628451,0.16723823953823957,0.012852670816088818,154.0,90.0,259.0,R,113.60655737704917,medium,0.014940144761076635
630105,-0.09609760800585798,-0.029236502547369703,170.0,482.0,624.0,L,251.34969325153375,high,-0.02646739235162382
640492,-0.06649501661129562,0.012664836191211337,43.0,35.0,149.0,R,38.58974358974359,medium,0.014940144761076635
640902,0.033235109717868305,0.016602851566963395,11.0,29.0,0.0,R,15.950000000000001,low,0.014940144761076635
641313,0.0491263428991906,0.012946094752255333,90.0,151.0,960.0,R,112.78008298755186,high,0.014940144761076635
641343,0.00259861751152074,-0.039049063441652876,35.0,310.0,330.0,L,62.89855072463769,medium,-0.02646739235162382
641355,-0.005614795725005728,-0.0319217980129432,167.0,395.0,1127.0,L,234.7508896797153,high,-0.02646739235162382
641432,-0.08254591688462654,-0.027429461180770276,31.0,222.0,254.0,L,54.40316205533597,medium,-0.02646739235162382
641487,0.07494330669330668,-0.03239869349979507,143.0,308.0,889.0,L,195.3170731707317,high,-0.02646739235162382
641584,-0.07410637598597719,-0.03256860810737794,56.0,326.0,173.0,L,95.58115183246073,medium,-0.02646739235162382
641598,0.08102536028448437,0.01433390289035602,156.0,274.0,536.0,R,198.8093023255814,high,0.014940144761076635
641645,-0.20137566971320514,-0.023863226802943394,19.0,167.0,193.0,L,34.11827956989247,medium,-0.02646739235162382
641658,0.02747227342549924,0.013619235803815521,124.0,105.0,521.0,R,113.71179039301309,high,0.014940144761076635
641680,0.03966689519630695,-0.001802611640465579,117.0,374.0,312.0,L,178.24032586558042,medium,-0.02646739235162382
641779,-0.0935948717948718,0.020301823981050515,13.0,15.0,50.0,R,13.928571428571429,low,0.014940144761076635
641857,0.016214055373842517,-0.03780456696750628,196.0,443.0,784.0,L,271.7621283255086,high,-0.02646739235162382
641933,0.17683894070619588,0.015681410583425426,152.0,316.0,360.0,R,205.26495726495727,medium,0.014940144761076635
641943,-0.10183333333333336,-0.030513397864571412,12.0,66.0,65.0,L,20.30769230769231,low,-0.02646739235162382
642020,-0.03952243589743587,0.009999295626265836,24.0,52.0,11.0,R,32.8421052631579,low,0.014940144761076635
642086,-0.020398832684824897,-0.0350707538801453,50.0,257.0,490.0,L,83.71335504885994,high,-0.02646739235162382
642133,0.0013117681159420247,-0.047084833633308176,46.0,375.0,428.0,L,81.94774346793349,medium,-0.02646739235162382
642136,-0.10734129520605548,-0.03482503115627339,41.0,145.0,87.0,L,63.924731182795696,low,-0.02646739235162382
642180,-0.1379759541984733,-0.028416881790190918,20.0,131.0,141.0,L,34.70198675496689,medium,-0.02646739235162382
642197,0.19920995670995667,0.016602851566963395,33.0,14.0,0.0,R,19.659574468085108,low,0.014940144761076635
642201,0.1133929618768329,0.0092067270049761,11.0,31.0,175.0,R,16.238095238095237,medium,0.014940144761076635
642215,0.14970713391739676,0.017122760748598198,51.0,47.0,9.0,R,48.91836734693877,low,0.014940144761076635
642350,0.02608708708708707,0.009718234442931295,111.0,333.0,194.0,R,166.5,medium,0.014940144761076635
642708,0.03359365079365079,0.015392987676747794,126.0,220.0,946.0,R,160.23121387283237,high,0.014940144761076635
642715,-0.08483249922149555,0.012609650574742615,177.0,508.0,829.0,R,262.5284671532847,high,0.014940144761076635
642731,-0.04229539473684213,0.01642868355656968,96.0,285.0,414.0,R,143.6220472440945,medium,0.014940144761076635
642851,0.016200000000000103,0.01283212810726242,10.0,10.0,222.0,R,10.0,medium,0.014940144761076635
643217,-0.03832732569821179,-0.033789851222434664,126.0,395.0,964.0,L,191.05566218809983,high,-0.02646739235162382
643265,0.04148550493787828,0.015739672642226532,43.0,73.0,471.0,R,54.12068965517241,high,0.014940144761076635
643289,-0.012917333333333336,0.011586286348813701,125.0,300.0,361.0,R,176.47058823529412,medium,0.014940144761076635
643376,0.045079000925069335,0.013147213678215308,94.0,230.0,415.0,R,133.45679012345678,medium,0.014940144761076635
643396,-0.04512713590820272,0.015471468680184508,134.0,359.0,692.0,R,195.15618661257605,high,0.014940144761076635
643446,-0.03884219754529511,-0.02777506842651889,116.0,354.0,775.0,L,174.7404255319149,high,-0.02646739235162382
643565,-0.009538965392748455,-0.03670220938251739,69.0,281.0,219.0,L,110.7942857142857,medium,-0.02646739235162382
644433,-0.13449718574108815,0.01498081600266768,13.0,41.0,39.0,R,19.74074074074074,low,0.014940144761076635
645277,0.08121796026340966,0.00812274099586241,109.0,326.0,837.0,L,163.37471264367815,high,-0.02646739235162382
645302,-0.09533798941798943,0.012450882620079873,100.0,189.0,525.0,R,130.79584775086505,high,0.014940144761076635
645305,-0.06688072357263991,0.008999816131127936,29.0,61.0,3.0,R,39.31111111111111,low,0.014940144761076635
645444,-0.06072456964006259,-0.007988721087721085,36.0,71.0,46.0,L,47.77570093457944,low,-0.02646739235162382
645801,-0.04722727272727273,-0.03329592626539252,18.0,44.0,108.0,L,25.548387096774192,low,-0.02646739235162382
646240,-0.10566938106736318,-0.04502284829806913,223.0,364.0,1091.0,L,276.56558773424194,high,-0.02646739235162382
647304,-0.028733502992480453,-0.04097638802240833,173.0,452.0,421.0,L,250.22719999999998,medium,-0.02646739235162382
647351,0.03548442409552027,0.0014652366261926897,79.0,282.0,292.0,L,123.42382271468145,medium,-0.02646739235162382
649966,0.023159259259259324,0.011946963498291108,55.0,54.0,422.0,R,54.4954128440367,medium,0.014940144761076635
650333,-0.05280449507389162,-0.020406692126885784,203.0,464.0,507.0,L,282.4347826086956,high,-0.02646739235162382
650391,-0.03082048919416991,0.01791594379736372,94.0,254.0,432.0,R,137.2183908045977,medium,0.014940144761076635
650402,0.05425583930239802,0.015962445975123918,169.0,494.0,755.0,R,251.84313725490193,high,0.014940144761076635
650489,-0.03123096661586755,-0.00830411354919558,163.0,471.0,433.0,L,242.186119873817,medium,-0.02646739235162382
650490,0.0823647273052927,0.014542419027399889,139.0,482.0,775.0,R,215.77455716586152,high,0.014940144761076635
650559,0.04740031520882587,0.013338353111342793,188.0,432.0,304.0,R,261.98709677419356,medium,0.014940144761076635
650859,0.06734067558057705,0.0027709798197096958,58.0,245.0,523.0,L,93.79537953795379,high,-0.02646739235162382
650907,-0.16576347826086957,0.009785938755087598,25.0,23.0,37.0,R,23.958333333333332,low,0.014940144761076635
655316,0.0031138888888888605,0.012301734665553676,70.0,72.0,93.0,R,70.98591549295776,low,0.014940144761076635
656180,-0.09131407407407405,0.01694616620497802,54.0,75.0,196.0,R,62.7906976744186,medium,0.014940144761076635
656248,-0.004157936507936555,0.015228590479703596,35.0,72.0,47.0,R,47.10280373831775,low,0.014940144761076635
656305,0.009992751395932586,0.014974026968435583,162.0,482.0,911.0,R,242.4968944099379,high,0.014940144761076635
656413,0.12014408310749769,0.013423718553493003,123.0,108.0,169.0,R,115.012987012987,medium,0.014940144761076635
656537,0.19717686480186478,0.017127881588618832,66.0,104.0,106.0,R,80.75294117647059,low,0.014940144761076635
656541,0.09215830115830115,-0.03799516716742535,42.0,111.0,147.0,L,60.94117647058824,medium,-0.02646739235162382
656555,0.02653852813852814,0.0168122138285417,129.0,385.0,771.0,R,193.24902723735408,high,0.014940144761076635
656577,-0.023416169289202426,0.005626711903652493,57.0,97.0,55.0,R,71.80519480519482,low,0.014940144761076635
656582,0.016663587819310155,0.018511913753116283,169.0,246.0,435.0,R,200.3566265060241,medium,0.014940144761076635
656716,-0.09853694479036948,-0.033007041779340884,33.0,292.0,115.0,L,59.29846153846154,medium,-0.02646739235162382
656775,-0.10970026081892073,-0.0269696158303962,101.0,391.0,665.0,L,160.53252032520325,high,-0.02646739235162382
656811,-0.06739326298701298,-0.040996915355278996,44.0,448.0,192.0,L,80.130081300813,medium,-0.02646739235162382
656896,0.010744490606936385,0.016745244330963527,128.0,173.0,248.0,R,147.13621262458472,medium,0.014940144761076635
656941,0.04154061583577706,-0.043875522676289413,248.0,440.0,1065.0,L,317.2093023255814,high,-0.02646739235162382
656976,-0.059779066022544236,-0.036694081693302016,23.0,135.0,264.0,L,39.30379746835443,medium,-0.02646739235162382
657041,0.09504543806208299,0.015805465574140976,144.0,383.0,490.0,R,209.30550284629985,high,0.014940144761076635
657061,-0.24035844155844155,-0.010893840113838704,22.0,35.0,140.0,L,27.017543859649123,medium,-0.02646739235162382
657077,-0.018115789473684196,-0.03341119515341007,190.0,429.0,746.0,L,263.3602584814216,high,-0.02646739235162382
657136,0.07140207003212118,0.011413507167516712,151.0,334.0,132.0,R,207.97525773195875,medium,0.014940144761076635
657557,-0.04274866952012141,0.007832649059459906,123.0,359.0,641.0,R,183.2240663900415,high,0.014940144761076635
657656,0.06959519749928955,0.014223322461556664,102.0,207.0,601.0,R,136.66019417475727,high,0.014940144761076635
657757,-0.05059574297617778,-0.033806400859810015,92.0,407.0,84.0,L,150.07615230460922,low,-0.02646739235162382
658668,0.04377819706498953,0.0150510691242427,90.0,106.0,258.0,R,97.34693877551021,medium,0.014940144761076635
660271,-0.09080128616812666,-0.049491969140136316,249.0,469.0,888.0,L,325.29526462395546,high,-0.02646739235162382
660644,-0.004746358543417373,-0.006394123644882899,70.0,204.0,96.0,L,104.23357664233576,low,-0.02646739235162382
660670,0.02179298642533939,0.01457432221132332,52.0,170.0,669.0,R,79.63963963963964,high,0.014940144761076635
660688,-0.02427332818267658,-0.0051810613178209786,132.0,353.0,294.0,L,192.14845360824742,medium,-0.02646739235162382
660707,-0.07919302528334785,0.017472201546347266,62.0,185.0,184.0,R,92.87449392712551,medium,0.014940144761076635
660766,0.030762190333404715,0.010647574171584295,87.0,161.0,101.0,R,112.95967741935485,low,0.014940144761076635
660821,-0.12306177944862154,-0.05275992643636951,114.0,420.0,186.0,L,179.32584269662922,medium,-0.02646739235162382
660844,-0.09371634615384619,-0.004314337628744391,32.0,52.0,0.0,L,39.61904761904762,low,-0.02646739235162382
661388,0.027383573664737704,0.01889197768330969,166.0,508.0,329.0,R,250.23145400593472,medium,0.014940144761076635
661531,-0.11897333333333332,0.009225020904623432,25.0,45.0,52.0,R,32.142857142857146,low,0.014940144761076635
662139,0.06236694386694386,-0.035130034485528594,104.0,407.0,369.0,L,165.66731898238748,medium,-0.02646739235162382
663330,0.19742857142857143,0.014839763552888019,25.0,21.0,37.0,R,22.82608695652174,low,0.014940144761076635
663368,0.027683560122188255,-0.003926766513676405,156.0,277.0,58.0,L,199.59353348729792,low,-0.02646739235162382
663457,0.023265303566396278,-0.046276077870262666,109.0,293.0,218.0,L,158.89054726368158,medium,-0.02646739235162382
663527,0.05116571935130626,0.013500382354088403,127.0,151.0,113.0,R,137.96402877697844,medium,0.014940144761076635
663538,0.046204045798203475,0.012791219489625527,137.0,503.0,416.0,R,215.346875,medium,0.014940144761076635
663586,0.0053038558663559,0.01392653694648438,117.0,352.0,584.0,R,175.62473347547973,high,0.014940144761076635
663609,0.2515875420875421,0.0144989492753686,22.0,27.0,42.0,R,24.244897959183675,low,0.014940144761076635
663611,0.035338709677419367,0.010027223050834033,31.0,62.0,247.0,R,41.333333333333336,medium,0.014940144761076635
663616,-0.08541986586493988,-0.04549796026887498,23.0,376.0,164.0,L,43.3483709273183,medium,-0.02646739235162382
663624,0.051240759240759215,0.016190147015350376,143.0,364.0,555.0,R,205.33333333333334,high,0.014940144761076635
663647,0.1485528027143564,0.01707170556345594,94.0,301.0,479.0,R,143.2607594936709,high,0.014940144761076635
663656,-0.08442857142857146,-0.0359311285222198,123.0,210.0,777.0,L,155.13513513513513,high,-0.02646739235162382
663662,0.17122162790697673,0.019152363852008525,86.0,100.0,73.0,R,92.47311827956989,low,0.014940144761076635
663697,0.03755474106764406,0.016191148959621093,174.0,461.0,411.0,R,252.6425196850394,medium,0.014940144761076635
663698,0.10839877858627861,0.013779152082522061,74.0,208.0,177.0,R,109.16312056737588,medium,0.014940144761076635
663728,-0.03921062451412277,-0.011045434092606221,170.0,454.0,242.0,L,247.3717948717949,medium,-0.02646739235162382
663743,-0.024899271212909913,0.014799587804848302,102.0,226.0,163.0,R,140.5609756097561,medium,0.014940144761076635
663757,-0.030723281596452323,-0.033737942470361604,41.0,165.0,510.0,L,65.67961165048543,high,-0.02646739235162382
663837,-0.006594941354823247,0.014015394420608562,151.0,415.0,322.0,R,221.4310954063604,medium,0.014940144761076635
663853,0.1614128801431127,0.016481401284018482,130.0,86.0,84.0,R,103.51851851851852,low,0.014940144761076635
663886,0.0014838508347635448,0.015503368313463772,136.0,377.0,351.0,R,199.8908382066277,medium,0.014940144761076635
663897,-0.18320065789473683,0.01511189034297089,19.0,32.0,115.0,R,23.84313725490196,medium,0.014940144761076635
663898,0.058790156543963634,0.018594128703000923,143.0,394.0,398.0,R,209.83985102420857,medium,0.014940144761076635
663993,0.022838888888888853,-0.04171219024527911,144.0,420.0,682.0,L,214.46808510638297,high,-0.02646739235162382
664023,-0.03535864232385971,-0.006091071654199698,161.0,495.0,768.0,L,242.97256097560975,high,-0.02646739235162382
664034,0.006088007592957967,0.012002719938895456,134.0,401.0,666.0,R,200.8747663551402,high,0.014940144761076635
664040,0.0245559116809117,-0.043279149054740396,72.0,351.0,461.0,L,119.48936170212765,high,-0.02646739235162382
664056,-0.03370079688658262,0.017638505037614383,152.0,284.0,519.0,R,198.0183486238532,high,0.014940144761076635
664238,0.04610333333333333,0.01403236097406757,175.0,264.0,509.0,R,210.47835990888385,high,0.014940144761076635
664314,0.11934523809523812,-0.033760385355009914,14.0,96.0,22.0,L,24.436363636363637,low,-0.02646739235162382
664728,-0.09600710124590722,-0.03520080827088912,67.0,351.0,126.0,L,112.52153110047847,medium,-0.02646739235162382
664761,0.01654518119955689,0.018214769292674016,178.0,426.0,520.0,R,251.0860927152318,high,0.014940144761076635
664770,-0.11878666666666665,-0.03921320004843276,14.0,75.0,5.0,L,23.59550561797753,low,-0.02646739235162382
664774,0.03991622824767305,-0.03288104090173427,42.0,353.0,164.0,L,75.06835443037974,medium,-0.02646739235162382
664874,0.13561057692307693,0.0075170817623300135,16.0,26.0,130.0,R,19.80952380952381,medium,0.014940144761076635
664901,0.1414798951048951,0.01012869067075789,52.0,88.0,198.0,R,65.37142857142857,medium,0.014940144761076635
664913,-0.002528033794162776,-0.03565046970005059,28.0,372.0,203.0,L,52.080000000000005,medium,-0.02646739235162382
664983,-0.028403747463897788,-0.03322913752679163,147.0,342.0,208.0,L,205.61963190184048,medium,-0.02646739235162382
665019,0.04488167388167391,-0.035428686725719916,21.0,99.0,41.0,L,34.65,low,-0.02646739235162382
665052,0.005002100840336088,-0.03661219067961502,21.0,68.0,0.0,L,32.08988764044944,low,-0.02646739235162382
665161,0.05772761292761297,0.017192875907053817,165.0,481.0,325.0,R,245.71207430340553,medium,0.014940144761076635
665487,-0.06111620762711861,0.012720488455715495,118.0,320.0,430.0,R,172.4200913242009,medium,0.014940144761076635
665489,0.00463836443914728,0.018613030252623786,134.0,551.0,624.0,R,215.57372262773723,high,0.014940144761076635
665506,0.08558026124818577,0.014480731547329428,130.0,53.0,161.0,R,75.30054644808743,medium,0.014940144761076635
665561,-0.007217391304347842,-0.0015422800086666855,23.0,32.0,24.0,L,26.763636363636365,low,-0.02646739235162382
665742,-0.011090374965787853,-0.03460349369862881,226.0,485.0,1075.0,L,308.32630098452887,high,-0.02646739235162382
665750,-0.054589295774647884,-0.007544116352643682,100.0,426.0,350.0,L,161.97718631178705,medium,-0.02646739235162382
665782,0.21349159663865547,0.016602851566963395,14.0,17.0,0.0,R,15.354838709677422,low,0.014940144761076635
665804,-0.10577525335076823,0.014309218943406476,92.0,266.0,64.0,R,136.7150837988827,low,0.014940144761076635
665828,-0.1065611658251262,-0.0050491540354402065,83.0,241.0,102.0,L,123.47530864197532,low,-0.02646739235162382
665833,-0.05111753246753248,-0.061041487203685296,154.0,440.0,122.0,L,228.14814814814815,medium,-0.02646739235162382
665839,-0.15431856378915199,-0.02979545678777712,35.0,187.0,16.0,L,58.96396396396397,low,-0.02646739235162382
665862,-0.025031198686371048,-0.04210388207376731,210.0,406.0,295.0,L,276.81818181818176,medium,-0.02646739235162382
665877,-0.19181209781209785,0.010676809337752613,42.0,37.0,19.0,R,39.34177215189873,low,0.014940144761076635
665923,0.2272222222222222,0.012377511592687185,36.0,27.0,168.0,R,30.857142857142858,medium,0.014940144761076635
665926,-0.03674047122283858,-0.028629106566494478,172.0,457.0,384.0,L,249.93322734499205,medium,-0.02646739235162382
665953,0.17093256704980844,0.016602851566963395,45.0,87.0,0.0,R,59.31818181818181,low,0.014940144761076635
666018,-0.07979456706281834,-0.03034536906324503,19.0,124.0,16.0,L,32.95104895104895,low,-0.02646739235162382
666023,0.03919369918699184,0.013265436987014434,120.0,246.0,66.0,R,161.31147540983608,low,0.014940144761076635
666134,-0.05152970297029702,-0.049462750154907364,92.0,202.0,135.0,L,126.42176870748298,medium,-0.02646739235162382
666139,-0.06022462462462458,-0.041089347679881705,50.0,333.0,113.0,L,86.94516971279374,medium,-0.02646739235162382
666149,0.058347241379310355,0.016759645926877287,116.0,225.0,12.0,R,153.07917888563048,low,0.014940144761076635
666150,0.009338374109034903,-0.03889499980235028,58.0,179.0,29.0,L,87.61181434599156,low,-0.02646739235162382
666152,-0.08322501872659174,-0.035595265056468595,50.0,267.0,3.0,L,84.22712933753944,low,-0.02646739235162382
666158,-0.13706311212814642,-0.040217667602180984,50.0,437.0,230.0,L,89.73305954825462,medium,-0.02646739235162382
666160,-0.05990712420738531,-0.03628980259861736,35.0,383.0,90.0,L,64.13875598086125,low,-0.02646739235162382
666163,-0.03967247386759584,-0.04095273761812307,41.0,287.0,28.0,L,71.75,low,-0.02646739235162382
666176,0.08930707915273128,0.009223711658789824,104.0,345.0,217.0,R,159.8218262806236,medium,0.014940144761076635
666181,-0.04892018927444791,-0.0359286795842923,70.0,317.0,50.0,L,114.67700258397933,low,-0.02646739235162382
666182,-0.11078287841191065,0.01631990591830257,62.0,273.0,481.0,R,101.05074626865671,high,0.014940144761076635
666185,0.033350266142096685,-0.0029237546204466947,116.0,149.0,377.0,L,130.4452830188679,medium,-0.02646739235162382
666310,-0.03041629881154495,-0.03188776980346458,76.0,310.0,52.0,L,122.07253886010362,low,-0.02646739235162382
666397,-0.014637946630483956,-0.04136359799453265,33.0,268.0,48.0,L,58.76411960132891,low,-0.02646739235162382
666464,-0.038084848484848444,0.00827636871115156,44.0,75.0,27.0,R,55.462184873949575,low,0.014940144761076635
666624,-0.05117515527950309,0.016353124993352786,125.0,483.0,219.0,R,198.60197368421055,medium,0.014940144761076635
666703,0.2357333333333333,0.014580602422696376,36.0,20.0,10.0,R,25.714285714285715,low,0.014940144761076635
666915,-0.08768940493468796,0.0157304486476873,39.0,53.0,351.0,R,44.93478260869565,medium,0.014940144761076635
666969,0.01624651315789477,0.010221463107848994,160.0,475.0,580.0,R,239.37007874015748,high,0.014940144761076635
666971,0.07730403916768658,0.013361361215361411,172.0,380.0,666.0,R,236.81159420289856,high,0.014940144761076635
667452,0.06106436420722136,0.01497082611076983,91.0,98.0,76.0,R,94.37037037037037,low,0.014940144761076635
667472,0.07132034632034634,0.01608978775537473,66.0,42.0,20.0,R,51.333333333333336,low,0.014940144761076635
667670,0.0009524366471735379,0.017627070752138596,135.0,475.0,282.0,R,210.24590163934425,medium,0.014940144761076635
668227,0.045547375394844214,0.014156258251775744,181.0,467.0,521.0,R,260.8858024691358,high,0.014940144761076635
668670,-0.0453255011283685,0.015409951621690787,93.0,243.0,178.0,R,134.51785714285714,medium,0.014940144761076635
668709,-0.03031259004071407,-0.031240213533440586,124.0,515.0,115.0,L,199.87480438184664,medium,-0.02646739235162382
668715,-0.017496097337006355,0.012584944173629098,171.0,484.0,203.0,R,252.7145038167939,medium,0.014940144761076635
668723,0.1565944055944056,0.016077921846177123,22.0,26.0,0.0,R,23.833333333333332,low,0.014940144761076635
668800,-0.04160101010101011,0.010111951843349731,27.0,66.0,209.0,R,38.32258064516129,medium,0.014940144761076635
668804,-0.04320385467704879,-0.005540650235122291,202.0,487.0,763.0,L,285.55587808417994,high,-0.02646739235162382
668832,-0.15740684931506851,-0.03661219067961502,10.0,146.0,0.0,L,18.717948717948715,low,-0.02646739235162382
668845,-0.11472632575757577,0.016602851566963395,33.0,64.0,0.0,R,43.54639175257732,low,0.014940144761076635
668885,-0.0006314729574223854,0.016602851566963395,79.0,176.0,0.0,R,109.05098039215686,low,0.014940144761076635
668901,0.02789240607513993,0.016894912384458838,139.0,315.0,110.0,R,192.88546255506608,low,0.014940144761076635
668904,0.020277533632287015,0.01831853324513316,100.0,223.0,65.0,R,138.08049535603715,low,0.014940144761076635
668930,-0.04116817010309276,-0.0335808487646736,128.0,485.0,72.0,L,202.54486133768353,low,-0.02646739235162382
668939,0.1104258281208168,-0.010408205706565088,181.0,454.0,306.0,L,258.81574803149607,medium,-0.02646739235162382
668942,-0.12562892942693937,-0.03571623844398503,67.0,405.0,390.0,L,114.97881355932203,medium,-0.02646739235162382
668952,-0.06704691075514874,0.01720163992496343,19.0,46.0,36.0,R,26.892307692307693,low,0.014940144761076635
669003,-0.06314606569900688,-0.03687075354890629,35.0,187.0,10.0,L,58.96396396396397,low,-0.02646739235162382
669004,-0.14368587387387388,-0.033303633427590684,74.0,375.0,270.0,L,123.60801781737192,medium,-0.02646739235162382
669016,-0.09516885952145307,-0.0501825996075147,89.0,386.0,291.0,L,144.6484210526316,medium,-0.02646739235162382
669065,-0.03817918184365368,-0.03629451575614917,43.0,166.0,7.0,L,68.30622009569379,low,-0.02646739235162382
669127,0.00440964247020581,0.012904743095929538,142.0,390.0,178.0,R,208.1954887218045,medium,0.014940144761076635
669134,-0.08165440476190475,0.012304529130059305,75.0,224.0,72.0,R,112.37458193979933,low,0.014940144761076635
669137,-0.10137499999999999,0.016602851566963395,16.0,23.0,0.0,R,18.871794871794872,low,0.014940144761076635
669200,-0.022488372093023262,-0.00801049821023049,11.0,43.0,0.0,R,17.51851851851852,low,0.014940144761076635
669208,0.12520336134453783,0.016602851566963395,34.0,35.0,0.0,R,34.492753623188406,low,0.014940144761076635
669221,-0.0020354101299865923,0.013863556912040997,69.0,194.0,462.0,R,101.79467680608364,high,0.014940144761076635
669222,0.014424800975399832,0.014400884382860302,73.0,191.0,401.0,R,105.62878787878789,medium,0.014940144761076635
669224,-0.08105654761904763,-0.04529547889864444,77.0,336.0,6.0,L,125.28813559322033,low,-0.02646739235162382
669234,0.1276801823649239,0.016602851566963395,61.0,169.0,0.0,R,89.64347826086957,low,0.014940144761076635
669242,0.29447222222222214,0.002120967348287983,36.0,117.0,611.0,L,55.05882352941177,high,-0.02646739235162382
669257,0.04879317394317395,0.010678011554200006,148.0,390.0,517.0,R,214.5724907063197,high,0.014940144761076635
669261,0.011554909339719477,-0.038071538020935325,37.0,237.0,243.0,L,64.00729927007299,medium,-0.02646739235162382
669289,0.10223667649651896,0.01275827044967337,127.0,259.0,375.0,R,170.43005181347152,medium,0.014940144761076635
669304,-0.11708363095238097,0.01635502729098892,140.0,288.0,171.0,R,188.411214953271,medium,0.014940144761076635
669357,-0.027875952556538852,-0.03526649947992744,113.0,288.0,109.0,L,162.31421446384041,low,-0.02646739235162382
669364,-0.02736383374689827,-0.010418469259668106,93.0,208.0,18.0,L,128.531561461794,low,-0.02646739235162382
669369,-0.016542857142857137,-0.010219890704559753,35.0,35.0,25.0,R,35.0,low,0.014940144761076635
669394,-0.059326606751546385,0.019892902506102983,183.0,394.0,200.0,R,249.9202772963605,medium,0.014940144761076635
669397,-0.0071709401709401654,0.010189189243730079,39.0,63.0,190.0,R,48.1764705882353,medium,0.014940144761076635
669477,0.1575790816326531,0.01957848110574517,49.0,64.0,115.0,R,55.50442477876107,medium,0.014940144761076635
669701,0.020902286171063156,-0.03575266764456342,139.0,450.0,75.0,L,212.3938879456706,low,-0.02646739235162382
669707,-0.016605899615462494,0.013803710422457871,122.0,324.0,65.0,R,177.2556053811659,low,0.014940144761076635
669720,0.15190454545454546,0.0188689791139669,88.0,165.0,608.0,R,114.78260869565217,high,0.014940144761076635
669743,-0.028839105339105386,0.013790635832326925,36.0,77.0,218.0,R,49.06194690265487,medium,0.014940144761076635
669911,0.03939233940683595,-0.015176938507757254,146.0,309.0,84.0,L,198.30329670329672,low,-0.02646739235162382
670032,-0.07402783333333329,-0.023704072811754462,64.0,375.0,468.0,L,109.3394077448747,high,-0.02646739235162382
670042,-0.10244514137793709,-0.038464345897420316,81.0,372.0,74.0,L,133.03311258278146,low,-0.02646739235162382
670097,-0.06753333333333336,0.0094352472193458,25.0,60.0,190.0,R,35.29411764705882,medium,0.014940144761076635
670156,-0.057413888888888875,-0.03435366991308991,16.0,90.0,13.0,L,27.169811320754715,low,-0.02646739235162382
670242,-0.12944166317553418,-0.038978198792781416,44.0,217.0,64.0,L,73.16475095785441,low,-0.02646739235162382
670541,0.04764896827624937,-0.053812631588175786,208.0,411.0,730.0,L,276.21324717285944,high,-0.02646739235162382
670623,0.06397991352201254,0.01557061417802208,159.0,480.0,292.0,R,238.8732394366197,medium,0.014940144761076635
670764,-0.03196683673469389,-0.009363956258813588,56.0,196.0,298.0,L,87.11111111111111,medium,-0.02646739235162382
670770,-0.003815057915057929,-0.024672921138888637,80.0,259.0,135.0,L,122.24188790560473,medium,-0.02646739235162382
671056,-0.06669786535303779,0.01596130471380297,84.0,174.0,12.0,R,113.30232558139535,low,0.014940144761076635
671083,-0.13803571428571434,0.01744829592741265,14.0,12.0,53.0,R,12.923076923076923,low,0.014940144761076635
671213,-0.018284859090071826,-0.04313466072934946,61.0,178.0,122.0,L,90.86192468619247,medium,-0.02646739235162382
671218,0.19777116853227322,0.013008892773506475,121.0,395.0,18.0,R,185.25193798449612,low,0.014940144761076635
671277,-0.06198398909896102,-0.035165774932694294,114.0,412.0,329.0,L,178.5855513307985,medium,-0.02646739235162382
671286,0.08947999999999995,0.016602851566963395,25.0,15.0,0.0,R,18.75,low,0.014940144761076635
671289,-0.013201096558026204,0.011376853800822206,134.0,245.0,110.0,R,173.24538258575197,low,0.014940144761076635
671732,0.016074492519709493,-0.0446002823299092,89.0,362.0,22.0,L,142.87361419068736,low,-0.02646739235162382
671739,0.03555367063912801,-0.04913851883465059,146.0,323.0,273.0,L,201.1002132196162,medium,-0.02646739235162382
672275,-0.095380088365243,-0.004864274857810047,97.0,350.0,112.0,L,151.90156599552574,low,-0.02646739235162382
672279,-0.022837971635001342,-0.028581315598744383,101.0,222.0,3.0,L,138.8359133126935,low,-0.02646739235162382
672284,-0.08036677777777779,-0.038119674219852406,72.0,375.0,294.0,L,120.80536912751677,medium,-0.02646739235162382
672356,0.06481746794871796,0.010714239119427482,65.0,96.0,144.0,R,77.51552795031057,medium,0.014940144761076635
672386,0.004820701754385925,0.015864879372330776,100.0,285.0,302.0,R,148.05194805194805,medium,0.014940144761076635
672515,0.021209065444359576,0.015639563914300825,119.0,231.0,139.0,R,157.07999999999998,medium,0.014940144761076635
672569,0.02777894736842107,-0.004314337628744391,10.0,38.0,0.0,L,15.833333333333332,low,-0.02646739235162382
672580,0.003722419249236164,0.016783868072026142,158.0,464.0,124.0,R,235.7299035369775,medium,0.014940144761076635
672640,-0.08116791791791789,0.016632769057459085,135.0,296.0,3.0,R,185.42923433874708,low,0.014940144761076635
672642,0.046622994652406435,-0.004314337628744391,11.0,34.0,0.0,L,16.62222222222222,low,-0.02646739235162382
672695,0.01514355888093688,-0.005786761720744715,116.0,265.0,222.0,L,161.36482939632546,medium,-0.02646739235162382
672761,-0.03900678516819572,-0.004314337628744391,96.0,327.0,0.0,L,148.42553191489364,low,-0.02646739235162382
672820,0.07047157486476369,0.011851147922477212,119.0,247.0,56.0,R,160.61748633879782,low,0.014940144761076635
673237,0.0211935398848197,0.012349483395956928,169.0,449.0,105.0,R,245.56957928802592,low,0.014940144761076635
673357,-0.03387920945784573,0.007613562500561499,106.0,316.0,322.0,R,158.74881516587678,medium,0.014940144761076635
673490,0.01799497171590192,0.01480146343903227,129.0,333.0,465.0,R,185.96103896103895,high,0.014940144761076635
673548,-0.006409324716433684,0.015400754224903612,136.0,446.0,281.0,R,208.43986254295532,medium,0.014940144761076635
673962,0.025758009665294457,0.01874698148394549,37.0,151.0,155.0,R,59.43617021276596,medium,0.014940144761076635
673995,-0.041351351351351345,0.016602851566963395,37.0,12.0,0.0,R,18.122448979591837,low,0.014940144761076635
675961,0.18389583333333334,0.008876458561163092,27.0,64.0,40.0,R,37.97802197802198,low,0.014940144761076635
676059,-0.025734788881931814,0.02169101391777889,109.0,337.0,82.0,R,164.7219730941704,low,0.014940144761076635
676070,0.08300952380952378,0.011970174606899586,30.0,42.0,4.0,R,35.0,low,0.014940144761076635
676113,0.002530100334448171,-0.03661219067961502,23.0,52.0,0.0,L,31.893333333333334,low,-0.02646739235162382
676116,0.06588526570048306,-0.03790735776692189,18.0,92.0,97.0,L,30.109090909090913,low,-0.02646739235162382
676356,-0.029527156177156177,0.013598443784302777,99.0,260.0,10.0,R,143.3983286908078,low,0.014940144761076635
676369,0.05835267857142862,0.016459510669978306,70.0,160.0,136.0,R,97.3913043478261,medium,0.014940144761076635
676391,-0.04521828692021834,0.010726654398377389,142.0,307.0,157.0,R,194.18262806236078,medium,0.014940144761076635
676475,-0.1208639064475347,-0.03810253728347901,140.0,452.0,32.0,L,213.7837837837838,low,-0.02646739235162382
676572,-0.2535357142857143,0.016602851566963395,18.0,56.0,0.0,R,27.243243243243246,low,0.014940144761076635
676609,0.015781604445056663,0.01267053050321687,122.0,357.0,124.0,R,181.85386221294362,medium,0.014940144761076635
676694,0.06618451753725729,0.014874944226459907,146.0,364.0,190.0,R,208.4078431372549,medium,0.014940144761076635
676701,-0.10781818181818181,0.011717195631828992,22.0,44.0,149.0,R,29.333333333333336,medium,0.014940144761076635
676801,-0.013080619564527413,0.010888725585308678,89.0,177.0,343.0,R,118.44360902255639,medium,0.014940144761076635
676914,-0.062090396257567404,0.01165572082303673,138.0,316.0,54.0,R,192.1057268722467,low,0.014940144761076635
677008,0.03197916666666667,-0.05071030848403901,16.0,96.0,1.0,L,27.428571428571427,low,-0.02646739235162382
677347,-0.17890865384615384,0.01488466100478869,26.0,32.0,13.0,R,28.689655172413794,low,0.014940144761076635
677587,0.010414900153609852,-0.0060093880350707285,124.0,315.0,33.0,L,177.94988610478362,low,-0.02646739235162382
677588,-0.12199166666666664,-0.028459636029670443,48.0,120.0,12.0,L,68.57142857142857,low,-0.02646739235162382
677594,0.0005135561846689729,0.015614372730469006,164.0,448.0,300.0,R,240.10457516339866,medium,0.014940144761076635
677649,-0.07038201171435007,0.015228160171540661,92.0,193.0,183.0,R,124.60350877192982,medium,0.014940144761076635
677800,-0.11121135113904163,-0.047650785508664195,67.0,380.0,10.0,L,113.91498881431768,low,-0.02646739235162382
677870,0.07153548245131475,0.016602851566963395,61.0,149.0,0.0,R,86.56190476190476,low,0.014940144761076635
677941,-0.09704487179487178,0.010527362327245493,12.0,26.0,11.0,R,16.42105263157895,low,0.014940144761076635
677942,0.11324072527734702,0.016602851566963395,83.0,101.0,0.0,R,91.11956521739131,low,0.014940144761076635
677950,-0.08480675324675324,-0.036739396311747996,25.0,77.0,176.0,L,37.74509803921569,medium,-0.02646739235162382
677951,-0.0635114846786814,0.017112228747594715,142.0,558.0,294.0,R,226.38857142857142,medium,0.014940144761076635
677956,-0.358241935483871,0.016602851566963395,20.0,31.0,0.0,R,24.313725490196077,low,0.014940144761076635
678009,-0.0043125868296748915,-0.037076737204753574,61.0,236.0,29.0,L,96.94276094276094,low,-0.02646739235162382
678246,0.026603148425787093,0.010854359599336116,92.0,145.0,116.0,R,112.57383966244726,medium,0.014940144761076635
678554,0.20245703703703707,0.013062924895071437,50.0,81.0,35.0,R,61.83206106870228,low,0.014940144761076635
678662,-0.0016767603724125446,0.011296841816257674,207.0,481.0,188.0,R,289.4389534883721,medium,0.014940144761076635
678877,0.09988888888888886,0.016602851566963395,63.0,135.0,0.0,R,85.9090909090909,low,0.014940144761076635
678882,-0.03374564593301438,0.009059850294496685,150.0,418.0,27.0,R,220.77464788732394,low,0.014940144761076635
679032,-0.047030320542456455,0.014746622590690872,103.0,252.0,62.0,R,146.23098591549297,low,0.014940144761076635
679529,0.05448075215259274,0.016599029250863206,89.0,291.0,267.0,R,136.31052631578947,medium,0.014940144761076635
679822,0.012547008547008534,0.016602851566963395,18.0,26.0,0.0,R,21.272727272727273,low,0.014940144761076635
679845,0.04327477183833117,0.018057532060635484,52.0,118.0,24.0,R,72.18823529411765,low,0.014940144761076635
680118,0.15404229033024466,0.008301124176513519,69.0,61.0,45.0,R,64.75384615384615,low,0.014940144761076635
680474,-0.04537756202804746,0.016602851566963395,103.0,351.0,0.0,R,159.26431718061676,low,0.014940144761076635
680700,0.0038293296728437176,-0.025657081723018116,31.0,282.0,25.0,L,55.8594249201278,low,-0.02646739235162382
680716,-0.07637499999999997,0.012605373286551591,15.0,24.0,3.0,R,18.46153846153846,low,0.014940144761076635
680718,-0.08989911836970657,-0.03661219067961502,37.0,187.0,0.0,L,61.77678571428571,low,-0.02646739235162382
680728,0.06224637681159423,-0.03661219067961502,18.0,69.0,0.0,L,28.55172413793104,low,-0.02646739235162382
680757,0.028412225183211237,-0.023705929602680087,158.0,380.0,362.0,L,223.19702602230484,medium,-0.02646739235162382
680776,-0.08806931447979488,-0.03702242870289851,229.0,504.0,119.0,L,314.91405184174624,medium,-0.02646739235162382
680777,0.04496510989614211,0.01413401890777266,141.0,323.0,284.0,R,196.3060344827586,medium,0.014940144761076635
680779,0.1685308829101933,0.017128766418266494,29.0,91.0,83.0,R,43.983333333333334,low,0.014940144761076635
680869,-0.07024633890214799,0.00984992969192422,125.0,419.0,79.0,R,192.5551470588235,low,0.014940144761076635
680977,-0.0538046414261919,-0.03490598943100737,194.0,458.0,139.0,L,272.55214723926383,medium,-0.02646739235162382
681082,-0.02793197278911569,-0.03285838171510019,129.0,441.0,277.0,L,199.61052631578949,medium,-0.02646739235162382
681146,-0.0852111228564717,0.015238790232648791,99.0,172.0,105.0,R,125.6678966789668,low,0.014940144761076635
681297,-0.05802237221798395,-0.0366639595470557,146.0,413.0,9.0,L,215.73524150268335,low,-0.02646739235162382
681351,-0.05309687980663591,0.016491881013158738,111.0,410.0,51.0,R,174.7024952015355,low,0.014940144761076635
681393,-0.03913595056343144,0.016602851566963395,63.0,131.0,0.0,R,85.08247422680414,low,0.014940144761076635
681460,0.003133333333333349,-0.004314337628744391,30.0,90.0,0.0,L,45.0,low,-0.02646739235162382
681481,-0.22459683599060684,-0.034061434085704,31.0,261.0,102.0,L,55.417808219178085,low,-0.02646739235162382
681546,-0.06382395260262377,-0.03471079430670532,17.0,139.0,156.0,L,30.294871794871796,medium,-0.02646739235162382
681584,0.012632352941176483,0.016549180766520677,20.0,17.0,135.0,R,18.37837837837838,medium,0.014940144761076635
681624,0.11117048517520223,0.016602851566963395,106.0,336.0,0.0,R,161.15837104072398,low,0.014940144761076635
681807,0.12128899930986892,0.01129686151677839,161.0,225.0,51.0,R,187.69430051813472,low,0.014940144761076635
682073,-0.07449641319942613,0.01389537186177886,41.0,17.0,50.0,R,24.034482758620687,low,0.014940144761076635
682177,0.15817942942942942,-0.03661219067961502,36.0,185.0,0.0,L,60.27149321266968,low,-0.02646739235162382
682617,0.10226714285714286,0.01956399988105284,25.0,56.0,16.0,R,34.5679012345679,low,0.014940144761076635
682622,0.02725877044557251,0.0201789476056094,45.0,197.0,35.0,R,73.26446280991736,low,0.014940144761076635
682626,0.05417889305816137,0.016129808722948058,82.0,260.0,152.0,R,124.6783625730994,medium,0.014940144761076635
682641,0.014277142857142794,0.01395398409844728,50.0,105.0,98.0,R,67.74193548387096,low,0.014940144761076635
682657,0.05550219941348972,-0.004314337628744391,44.0,124.0,0.0,L,64.95238095238095,low,-0.02646739235162382
682668,0.2107708333333334,0.016602851566963395,16.0,24.0,0.0,R,19.200000000000003,low,0.014940144761076635
682729,-0.062073308270676725,-0.004314337628744391,28.0,38.0,0.0,L,32.24242424242424,low,-0.02646739235162382
682829,-0.07728435473648282,-0.027863011017939976,215.0,477.0,121.0,L,296.4017341040462,medium,-0.02646739235162382
682868,-0.0564711751662971,0.016602851566963395,41.0,66.0,0.0,R,50.57943925233645,low,0.014940144761076635
682928,0.0400400363258952,-0.036897773672934786,188.0,410.0,259.0,L,257.7926421404683,medium,-0.02646739235162382
682985,-0.07623691319717807,-0.05095236451868229,151.0,429.0,212.0,L,223.37586206896552,medium,-0.02646739235162382
682988,-0.038500000000000034,0.016602851566963395,17.0,32.0,0.0,R,22.20408163265306,low,0.014940144761076635
682998,-0.025699070005109848,-0.03956350026089134,206.0,475.0,198.0,L,287.3715124816447,medium,-0.02646739235162382
683002,-0.03366666666666668,-0.0407248105479206,217.0,501.0,193.0,L,302.83286908078,medium,-0.02646739235162382
683011,0.0029905380611025545,0.01351531463470279,189.0,496.0,133.0,R,273.7051094890511,medium,0.014940144761076635
683021,0.055095799769850434,0.011024238507237605,44.0,79.0,52.0,R,56.520325203252035,low,0.014940144761076635
683083,0.05677751937984499,-0.004314337628744391,30.0,43.0,0.0,L,35.342465753424655,low,-0.02646739235162382
683146,-0.05667627401837927,-0.0445984169306512,36.0,133.0,104.0,L,56.662721893491124,low,-0.02646739235162382
683734,0.04152008916209787,0.018819870785248105,156.0,463.0,406.0,R,233.36995153473345,medium,0.014940144761076635
683737,-0.027952017167381937,-0.037483581476418615,100.0,466.0,15.0,L,164.6643109540636,low,-0.02646739235162382
686217,-0.0038084461867426977,-0.024921844565573892,92.0,427.0,43.0,L,151.38342967244702,low,-0.02646739235162382
686452,-0.13053202614379086,-0.010267626874016611,17.0,45.0,10.0,L,24.677419354838708,low,-0.02646739235162382
686469,-0.05095062905070524,-0.03645135054280402,122.0,430.0,137.0,L,190.07246376811594,medium,-0.02646739235162382
686527,-0.24955897009966777,-0.04061373425223541,14.0,172.0,27.0,L,25.89247311827957,low,-0.02646739235162382
686611,0.09166190476190478,0.016602851566963395,42.0,90.0,0.0,R,57.27272727272727,low,0.014940144761076635
686668,-0.018701528605147788,0.009444971635073074,164.0,434.0,131.0,R,238.0468227424749,medium,0.014940144761076635
686676,-0.009447082228116743,0.011065567462071157,104.0,290.0,34.0,R,153.0964467005076,low,0.014940144761076635
686681,-0.003962532439446387,-0.03480879485967314,64.0,289.0,127.0,L,104.79320113314446,medium,-0.02646739235162382
686765,-0.014076197957580527,-0.004314337628744391,19.0,67.0,0.0,L,29.6046511627907,low,-0.02646739235162382
686780,-0.015014543812104764,0.016602851566963395,82.0,135.0,0.0,R,102.02764976958525,low,0.014940144761076635
686797,0.010348502642395813,-0.004314337628744391,52.0,131.0,0.0,L,74.44808743169399,low,-0.02646739235162382
686823,-0.1618548824593128,-0.03497450805283997,35.0,316.0,92.0,L,63.01994301994302,low,-0.02646739235162382
686894,0.16537777777777776,0.017897851089556327,18.0,10.0,121.0,R,12.857142857142858,medium,0.014940144761076635
687093,0.0914861111111111,0.017670865782897394,24.0,90.0,82.0,R,37.89473684210526,low,0.014940144761076635
687231,0.09095534213685474,0.016602851566963395,49.0,85.0,0.0,R,62.164179104477626,low,0.014940144761076635
687263,0.12955069456972762,0.017290479221872657,115.0,482.0,67.0,R,185.69514237855947,low,0.014940144761076635
687363,0.012038558786346382,-0.03661219067961502,42.0,113.0,0.0,L,61.23870967741936,low,-0.02646739235162382
687401,0.02643162329982257,0.0175793599260885,152.0,356.0,13.0,R,213.03937007874018,low,0.014940144761076635
687462,-0.13336718037948467,-0.03075119398881271,81.0,298.0,6.0,L,127.37730870712403,low,-0.02646739235162382
687529,-0.06476923076923077,-0.03661219067961502,26.0,104.0,0.0,L,41.599999999999994,low,-0.02646739235162382
687597,-0.028614346590909084,0.016602851566963395,55.0,128.0,0.0,R,76.93989071038251,low,0.014940144761076635
687952,-0.05475479876160988,0.006423554922916408,38.0,85.0,60.0,R,52.520325203252035,low,0.014940144761076635
689172,0.1063316732267652,-0.03499012492431139,59.0,211.0,24.0,L,92.21481481481482,low,-0.02646739235162382
690291,0.031321138211382105,-0.03661219067961502,12.0,82.0,0.0,L,20.93617021276596,low,-0.02646739235162382
690993,0.021946547015216533,-0.03661219067961502,88.0,466.0,0.0,L,148.043321299639,low,-0.02646739235162382
691011,-0.01749365079365081,-0.004314337628744391,18.0,35.0,0.0,L,23.77358490566038,low,-0.02646739235162382
691016,0.016594736842105273,-0.03891633911949799,22.0,190.0,20.0,L,39.43396226415094,low,-0.02646739235162382
691023,0.05481733021077284,0.019026082463503624,56.0,122.0,119.0,R,76.76404494382022,medium,0.014940144761076635
691026,0.04682508277951292,0.0135926645008001,194.0,439.0,37.0,R,269.086887835703,low,0.014940144761076635
691176,-0.08938537549407113,-0.0102349252638958,23.0,44.0,7.0,L,30.208955223880594,low,-0.02646739235162382
691406,0.044533533533533565,0.01910177728872453,27.0,148.0,12.0,R,45.66857142857143,low,0.014940144761076635
691594,-0.05615000000000003,0.016602851566963395,20.0,16.0,0.0,R,17.77777777777778,low,0.014940144761076635
691718,-0.04138770937800068,-0.03557273057406121,91.0,309.0,4.0,L,140.595,low,-0.02646739235162382
691723,0.11883164300202842,0.016602851566963395,17.0,29.0,0.0,R,21.434782608695652,low,0.014940144761076635
693304,0.0596866050973654,0.012969546147433009,97.0,288.0,43.0,R,145.12207792207792,low,0.014940144761076635
693307,-0.0950406451612903,0.016602851566963395,25.0,62.0,0.0,R,35.632183908045974,low,0.014940144761076635
694175,0.0769181818181818,0.016602851566963395,10.0,11.0,0.0,R,10.476190476190476,low,0.014940144761076635
694192,-0.05213452842613597,0.016602851566963395,173.0,395.0,0.0,R,240.6161971830986,low,0.014940144761076635
694359,0.16934374999999996,-0.03661219067961502,10.0,96.0,0.0,L,18.11320754716981,low,-0.02646739235162382
694362,0.06256060606060604,0.016602851566963395,18.0,11.0,0.0,R,13.655172413793103,low,0.014940144761076635
694376,-0.1585401785714286,0.016602851566963395,14.0,32.0,0.0,R,19.47826086956522,low,0.014940144761076635
694384,-0.0076658087323245305,-0.025157570472605306,139.0,464.0,29.0,L,213.91708126036482,low,-0.02646739235162382
694388,-0.034061516587677754,-0.03661219067961502,50.0,211.0,0.0,L,80.84291187739463,low,-0.02646739235162382
694497,-0.16860850401866737,-0.042719630709506295,29.0,133.0,11.0,L,47.617283950617285,low,-0.02646739235162382
694671,0.06767037007110538,0.016602851566963395,112.0,442.0,0.0,R,178.71480144404333,low,0.014940144761076635
695238,-0.13005539772727276,-0.03661219067961502,22.0,64.0,0.0,L,32.74418604651163,low,-0.02646739235162382
695257,0.27905641025641015,0.016602851566963395,10.0,39.0,0.0,R,15.918367346938776,low,0.014940144761076635
695336,0.11000000000000001,0.016602851566963395,15.0,37.0,0.0,R,21.346153846153847,low,0.014940144761076635
695391,-0.02682485128883011,0.016602851566963395,34.0,89.0,0.0,R,49.203252032520325,low,0.014940144761076635
695578,-0.07676857142857141,-0.03661219067961502,125.0,210.0,0.0,L,156.71641791044775,low,-0.02646739235162382
696100,0.04260210803689063,0.017354804138540347,92.0,132.0,13.0,R,108.42857142857143,low,0.014940144761076635
696285,0.02703814563400858,0.015208247926535301,159.0,353.0,28.0,R,219.24609375,low,0.014940144761076635
700242,0.07658697318007662,-0.03661219067961502,29.0,90.0,0.0,L,43.865546218487395,low,-0.02646739235162382
700250,-0.050362907268170415,-0.03661219067961502,45.0,133.0,0.0,L,67.24719101123596,low,-0.02646739235162382
700932,-0.06262647058823526,-0.03661219067961502,20.0,136.0,0.0,L,34.87179487179487,low,-0.02646739235162382
701305,-0.198223044397463,0.016602851566963395,22.0,43.0,0.0,R,29.107692307692307,low,0.014940144761076635
701538,-0.09711787749287748,-0.03661219067961502,156.0,432.0,0.0,L,229.22448979591837,low,-0.02646739235162382
702358,-0.14373412935323385,0.016602851566963395,75.0,134.0,0.0,R,96.17224880382776,low,0.014940144761076635
702616,-0.0640840042941492,-0.03661219067961502,46.0,162.0,0.0,L,71.65384615384616,low,-0.02646739235162382
805779,0.08058863636363639,0.016602851566963395,22.0,80.0,0.0,R,34.509803921568626,low,0.014940144761076635
807799,-0.10776733522660037,-0.039430460525149924,108.0,313.0,144.0,L,160.58907363420428,medium,-0.02646739235162382
808982,-0.07390023291925463,-0.03661219067961502,46.0,112.0,0.0,L,65.21518987341773,low,-0.02646739235162382
